student_id,branch,semester,cgpa,web_technologies_score,dbms_score,dsa_score,iot_embedded_score,ml_math_score,cloud_computing_score,operating_systems_score,interests,skills,projects_completed,certifications_count,target_tech_stack
SKIT/2023/CSE/0693,CSE,5,7.54,89.6,84.8,86.7,70.0,76.5,74.9,68.3,"mobile_dev,web_development","[{""name"": ""flutter"", ""level"": ""advanced""}, {""name"": ""java"", ""level"": ""intermediate""}, {""name"": ""javascript"", ""level"": ""intermediate""}, {""name"": ""git"", ""level"": ""intermediate""}, {""name"": ""typescript"", ""level"": ""beginner""}, {""name"": ""react"", ""level"": ""intermediate""}]",2,0,MOBILE_APP_DEV
SKIT/2023/CSE/0319,CSE (IoT),5,7.25,70.7,70.5,65.5,99.0,75.4,66.9,75.4,iot_embedded,"[{""name"": ""cpp"", ""level"": ""advanced""}, {""name"": ""esp32"", ""level"": ""intermediate""}, {""name"": ""arduino"", ""level"": ""advanced""}, {""name"": ""mqtt"", ""level"": ""intermediate""}, {""name"": ""c"", ""level"": ""intermediate""}, {""name"": ""python"", ""level"": ""beginner""}, {""name"": ""linux"", ""level"": ""beginner""}, {""name"": ""raspberry_pi"", ""level"": ""intermediate""}]",6,2,IOT_EMBEDDED_SYSTEMS
SKIT/2023/CSE/0190,CSE (IoT),7,6.93,61.1,75.6,75.6,66.0,82.1,64.7,61.2,"ai_ml,cloud_devops","[{""name"": ""python"", ""level"": ""advanced""}, {""name"": ""scikit_learn"", ""level"": ""intermediate""}, {""name"": ""pytorch"", ""level"": ""intermediate""}, {""name"": ""sql"", ""level"": ""intermediate""}, {""name"": ""fastapi"", ""level"": ""beginner""}, {""name"": ""git"", ""level"": ""beginner""}]",3,1,AI_ML_ENGINEERING
SKIT/2023/CSE/0231,Information Technology,5,7.93,64.7,87.1,86.4,77.8,99.0,64.9,83.9,"ai_ml,cloud_devops","[{""name"": ""python"", ""level"": ""advanced""}, {""name"": ""scikit_learn"", ""level"": ""intermediate""}, {""name"": ""pytorch"", ""level"": ""intermediate""}, {""name"": ""sql"", ""level"": ""intermediate""}, {""name"": ""tensorflow"", ""level"": ""beginner""}, {""name"": ""git"", ""level"": ""intermediate""}, {""name"": ""docker"", ""level"": ""beginner""}]",2,1,AI_ML_ENGINEERING
SKIT/2023/CSE/0463,CSE (AI/ML),5,7.99,74.2,90.4,85.7,69.7,78.5,99.0,93.3,"cloud_devops,cybersecurity","[{""name"": ""docker"", ""level"": ""advanced""}, {""name"": ""linux"", ""level"": ""advanced""}, {""name"": ""aws"", ""level"": ""intermediate""}, {""name"": ""kubernetes"", ""level"": ""intermediate""}, {""name"": ""git"", ""level"": ""advanced""}, {""name"": ""python"", ""level"": ""beginner""}, {""name"": ""nodejs"", ""level"": ""beginner""}]",4,0,CLOUD_DEVOPS
SKIT/2023/CSE/0744,Information Technology,5,8.08,73.8,93.4,79.8,63.5,84.3,81.1,84.1,"data_analytics,ai_ml","[{""name"": ""python"", ""level"": ""advanced""}, {""name"": ""sql"", ""level"": ""advanced""}, {""name"": ""postgresql"", ""level"": ""intermediate""}, {""name"": ""scikit_learn"", ""level"": ""beginner""}, {""name"": ""git"", ""level"": ""intermediate""}]",3,1,DATA_ANALYTICS
SKIT/2023/CSE/0938,CSE,5,7.2,71.1,62.6,75.0,62.1,65.1,87.1,90.2,"cybersecurity,cloud_devops,web_development","[{""name"": ""linux"", ""level"": ""advanced""}, {""name"": ""python"", ""level"": ""intermediate""}, {""name"": ""cpp"", ""level"": ""intermediate""}, {""name"": ""git"", ""level"": ""intermediate""}, {""name"": ""aws"", ""level"": ""beginner""}]",4,3,CYBERSECURITY
SKIT/2023/CSE/0523,CSE,7,7.54,75.4,69.3,75.4,72.9,66.7,86.5,88.3,"cloud_devops,web_development","[{""name"": ""docker"", ""level"": ""advanced""}, {""name"": ""linux"", ""level"": ""advanced""}, {""name"": ""kubernetes"", ""level"": ""intermediate""}, {""name"": ""git"", ""level"": ""advanced""}, {""name"": ""nodejs"", ""level"": ""beginner""}]",3,3,CLOUD_DEVOPS
SKIT/2023/CSE/0039,CSE,6,8.32,98.6,99.0,90.6,78.4,74.3,71.0,80.0,"web_development,mobile_dev","[{""name"": ""javascript"", ""level"": ""advanced""}, {""name"": ""react"", ""level"": ""intermediate""}, {""name"": ""html_css"", ""level"": ""advanced""}, {""name"": ""nodejs"", ""level"": ""intermediate""}, {""name"": ""mongodb"", ""level"": ""intermediate""}, {""name"": ""typescript"", ""level"": ""beginner""}, {""name"": ""git"", ""level"": ""intermediate""}, {""name"": ""docker"", ""level"": ""intermediate""}]",2,1,MERN_FULL_STACK
SKIT/2023/CSE/0367,CSE (IoT),5,8.05,75.0,80.0,76.4,99.0,68.4,75.3,90.7,"iot_embedded,cybersecurity","[{""name"": ""cpp"", ""level"": ""advanced""}, {""name"": ""esp32"", ""level"": ""intermediate""}, {""name"": ""mqtt"", ""level"": ""intermediate""}, {""name"": ""python"", ""level"": ""beginner""}, {""name"": ""influxdb"", ""level"": ""intermediate""}, {""name"": ""raspberry_pi"", ""level"": ""beginner""}]",3,3,IOT_EMBEDDED_SYSTEMS
SKIT/2023/CSE/0764,CSE (IoT),6,7.7,75.7,92.2,82.4,71.1,87.4,75.5,80.6,"data_analytics,web_development","[{""name"": ""python"", ""level"": ""advanced""}, {""name"": ""sql"", ""level"": ""advanced""}, {""name"": ""postgresql"", ""level"": ""intermediate""}, {""name"": ""mysql"", ""level"": ""intermediate""}, {""name"": ""git"", ""level"": ""beginner""}, {""name"": ""mongodb"", ""level"": ""intermediate""}]",1,0,DATA_ANALYTICS
SKIT/2023/CSE/0855,CSE,5,9.57,92.6,99.0,91.3,89.8,99.0,89.0,82.6,"data_analytics,ai_ml","[{""name"": ""python"", ""level"": ""advanced""}, {""name"": ""sql"", ""level"": ""advanced""}, {""name"": ""postgresql"", ""level"": ""intermediate""}, {""name"": ""mysql"", ""level"": ""intermediate""}, {""name"": ""git"", ""level"": ""intermediate""}]",3,1,DATA_ANALYTICS
SKIT/2023/CSE/0820,CSE (IoT),6,8.95,89.6,99.0,93.4,82.3,94.9,89.8,79.0,"data_analytics,web_development","[{""name"": ""python"", ""level"": ""advanced""}, {""name"": ""sql"", ""level"": ""advanced""}, {""name"": ""mysql"", ""level"": ""intermediate""}]",0,1,DATA_ANALYTICS
SKIT/2023/CSE/0782,Information Technology,6,7.36,70.7,84.6,79.6,67.7,89.2,73.8,67.5,"data_analytics,ai_ml","[{""name"": ""python"", ""level"": ""advanced""}, {""name"": ""postgresql"", ""level"": ""intermediate""}, {""name"": ""mongodb"", ""level"": ""intermediate""}]",0,1,DATA_ANALYTICS
SKIT/2023/CSE/0302,CSE (AI/ML),5,8.01,69.5,72.8,73.8,99.0,74.6,76.0,92.7,"iot_embedded,cybersecurity","[{""name"": ""cpp"", ""level"": ""advanced""}, {""name"": ""arduino"", ""level"": ""advanced""}, {""name"": ""mqtt"", ""level"": ""intermediate""}, {""name"": ""c"", ""level"": ""intermediate""}, {""name"": ""influxdb"", ""level"": ""intermediate""}]",1,1,IOT_EMBEDDED_SYSTEMS
SKIT/2023/CSE/0715,CSE,5,6.92,78.6,71.6,75.9,69.4,58.1,68.6,69.2,"mobile_dev,cloud_devops","[{""name"": ""flutter"", ""level"": ""advanced""}, {""name"": ""java"", ""level"": ""intermediate""}, {""name"": ""git"", ""level"": ""intermediate""}, {""name"": ""react"", ""level"": ""beginner""}]",1,1,MOBILE_APP_DEV
SKIT/2023/CSE/0760,Information Technology,5,7.44,73.1,87.4,79.6,68.9,86.5,69.8,67.2,"data_analytics,ai_ml","[{""name"": ""python"", ""level"": ""advanced""}, {""name"": ""sql"", ""level"": ""advanced""}, {""name"": ""mysql"", ""level"": ""intermediate""}, {""name"": ""mongodb"", ""level"": ""beginner""}]",4,2,DATA_ANALYTICS
SKIT/2023/CSE/0364,CSE (IoT),7,9.02,83.9,80.0,94.4,99.0,79.4,95.6,99.0,iot_embedded,"[{""name"": ""cpp"", ""level"": ""advanced""}, {""name"": ""esp32"", ""level"": ""intermediate""}, {""name"": ""arduino"", ""level"": ""advanced""}, {""name"": ""mqtt"", ""level"": ""intermediate""}, {""name"": ""python"", ""level"": ""intermediate""}, {""name"": ""influxdb"", ""level"": ""beginner""}, {""name"": ""linux"", ""level"": ""intermediate""}, {""name"": ""raspberry_pi"", ""level"": ""intermediate""}]",3,2,IOT_EMBEDDED_SYSTEMS
SKIT/2023/CSE/0250,CSE (AI/ML),6,7.19,73.3,76.8,75.8,70.0,87.9,59.6,70.0,"ai_ml,cloud_devops","[{""name"": ""python"", ""level"": ""advanced""}, {""name"": ""scikit_learn"", ""level"": ""intermediate""}, {""name"": ""pytorch"", ""level"": ""intermediate""}, {""name"": ""fastapi"", ""level"": ""intermediate""}, {""name"": ""docker"", ""level"": ""intermediate""}]",3,1,AI_ML_ENGINEERING
SKIT/2023/CSE/0174,CSE,5,7.64,79.4,69.5,90.2,65.4,91.2,70.4,75.5,"ai_ml,cloud_devops,mobile_dev","[{""name"": ""python"", ""level"": ""advanced""}, {""name"": ""scikit_learn"", ""level"": ""intermediate""}, {""name"": ""pytorch"", ""level"": ""intermediate""}, {""name"": ""sql"", ""level"": ""intermediate""}, {""name"": ""tensorflow"", ""level"": ""beginner""}, {""name"": ""git"", ""level"": ""intermediate""}]",6,0,AI_ML_ENGINEERING
SKIT/2023/CSE/0143,CSE,6,7.4,77.3,79.2,66.0,72.6,64.1,65.9,67.0,"web_development,cloud_devops","[{""name"": ""javascript"", ""level"": ""advanced""}, {""name"": ""react"", ""level"": ""intermediate""}, {""name"": ""html_css"", ""level"": ""advanced""}, {""name"": ""nodejs"", ""level"": ""intermediate""}, {""name"": ""mongodb"", ""level"": ""intermediate""}, {""name"": ""typescript"", ""level"": ""intermediate""}, {""name"": ""docker"", ""level"": ""beginner""}]",1,0,MERN_FULL_STACK
SKIT/2023/CSE/0921,CSE (IoT),6,7.13,65.8,70.7,79.9,64.9,60.2,96.2,87.1,"cybersecurity,iot_embedded","[{""name"": ""linux"", ""level"": ""advanced""}, {""name"": ""python"", ""level"": ""intermediate""}, {""name"": ""cpp"", ""level"": ""intermediate""}, {""name"": ""git"", ""level"": ""intermediate""}, {""name"": ""docker"", ""level"": ""beginner""}, {""name"": ""aws"", ""level"": ""intermediate""}]",1,1,CYBERSECURITY
SKIT/2023/CSE/0625,CSE (IoT),6,8.38,99.0,91.0,97.7,74.6,80.0,76.9,83.1,"mobile_dev,cloud_devops","[{""name"": ""flutter"", ""level"": ""advanced""}, {""name"": ""java"", ""level"": ""intermediate""}, {""name"": ""javascript"", ""level"": ""intermediate""}, {""name"": ""git"", ""level"": ""intermediate""}]",5,1,MOBILE_APP_DEV
SKIT/2023/CSE/0806,Information Technology,5,7.31,65.8,81.7,76.6,73.2,84.3,73.5,75.4,"data_analytics,web_development","[{""name"": ""python"", ""level"": ""advanced""}, {""name"": ""sql"", ""level"": ""advanced""}, {""name"": ""postgresql"", ""level"": ""intermediate""}, {""name"": ""scikit_learn"", ""level"": ""beginner""}, {""name"": ""git"", ""level"": ""intermediate""}]",2,1,DATA_ANALYTICS
SKIT/2023/CSE/0540,Information Technology,5,7.93,74.9,84.1,76.9,74.0,76.2,89.5,91.7,cloud_devops,"[{""name"": ""docker"", ""level"": ""advanced""}, {""name"": ""linux"", ""level"": ""advanced""}, {""name"": ""aws"", ""level"": ""intermediate""}, {""name"": ""kubernetes"", ""level"": ""intermediate""}, {""name"": ""git"", ""level"": ""advanced""}, {""name"": ""python"", ""level"": ""intermediate""}, {""name"": ""sql"", ""level"": ""beginner""}]",2,2,CLOUD_DEVOPS
SKIT/2023/CSE/0410,CSE (IoT),5,6.24,60.4,59.7,63.2,83.7,59.5,55.6,71.1,"iot_embedded,cloud_devops,ai_ml","[{""name"": ""cpp"", ""level"": ""advanced""}, {""name"": ""esp32"", ""level"": ""intermediate""}, {""name"": ""arduino"", ""level"": ""advanced""}, {""name"": ""mqtt"", ""level"": ""intermediate""}, {""name"": ""c"", ""level"": ""intermediate""}]",4,1,IOT_EMBEDDED_SYSTEMS
SKIT/2023/CSE/0559,CSE,6,8.31,82.0,85.7,74.1,76.4,75.4,99.0,86.7,"cloud_devops,web_development","[{""name"": ""docker"", ""level"": ""advanced""}, {""name"": ""linux"", ""level"": ""advanced""}, {""name"": ""aws"", ""level"": ""intermediate""}, {""name"": ""kubernetes"", ""level"": ""intermediate""}, {""name"": ""git"", ""level"": ""advanced""}, {""name"": ""python"", ""level"": ""beginner""}, {""name"": ""nodejs"", ""level"": ""beginner""}, {""name"": ""sql"", ""level"": ""beginner""}]",2,1,CLOUD_DEVOPS
SKIT/2023/CSE/0822,CSE (AI/ML),6,7.42,63.0,94.3,85.6,70.6,76.5,68.9,71.3,data_analytics,"[{""name"": ""python"", ""level"": ""advanced""}, {""name"": ""sql"", ""level"": ""advanced""}, {""name"": ""postgresql"", ""level"": ""intermediate""}, {""name"": ""mysql"", ""level"": ""intermediate""}]",0,0,DATA_ANALYTICS
SKIT/2023/CSE/0571,CSE (IoT),5,9.56,94.2,99.0,93.8,87.2,91.4,99.0,99.0,"cloud_devops,iot_embedded","[{""name"": ""docker"", ""level"": ""advanced""}, {""name"": ""linux"", ""level"": ""advanced""}, {""name"": ""aws"", ""level"": ""intermediate""}, {""name"": ""kubernetes"", ""level"": ""intermediate""}, {""name"": ""git"", ""level"": ""advanced""}, {""name"": ""python"", ""level"": ""intermediate""}, {""name"": ""nodejs"", ""level"": ""intermediate""}, {""name"": ""sql"", ""level"": ""intermediate""}]",1,1,CLOUD_DEVOPS
SKIT/2023/CSE/0657,Information Technology,6,7.18,84.2,67.2,77.2,62.7,69.2,71.0,69.6,"mobile_dev,iot_embedded","[{""name"": ""flutter"", ""level"": ""advanced""}, {""name"": ""java"", ""level"": ""intermediate""}, {""name"": ""javascript"", ""level"": ""intermediate""}, {""name"": ""git"", ""level"": ""intermediate""}]",4,2,MOBILE_APP_DEV
SKIT/2023/CSE/0846,CSE (IoT),5,7.73,72.4,96.8,90.6,80.7,75.7,71.8,66.7,"data_analytics,ai_ml","[{""name"": ""python"", ""level"": ""advanced""}, {""name"": ""sql"", ""level"": ""advanced""}, {""name"": ""postgresql"", ""level"": ""intermediate""}, {""name"": ""mysql"", ""level"": ""intermediate""}, {""name"": ""git"", ""level"": ""intermediate""}, {""name"": ""mongodb"", ""level"": ""beginner""}]",4,0,DATA_ANALYTICS
SKIT/2023/CSE/0029,Information Technology,6,8.09,90.7,89.5,90.5,76.3,78.9,80.3,74.9,"web_development,cloud_devops","[{""name"": ""javascript"", ""level"": ""advanced""}, {""name"": ""react"", ""level"": ""intermediate""}, {""name"": ""html_css"", ""level"": ""advanced""}, {""name"": ""nodejs"", ""level"": ""intermediate""}, {""name"": ""mongodb"", ""level"": ""intermediate""}, {""name"": ""typescript"", ""level"": ""intermediate""}, {""name"": ""express"", ""level"": ""beginner""}, {""name"": ""docker"", ""level"": ""beginner""}]",2,1,MERN_FULL_STACK
SKIT/2023/CSE/0228,CSE (IoT),5,7.9,70.9,85.1,87.4,77.7,90.2,71.7,71.7,"ai_ml,cloud_devops,mobile_dev","[{""name"": ""python"", ""level"": ""advanced""}, {""name"": ""scikit_learn"", ""level"": ""intermediate""}, {""name"": ""pytorch"", ""level"": ""intermediate""}, {""name"": ""sql"", ""level"": ""intermediate""}, {""name"": ""fastapi"", ""level"": ""intermediate""}, {""name"": ""git"", ""level"": ""intermediate""}, {""name"": ""linux"", ""level"": ""beginner""}]",2,0,AI_ML_ENGINEERING
SKIT/2023/CSE/0575,Information Technology,5,6.67,79.7,71.1,82.8,64.2,53.7,68.8,53.3,"mobile_dev,cloud_devops","[{""name"": ""flutter"", ""level"": ""advanced""}, {""name"": ""java"", ""level"": ""intermediate""}, {""name"": ""git"", ""level"": ""intermediate""}, {""name"": ""typescript"", ""level"": ""intermediate""}, {""name"": ""react"", ""level"": ""intermediate""}]",2,1,MOBILE_APP_DEV
SKIT/2023/CSE/0196,Information Technology,7,8.23,72.0,90.6,92.7,74.4,98.4,81.6,77.2,"ai_ml,cloud_devops","[{""name"": ""python"", ""level"": ""advanced""}, {""name"": ""scikit_learn"", ""level"": ""intermediate""}, {""name"": ""pytorch"", ""level"": ""intermediate""}, {""name"": ""sql"", ""level"": ""intermediate""}, {""name"": ""git"", ""level"": ""intermediate""}, {""name"": ""linux"", ""level"": ""beginner""}, {""name"": ""docker"", ""level"": ""intermediate""}]",3,3,AI_ML_ENGINEERING
SKIT/2023/CSE/0690,CSE (AI/ML),7,7.64,87.7,79.6,82.9,74.3,85.1,71.0,73.2,"mobile_dev,cloud_devops","[{""name"": ""flutter"", ""level"": ""advanced""}, {""name"": ""java"", ""level"": ""intermediate""}, {""name"": ""javascript"", ""level"": ""intermediate""}, {""name"": ""git"", ""level"": ""intermediate""}, {""name"": ""typescript"", ""level"": ""intermediate""}, {""name"": ""react"", ""level"": ""intermediate""}, {""name"": ""sql"", ""level"": ""intermediate""}]",2,1,MOBILE_APP_DEV
SKIT/2023/CSE/0216,CSE (AI/ML),6,8.43,80.9,87.1,92.9,72.8,99.0,85.7,82.9,"ai_ml,cloud_devops","[{""name"": ""python"", ""level"": ""advanced""}, {""name"": ""scikit_learn"", ""level"": ""intermediate""}, {""name"": ""sql"", ""level"": ""intermediate""}, {""name"": ""fastapi"", ""level"": ""intermediate""}, {""name"": ""git"", ""level"": ""beginner""}, {""name"": ""docker"", ""level"": ""beginner""}]",2,2,AI_ML_ENGINEERING
SKIT/2023/CSE/0807,Information Technology,7,7.99,74.2,93.7,78.4,80.9,92.2,80.5,74.4,"data_analytics,web_development","[{""name"": ""python"", ""level"": ""advanced""}, {""name"": ""sql"", ""level"": ""advanced""}, {""name"": ""postgresql"", ""level"": ""intermediate""}, {""name"": ""mysql"", ""level"": ""intermediate""}, {""name"": ""git"", ""level"": ""intermediate""}]",1,0,DATA_ANALYTICS
SKIT/2023/CSE/0585,CSE,7,8.42,89.8,83.7,90.8,83.5,76.8,79.4,80.1,"mobile_dev,web_development","[{""name"": ""flutter"", ""level"": ""advanced""}, {""name"": ""java"", ""level"": ""intermediate""}, {""name"": ""javascript"", ""level"": ""intermediate""}, {""name"": ""git"", ""level"": ""intermediate""}, {""name"": ""typescript"", ""level"": ""intermediate""}, {""name"": ""react"", ""level"": ""beginner""}]",2,3,MOBILE_APP_DEV
SKIT/2023/CSE/0950,Information Technology,7,7.78,75.6,83.3,84.4,76.9,69.0,89.7,91.3,cybersecurity,"[{""name"": ""linux"", ""level"": ""advanced""}, {""name"": ""cpp"", ""level"": ""intermediate""}, {""name"": ""git"", ""level"": ""intermediate""}]",1,0,CYBERSECURITY
SKIT/2023/CSE/0246,Information Technology,6,7.94,81.7,82.2,91.2,79.1,94.3,78.7,73.0,"ai_ml,data_analytics","[{""name"": ""python"", ""level"": ""advanced""}, {""name"": ""scikit_learn"", ""level"": ""intermediate""}, {""name"": ""pytorch"", ""level"": ""intermediate""}, {""name"": ""sql"", ""level"": ""intermediate""}, {""name"": ""tensorflow"", ""level"": ""beginner""}, {""name"": ""fastapi"", ""level"": ""beginner""}, {""name"": ""docker"", ""level"": ""beginner""}]",2,1,AI_ML_ENGINEERING
SKIT/2023/CSE/0157,Information Technology,7,8.75,84.2,90.9,94.6,85.7,99.0,85.9,83.6,"ai_ml,cloud_devops","[{""name"": ""python"", ""level"": ""advanced""}, {""name"": ""scikit_learn"", ""level"": ""intermediate""}, {""name"": ""pytorch"", ""level"": ""intermediate""}, {""name"": ""sql"", ""level"": ""intermediate""}, {""name"": ""fastapi"", ""level"": ""beginner""}, {""name"": ""git"", ""level"": ""beginner""}, {""name"": ""linux"", ""level"": ""beginner""}, {""name"": ""docker"", ""level"": ""beginner""}]",1,3,AI_ML_ENGINEERING
SKIT/2023/CSE/0536,CSE (IoT),5,6.39,63.0,66.7,56.9,56.9,58.7,84.6,70.1,cloud_devops,"[{""name"": ""docker"", ""level"": ""advanced""}, {""name"": ""linux"", ""level"": ""advanced""}, {""name"": ""aws"", ""level"": ""intermediate""}, {""name"": ""git"", ""level"": ""advanced""}, {""name"": ""python"", ""level"": ""intermediate""}, {""name"": ""sql"", ""level"": ""intermediate""}]",0,2,CLOUD_DEVOPS
SKIT/2023/CSE/0859,CSE,7,8.53,89.8,86.6,91.9,79.6,77.3,99.0,99.0,"cybersecurity,cloud_devops","[{""name"": ""linux"", ""level"": ""advanced""}, {""name"": ""python"", ""level"": ""intermediate""}, {""name"": ""cpp"", ""level"": ""intermediate""}, {""name"": ""git"", ""level"": ""intermediate""}]",2,0,CYBERSECURITY
SKIT/2023/CSE/0843,CSE (AI/ML),7,7.16,66.8,80.6,76.5,74.3,82.7,75.8,74.7,"data_analytics,web_development","[{""name"": ""python"", ""level"": ""advanced""}, {""name"": ""sql"", ""level"": ""advanced""}, {""name"": ""postgresql"", ""level"": ""intermediate""}, {""name"": ""mysql"", ""level"": ""intermediate""}, {""name"": ""scikit_learn"", ""level"": ""intermediate""}]",4,1,DATA_ANALYTICS
SKIT/2023/CSE/0608,CSE (IoT),7,6.64,68.6,60.9,75.2,62.9,60.5,70.1,69.7,"mobile_dev,cloud_devops","[{""name"": ""flutter"", ""level"": ""advanced""}, {""name"": ""java"", ""level"": ""intermediate""}, {""name"": ""javascript"", ""level"": ""intermediate""}, {""name"": ""git"", ""level"": ""intermediate""}, {""name"": ""typescript"", ""level"": ""beginner""}]",2,3,MOBILE_APP_DEV
SKIT/2023/CSE/0842,CSE (IoT),7,8.31,79.3,97.8,91.8,74.0,89.1,73.9,79.4,"data_analytics,web_development","[{""name"": ""python"", ""level"": ""advanced""}, {""name"": ""sql"", ""level"": ""advanced""}, {""name"": ""postgresql"", ""level"": ""intermediate""}, {""name"": ""mysql"", ""level"": ""intermediate""}, {""name"": ""git"", ""level"": ""beginner""}, {""name"": ""mongodb"", ""level"": ""beginner""}]",1,1,DATA_ANALYTICS
SKIT/2023/CSE/0647,CSE,6,5.5,63.6,54.5,66.5,44.1,52.7,50.2,59.8,"mobile_dev,cloud_devops","[{""name"": ""flutter"", ""level"": ""advanced""}, {""name"": ""java"", ""level"": ""intermediate""}, {""name"": ""javascript"", ""level"": ""intermediate""}, {""name"": ""git"", ""level"": ""intermediate""}, {""name"": ""sql"", ""level"": ""beginner""}]",4,1,MOBILE_APP_DEV
SKIT/2023/CSE/0971,CSE (AI/ML),5,6.47,63.2,72.5,70.5,60.4,65.0,76.0,88.5,"cybersecurity,iot_embedded","[{""name"": ""linux"", ""level"": ""advanced""}, {""name"": ""python"", ""level"": ""intermediate""}, {""name"": ""cpp"", ""level"": ""intermediate""}, {""name"": ""git"", ""level"": ""intermediate""}, {""name"": ""docker"", ""level"": ""intermediate""}, {""name"": ""c"", ""level"": ""beginner""}]",4,0,CYBERSECURITY
SKIT/2023/CSE/0070,CSE (IoT),6,7.33,88.8,79.6,81.6,82.3,67.0,67.2,74.9,"web_development,cloud_devops","[{""name"": ""javascript"", ""level"": ""advanced""}, {""name"": ""react"", ""level"": ""intermediate""}, {""name"": ""html_css"", ""level"": ""advanced""}, {""name"": ""nodejs"", ""level"": ""intermediate""}, {""name"": ""mongodb"", ""level"": ""intermediate""}, {""name"": ""git"", ""level"": ""beginner""}, {""name"": ""docker"", ""level"": ""intermediate""}]",4,4,MERN_FULL_STACK
SKIT/2023/CSE/0181,Information Technology,7,7.35,69.4,79.5,77.4,66.4,90.0,64.4,64.4,ai_ml,"[{""name"": ""python"", ""level"": ""advanced""}, {""name"": ""scikit_learn"", ""level"": ""intermediate""}, {""name"": ""pytorch"", ""level"": ""intermediate""}, {""name"": ""sql"", ""level"": ""intermediate""}, {""name"": ""fastapi"", ""level"": ""intermediate""}, {""name"": ""git"", ""level"": ""beginner""}, {""name"": ""linux"", ""level"": ""beginner""}, {""name"": ""docker"", ""level"": ""beginner""}]",1,2,AI_ML_ENGINEERING
SKIT/2023/CSE/0745,CSE (IoT),7,7.88,69.8,97.0,86.1,72.5,82.1,81.7,75.0,data_analytics,"[{""name"": ""python"", ""level"": ""advanced""}, {""name"": ""sql"", ""level"": ""advanced""}, {""name"": ""postgresql"", ""level"": ""intermediate""}, {""name"": ""mysql"", ""level"": ""intermediate""}, {""name"": ""git"", ""level"": ""beginner""}]",4,1,DATA_ANALYTICS
SKIT/2023/CSE/0072,CSE,6,8.54,91.6,91.2,87.5,84.9,74.3,88.6,82.2,"web_development,cloud_devops","[{""name"": ""javascript"", ""level"": ""advanced""}, {""name"": ""react"", ""level"": ""intermediate""}, {""name"": ""html_css"", ""level"": ""advanced""}, {""name"": ""nodejs"", ""level"": ""intermediate""}, {""name"": ""mongodb"", ""level"": ""intermediate""}, {""name"": ""typescript"", ""level"": ""beginner""}, {""name"": ""git"", ""level"": ""beginner""}]",1,2,MERN_FULL_STACK
SKIT/2023/CSE/0808,CSE (IoT),7,6.69,72.8,90.4,74.5,74.3,81.4,62.7,65.4,"data_analytics,iot_embedded","[{""name"": ""python"", ""level"": ""advanced""}, {""name"": ""sql"", ""level"": ""advanced""}, {""name"": ""mysql"", ""level"": ""intermediate""}, {""name"": ""mongodb"", ""level"": ""beginner""}]",3,1,DATA_ANALYTICS
SKIT/2023/CSE/0401,CSE (IoT),7,5.93,51.6,58.6,51.2,75.8,62.1,66.6,69.8,"iot_embedded,cybersecurity,ai_ml","[{""name"": ""cpp"", ""level"": ""advanced""}, {""name"": ""esp32"", ""level"": ""intermediate""}, {""name"": ""arduino"", ""level"": ""advanced""}, {""name"": ""mqtt"", ""level"": ""intermediate""}, {""name"": ""c"", ""level"": ""intermediate""}, {""name"": ""raspberry_pi"", ""level"": ""intermediate""}]",1,3,IOT_EMBEDDED_SYSTEMS
SKIT/2023/CSE/0312,CSE (IoT),6,6.42,60.0,62.5,67.9,73.8,56.5,60.7,75.7,"iot_embedded,cloud_devops","[{""name"": ""cpp"", ""level"": ""advanced""}, {""name"": ""esp32"", ""level"": ""intermediate""}, {""name"": ""arduino"", ""level"": ""advanced""}, {""name"": ""mqtt"", ""level"": ""intermediate""}, {""name"": ""c"", ""level"": ""intermediate""}, {""name"": ""python"", ""level"": ""beginner""}, {""name"": ""influxdb"", ""level"": ""intermediate""}, {""name"": ""linux"", ""level"": ""beginner""}]",4,1,IOT_EMBEDDED_SYSTEMS
SKIT/2023/CSE/0057,Information Technology,7,7.99,93.4,83.2,83.9,75.7,81.4,76.5,76.7,"web_development,cloud_devops","[{""name"": ""javascript"", ""level"": ""advanced""}, {""name"": ""react"", ""level"": ""intermediate""}, {""name"": ""html_css"", ""level"": ""advanced""}, {""name"": ""nodejs"", ""level"": ""intermediate""}, {""name"": ""git"", ""level"": ""beginner""}]",1,0,MERN_FULL_STACK
SKIT/2023/CSE/0942,Information Technology,5,7.86,70.9,69.3,83.5,78.0,70.1,85.6,99.0,"cybersecurity,cloud_devops","[{""name"": ""linux"", ""level"": ""advanced""}, {""name"": ""python"", ""level"": ""intermediate""}, {""name"": ""cpp"", ""level"": ""intermediate""}, {""name"": ""git"", ""level"": ""intermediate""}, {""name"": ""c"", ""level"": ""intermediate""}, {""name"": ""aws"", ""level"": ""intermediate""}]",1,0,CYBERSECURITY
SKIT/2023/CSE/0013,CSE (AI/ML),5,8.53,92.9,92.2,93.6,73.0,82.0,82.4,85.0,"web_development,cloud_devops","[{""name"": ""javascript"", ""level"": ""advanced""}, {""name"": ""react"", ""level"": ""intermediate""}, {""name"": ""html_css"", ""level"": ""advanced""}, {""name"": ""nodejs"", ""level"": ""intermediate""}, {""name"": ""mongodb"", ""level"": ""intermediate""}, {""name"": ""git"", ""level"": ""beginner""}]",3,3,MERN_FULL_STACK
SKIT/2023/CSE/0959,CSE (IoT),6,9.62,91.6,94.2,94.1,87.2,85.3,99.0,98.6,cybersecurity,"[{""name"": ""linux"", ""level"": ""advanced""}, {""name"": ""python"", ""level"": ""intermediate""}, {""name"": ""cpp"", ""level"": ""intermediate""}, {""name"": ""git"", ""level"": ""intermediate""}, {""name"": ""aws"", ""level"": ""intermediate""}]",2,0,CYBERSECURITY
SKIT/2023/CSE/0513,CSE,6,6.58,66.2,60.1,61.3,73.3,54.8,74.6,71.0,"cloud_devops,web_development","[{""name"": ""docker"", ""level"": ""advanced""}, {""name"": ""aws"", ""level"": ""intermediate""}, {""name"": ""kubernetes"", ""level"": ""intermediate""}, {""name"": ""git"", ""level"": ""advanced""}, {""name"": ""python"", ""level"": ""beginner""}, {""name"": ""nodejs"", ""level"": ""intermediate""}]",4,1,CLOUD_DEVOPS
SKIT/2023/CSE/0429,CSE (IoT),6,8.9,83.7,79.6,85.7,99.0,83.1,89.1,93.2,iot_embedded,"[{""name"": ""cpp"", ""level"": ""advanced""}, {""name"": ""esp32"", ""level"": ""intermediate""}, {""name"": ""arduino"", ""level"": ""advanced""}, {""name"": ""mqtt"", ""level"": ""intermediate""}, {""name"": ""c"", ""level"": ""intermediate""}, {""name"": ""python"", ""level"": ""beginner""}, {""name"": ""linux"", ""level"": ""intermediate""}, {""name"": ""raspberry_pi"", ""level"": ""intermediate""}]",4,0,IOT_EMBEDDED_SYSTEMS
SKIT/2023/CSE/0689,Information Technology,6,7.81,81.3,71.0,90.4,75.1,71.1,66.1,77.4,"mobile_dev,cloud_devops","[{""name"": ""flutter"", ""level"": ""advanced""}, {""name"": ""java"", ""level"": ""intermediate""}, {""name"": ""javascript"", ""level"": ""intermediate""}, {""name"": ""git"", ""level"": ""intermediate""}, {""name"": ""sql"", ""level"": ""beginner""}]",3,0,MOBILE_APP_DEV
SKIT/2023/CSE/0899,CSE (IoT),7,7.78,70.3,77.9,88.6,67.8,86.4,87.3,96.0,cybersecurity,"[{""name"": ""linux"", ""level"": ""advanced""}, {""name"": ""python"", ""level"": ""intermediate""}, {""name"": ""cpp"", ""level"": ""intermediate""}, {""name"": ""git"", ""level"": ""intermediate""}, {""name"": ""c"", ""level"": ""intermediate""}]",6,0,CYBERSECURITY
SKIT/2023/CSE/0881,Information Technology,6,8.01,79.1,81.6,89.9,73.7,80.2,88.6,99.0,cybersecurity,"[{""name"": ""linux"", ""level"": ""advanced""}, {""name"": ""cpp"", ""level"": ""intermediate""}, {""name"": ""git"", ""level"": ""intermediate""}, {""name"": ""docker"", ""level"": ""beginner""}, {""name"": ""c"", ""level"": ""intermediate""}, {""name"": ""aws"", ""level"": ""beginner""}]",2,1,CYBERSECURITY
SKIT/2023/CSE/0280,CSE (AI/ML),6,5.5,50.6,60.8,64.8,47.7,77.9,45.3,49.4,"ai_ml,cloud_devops","[{""name"": ""python"", ""level"": ""advanced""}, {""name"": ""scikit_learn"", ""level"": ""intermediate""}, {""name"": ""pytorch"", ""level"": ""intermediate""}, {""name"": ""sql"", ""level"": ""intermediate""}, {""name"": ""fastapi"", ""level"": ""intermediate""}, {""name"": ""git"", ""level"": ""beginner""}, {""name"": ""linux"", ""level"": ""beginner""}, {""name"": ""docker"", ""level"": ""beginner""}]",1,2,AI_ML_ENGINEERING
SKIT/2023/CSE/0305,CSE (IoT),6,6.55,54.2,56.1,69.0,79.8,64.8,62.4,64.4,iot_embedded,"[{""name"": ""cpp"", ""level"": ""advanced""}, {""name"": ""esp32"", ""level"": ""intermediate""}, {""name"": ""arduino"", ""level"": ""advanced""}, {""name"": ""mqtt"", ""level"": ""intermediate""}, {""name"": ""c"", ""level"": ""intermediate""}, {""name"": ""influxdb"", ""level"": ""beginner""}, {""name"": ""linux"", ""level"": ""beginner""}]",3,1,IOT_EMBEDDED_SYSTEMS
SKIT/2023/CSE/0120,CSE (IoT),6,8.8,98.4,98.4,93.1,69.8,87.6,81.5,79.2,web_development,"[{""name"": ""javascript"", ""level"": ""advanced""}, {""name"": ""react"", ""level"": ""intermediate""}, {""name"": ""html_css"", ""level"": ""advanced""}, {""name"": ""nodejs"", ""level"": ""intermediate""}, {""name"": ""mongodb"", ""level"": ""intermediate""}, {""name"": ""git"", ""level"": ""intermediate""}]",1,0,MERN_FULL_STACK
SKIT/2023/CSE/0298,CSE (IoT),5,9.06,84.2,88.6,89.6,99.0,95.2,77.8,96.6,"iot_embedded,cloud_devops","[{""name"": ""esp32"", ""level"": ""intermediate""}, {""name"": ""arduino"", ""level"": ""advanced""}, {""name"": ""mqtt"", ""level"": ""intermediate""}, {""name"": ""c"", ""level"": ""intermediate""}, {""name"": ""linux"", ""level"": ""intermediate""}, {""name"": ""raspberry_pi"", ""level"": ""intermediate""}]",3,3,IOT_EMBEDDED_SYSTEMS
SKIT/2023/CSE/0355,CSE (IoT),7,9.03,80.4,92.1,96.5,99.0,80.1,87.6,93.6,"iot_embedded,cloud_devops","[{""name"": ""esp32"", ""level"": ""intermediate""}, {""name"": ""arduino"", ""level"": ""advanced""}, {""name"": ""mqtt"", ""level"": ""intermediate""}, {""name"": ""c"", ""level"": ""intermediate""}, {""name"": ""python"", ""level"": ""intermediate""}, {""name"": ""influxdb"", ""level"": ""intermediate""}, {""name"": ""raspberry_pi"", ""level"": ""beginner""}]",0,3,IOT_EMBEDDED_SYSTEMS
SKIT/2023/CSE/0254,CSE (AI/ML),5,6.48,59.1,74.4,74.1,66.5,84.2,56.0,59.9,"ai_ml,cloud_devops","[{""name"": ""python"", ""level"": ""advanced""}, {""name"": ""scikit_learn"", ""level"": ""intermediate""}, {""name"": ""pytorch"", ""level"": ""intermediate""}, {""name"": ""sql"", ""level"": ""intermediate""}, {""name"": ""fastapi"", ""level"": ""intermediate""}, {""name"": ""git"", ""level"": ""intermediate""}]",3,0,AI_ML_ENGINEERING
SKIT/2023/CSE/0851,CSE (IoT),6,7.73,77.6,95.1,83.9,75.9,91.8,74.8,75.2,"data_analytics,ai_ml","[{""name"": ""python"", ""level"": ""advanced""}, {""name"": ""sql"", ""level"": ""advanced""}, {""name"": ""postgresql"", ""level"": ""intermediate""}, {""name"": ""mysql"", ""level"": ""intermediate""}, {""name"": ""scikit_learn"", ""level"": ""intermediate""}, {""name"": ""git"", ""level"": ""beginner""}, {""name"": ""mongodb"", ""level"": ""beginner""}]",2,1,DATA_ANALYTICS
SKIT/2023/CSE/0344,CSE (IoT),7,8.04,73.3,77.1,79.1,94.2,79.8,75.6,94.4,"iot_embedded,cybersecurity","[{""name"": ""cpp"", ""level"": ""advanced""}, {""name"": ""esp32"", ""level"": ""intermediate""}, {""name"": ""arduino"", ""level"": ""advanced""}, {""name"": ""mqtt"", ""level"": ""intermediate""}, {""name"": ""c"", ""level"": ""intermediate""}, {""name"": ""influxdb"", ""level"": ""beginner""}]",1,1,IOT_EMBEDDED_SYSTEMS
SKIT/2023/CSE/0260,CSE (IoT),5,7.1,67.5,76.5,73.5,70.6,86.3,62.2,66.1,"ai_ml,data_analytics","[{""name"": ""python"", ""level"": ""advanced""}, {""name"": ""scikit_learn"", ""level"": ""intermediate""}, {""name"": ""pytorch"", ""level"": ""intermediate""}, {""name"": ""sql"", ""level"": ""intermediate""}, {""name"": ""tensorflow"", ""level"": ""intermediate""}, {""name"": ""fastapi"", ""level"": ""beginner""}, {""name"": ""docker"", ""level"": ""intermediate""}]",3,5,AI_ML_ENGINEERING
SKIT/2023/CSE/0577,Information Technology,5,7.82,89.4,83.3,94.8,73.9,73.4,77.3,74.8,"mobile_dev,cloud_devops","[{""name"": ""flutter"", ""level"": ""advanced""}, {""name"": ""java"", ""level"": ""intermediate""}, {""name"": ""javascript"", ""level"": ""intermediate""}, {""name"": ""git"", ""level"": ""intermediate""}, {""name"": ""typescript"", ""level"": ""beginner""}, {""name"": ""sql"", ""level"": ""intermediate""}]",2,0,MOBILE_APP_DEV
SKIT/2023/CSE/0274,CSE (AI/ML),6,7.27,73.3,76.2,73.7,62.7,96.7,69.7,66.1,"ai_ml,cloud_devops","[{""name"": ""python"", ""level"": ""advanced""}, {""name"": ""scikit_learn"", ""level"": ""intermediate""}, {""name"": ""pytorch"", ""level"": ""intermediate""}, {""name"": ""sql"", ""level"": ""intermediate""}, {""name"": ""tensorflow"", ""level"": ""intermediate""}, {""name"": ""git"", ""level"": ""intermediate""}]",2,1,AI_ML_ENGINEERING
SKIT/2023/CSE/0409,CSE (IoT),6,6.74,62.9,67.1,62.2,87.0,64.5,64.2,81.2,iot_embedded,"[{""name"": ""cpp"", ""level"": ""advanced""}, {""name"": ""esp32"", ""level"": ""intermediate""}, {""name"": ""arduino"", ""level"": ""advanced""}, {""name"": ""mqtt"", ""level"": ""intermediate""}, {""name"": ""c"", ""level"": ""intermediate""}, {""name"": ""linux"", ""level"": ""beginner""}]",3,0,IOT_EMBEDDED_SYSTEMS
SKIT/2023/CSE/0913,CSE (IoT),7,7.6,75.4,69.9,90.8,65.7,78.4,80.3,83.2,"cybersecurity,cloud_devops","[{""name"": ""linux"", ""level"": ""advanced""}, {""name"": ""cpp"", ""level"": ""intermediate""}, {""name"": ""git"", ""level"": ""intermediate""}, {""name"": ""c"", ""level"": ""intermediate""}]",2,2,CYBERSECURITY
SKIT/2023/CSE/0852,CSE,5,7.65,74.4,80.6,83.0,72.2,88.1,75.2,74.7,"data_analytics,web_development","[{""name"": ""sql"", ""level"": ""advanced""}, {""name"": ""scikit_learn"", ""level"": ""beginner""}, {""name"": ""mongodb"", ""level"": ""intermediate""}]",5,2,DATA_ANALYTICS
SKIT/2023/CSE/0098,CSE (AI/ML),6,7.3,80.5,78.9,88.2,65.3,77.5,77.7,66.6,"web_development,mobile_dev","[{""name"": ""javascript"", ""level"": ""advanced""}, {""name"": ""react"", ""level"": ""intermediate""}, {""name"": ""html_css"", ""level"": ""advanced""}, {""name"": ""nodejs"", ""level"": ""intermediate""}, {""name"": ""mongodb"", ""level"": ""intermediate""}, {""name"": ""typescript"", ""level"": ""intermediate""}, {""name"": ""git"", ""level"": ""beginner""}, {""name"": ""docker"", ""level"": ""intermediate""}]",3,2,MERN_FULL_STACK
SKIT/2023/CSE/0895,CSE,5,7.73,71.4,67.3,71.1,68.3,79.0,83.5,92.6,"cybersecurity,cloud_devops","[{""name"": ""linux"", ""level"": ""advanced""}, {""name"": ""python"", ""level"": ""intermediate""}, {""name"": ""git"", ""level"": ""intermediate""}, {""name"": ""docker"", ""level"": ""beginner""}, {""name"": ""c"", ""level"": ""beginner""}]",4,1,CYBERSECURITY
SKIT/2023/CSE/0219,CSE (AI/ML),7,6.31,62.6,68.7,73.8,51.3,85.5,55.9,59.2,ai_ml,"[{""name"": ""python"", ""level"": ""advanced""}, {""name"": ""scikit_learn"", ""level"": ""intermediate""}, {""name"": ""pytorch"", ""level"": ""intermediate""}, {""name"": ""sql"", ""level"": ""intermediate""}, {""name"": ""fastapi"", ""level"": ""beginner""}, {""name"": ""git"", ""level"": ""beginner""}]",4,2,AI_ML_ENGINEERING
SKIT/2023/CSE/0104,CSE (IoT),5,6.87,89.8,75.5,72.1,64.1,66.2,77.6,63.7,web_development,"[{""name"": ""javascript"", ""level"": ""advanced""}, {""name"": ""react"", ""level"": ""intermediate""}, {""name"": ""html_css"", ""level"": ""advanced""}, {""name"": ""nodejs"", ""level"": ""intermediate""}, {""name"": ""mongodb"", ""level"": ""intermediate""}, {""name"": ""express"", ""level"": ""beginner""}, {""name"": ""git"", ""level"": ""beginner""}]",2,1,MERN_FULL_STACK
SKIT/2023/CSE/0519,CSE,5,6.47,54.7,70.1,59.8,54.7,60.0,86.0,80.1,"cloud_devops,web_development","[{""name"": ""docker"", ""level"": ""advanced""}, {""name"": ""linux"", ""level"": ""advanced""}, {""name"": ""aws"", ""level"": ""intermediate""}, {""name"": ""kubernetes"", ""level"": ""intermediate""}, {""name"": ""git"", ""level"": ""advanced""}, {""name"": ""sql"", ""level"": ""intermediate""}]",3,0,CLOUD_DEVOPS
SKIT/2023/CSE/0090,CSE (IoT),7,6.82,90.9,70.9,72.3,69.8,63.5,66.5,72.0,web_development,"[{""name"": ""javascript"", ""level"": ""advanced""}, {""name"": ""react"", ""level"": ""intermediate""}, {""name"": ""html_css"", ""level"": ""advanced""}, {""name"": ""nodejs"", ""level"": ""intermediate""}, {""name"": ""mongodb"", ""level"": ""intermediate""}, {""name"": ""typescript"", ""level"": ""beginner""}]",4,3,MERN_FULL_STACK
SKIT/2023/CSE/0907,Information Technology,5,8.86,93.3,75.3,88.0,80.1,81.8,94.7,99.0,"cybersecurity,iot_embedded","[{""name"": ""linux"", ""level"": ""advanced""}, {""name"": ""cpp"", ""level"": ""intermediate""}, {""name"": ""git"", ""level"": ""intermediate""}, {""name"": ""docker"", ""level"": ""intermediate""}]",4,1,CYBERSECURITY
SKIT/2023/CSE/0524,CSE (IoT),7,8.23,74.2,77.4,73.5,72.6,81.4,99.0,95.0,"cloud_devops,web_development","[{""name"": ""docker"", ""level"": ""advanced""}, {""name"": ""aws"", ""level"": ""intermediate""}, {""name"": ""kubernetes"", ""level"": ""intermediate""}, {""name"": ""git"", ""level"": ""advanced""}, {""name"": ""python"", ""level"": ""beginner""}, {""name"": ""nodejs"", ""level"": ""beginner""}]",3,1,CLOUD_DEVOPS
SKIT/2023/CSE/0391,CSE (IoT),7,8.86,95.9,88.6,94.9,99.0,83.5,81.8,92.1,iot_embedded,"[{""name"": ""cpp"", ""level"": ""advanced""}, {""name"": ""esp32"", ""level"": ""intermediate""}, {""name"": ""mqtt"", ""level"": ""intermediate""}, {""name"": ""c"", ""level"": ""intermediate""}, {""name"": ""raspberry_pi"", ""level"": ""intermediate""}]",2,1,IOT_EMBEDDED_SYSTEMS
SKIT/2023/CSE/0435,CSE (AI/ML),6,8.21,76.8,82.9,79.0,78.3,73.9,95.7,86.1,"cloud_devops,cybersecurity,ai_ml","[{""name"": ""docker"", ""level"": ""advanced""}, {""name"": ""aws"", ""level"": ""intermediate""}, {""name"": ""kubernetes"", ""level"": ""intermediate""}, {""name"": ""git"", ""level"": ""advanced""}]",3,0,CLOUD_DEVOPS
SKIT/2023/CSE/0572,CSE (IoT),6,8.89,79.7,85.5,90.3,88.1,90.7,99.0,99.0,"cloud_devops,cybersecurity","[{""name"": ""linux"", ""level"": ""advanced""}, {""name"": ""aws"", ""level"": ""intermediate""}, {""name"": ""kubernetes"", ""level"": ""intermediate""}, {""name"": ""git"", ""level"": ""advanced""}, {""name"": ""nodejs"", ""level"": ""beginner""}]",0,1,CLOUD_DEVOPS
SKIT/2023/CSE/0900,Information Technology,5,7.54,76.4,69.3,78.4,81.2,71.1,83.5,93.1,"cybersecurity,iot_embedded,mobile_dev","[{""name"": ""python"", ""level"": ""intermediate""}, {""name"": ""cpp"", ""level"": ""intermediate""}, {""name"": ""git"", ""level"": ""intermediate""}, {""name"": ""docker"", ""level"": ""intermediate""}]",3,0,CYBERSECURITY
SKIT/2023/CSE/0636,CSE (IoT),6,7.61,90.9,78.7,76.3,71.4,73.1,71.7,75.2,mobile_dev,"[{""name"": ""flutter"", ""level"": ""advanced""}, {""name"": ""java"", ""level"": ""intermediate""}, {""name"": ""javascript"", ""level"": ""intermediate""}, {""name"": ""git"", ""level"": ""intermediate""}, {""name"": ""typescript"", ""level"": ""beginner""}]",1,1,MOBILE_APP_DEV
SKIT/2023/CSE/0622,CSE (AI/ML),7,9.22,99.0,91.9,97.2,89.2,80.9,86.3,89.2,"mobile_dev,cloud_devops,cybersecurity","[{""name"": ""flutter"", ""level"": ""advanced""}, {""name"": ""java"", ""level"": ""intermediate""}, {""name"": ""javascript"", ""level"": ""intermediate""}, {""name"": ""git"", ""level"": ""intermediate""}, {""name"": ""typescript"", ""level"": ""intermediate""}, {""name"": ""react"", ""level"": ""beginner""}, {""name"": ""sql"", ""level"": ""intermediate""}]",4,1,MOBILE_APP_DEV
SKIT/2023/CSE/0386,CSE (AI/ML),7,5.95,60.3,59.1,62.3,71.6,53.0,55.3,60.6,"iot_embedded,cloud_devops","[{""name"": ""cpp"", ""level"": ""advanced""}, {""name"": ""esp32"", ""level"": ""intermediate""}, {""name"": ""arduino"", ""level"": ""advanced""}, {""name"": ""mqtt"", ""level"": ""intermediate""}, {""name"": ""c"", ""level"": ""intermediate""}]",3,2,IOT_EMBEDDED_SYSTEMS
SKIT/2023/CSE/0754,CSE (AI/ML),7,8.1,78.8,95.5,84.0,76.8,89.0,80.9,71.6,"data_analytics,ai_ml","[{""name"": ""python"", ""level"": ""advanced""}, {""name"": ""sql"", ""level"": ""advanced""}, {""name"": ""postgresql"", ""level"": ""intermediate""}, {""name"": ""mysql"", ""level"": ""intermediate""}, {""name"": ""scikit_learn"", ""level"": ""beginner""}, {""name"": ""mongodb"", ""level"": ""beginner""}]",1,0,DATA_ANALYTICS
SKIT/2023/CSE/0229,Information Technology,6,8.07,78.5,91.4,90.1,75.9,90.7,73.1,75.3,"ai_ml,data_analytics","[{""name"": ""python"", ""level"": ""advanced""}, {""name"": ""scikit_learn"", ""level"": ""intermediate""}, {""name"": ""pytorch"", ""level"": ""intermediate""}, {""name"": ""sql"", ""level"": ""intermediate""}]",2,0,AI_ML_ENGINEERING
SKIT/2023/CSE/0377,CSE (IoT),7,8.61,87.4,78.4,84.1,99.0,73.7,75.4,87.5,iot_embedded,"[{""name"": ""cpp"", ""level"": ""advanced""}, {""name"": ""esp32"", ""level"": ""intermediate""}, {""name"": ""arduino"", ""level"": ""advanced""}, {""name"": ""mqtt"", ""level"": ""intermediate""}, {""name"": ""c"", ""level"": ""intermediate""}, {""name"": ""python"", ""level"": ""intermediate""}, {""name"": ""influxdb"", ""level"": ""intermediate""}, {""name"": ""linux"", ""level"": ""intermediate""}]",0,2,IOT_EMBEDDED_SYSTEMS
SKIT/2023/CSE/0718,CSE,7,7.47,71.9,91.1,74.0,74.1,84.7,66.0,82.2,"data_analytics,web_development","[{""name"": ""python"", ""level"": ""advanced""}, {""name"": ""sql"", ""level"": ""advanced""}, {""name"": ""postgresql"", ""level"": ""intermediate""}, {""name"": ""mysql"", ""level"": ""intermediate""}, {""name"": ""mongodb"", ""level"": ""beginner""}]",4,0,DATA_ANALYTICS
SKIT/2023/CSE/0541,CSE (AI/ML),5,6.67,64.5,67.8,54.5,57.9,58.6,89.3,80.3,"cloud_devops,cybersecurity","[{""name"": ""docker"", ""level"": ""advanced""}, {""name"": ""aws"", ""level"": ""intermediate""}, {""name"": ""kubernetes"", ""level"": ""intermediate""}, {""name"": ""git"", ""level"": ""advanced""}, {""name"": ""nodejs"", ""level"": ""intermediate""}]",1,3,CLOUD_DEVOPS
SKIT/2023/CSE/0214,CSE (AI/ML),7,8.48,83.6,83.5,89.4,80.4,99.0,82.2,87.7,"ai_ml,cloud_devops","[{""name"": ""python"", ""level"": ""advanced""}, {""name"": ""scikit_learn"", ""level"": ""intermediate""}, {""name"": ""pytorch"", ""level"": ""intermediate""}, {""name"": ""sql"", ""level"": ""intermediate""}, {""name"": ""fastapi"", ""level"": ""intermediate""}, {""name"": ""linux"", ""level"": ""intermediate""}, {""name"": ""docker"", ""level"": ""beginner""}]",2,0,AI_ML_ENGINEERING
SKIT/2023/CSE/0618,Information Technology,5,7.58,89.8,72.4,87.5,73.1,80.4,74.9,75.2,"mobile_dev,cloud_devops","[{""name"": ""flutter"", ""level"": ""advanced""}, {""name"": ""java"", ""level"": ""intermediate""}, {""name"": ""javascript"", ""level"": ""intermediate""}, {""name"": ""git"", ""level"": ""intermediate""}, {""name"": ""typescript"", ""level"": ""intermediate""}, {""name"": ""react"", ""level"": ""intermediate""}]",3,0,MOBILE_APP_DEV
SKIT/2023/CSE/0963,Information Technology,6,8.83,84.4,84.1,90.4,89.5,84.5,94.7,99.0,"cybersecurity,iot_embedded","[{""name"": ""linux"", ""level"": ""advanced""}, {""name"": ""python"", ""level"": ""intermediate""}, {""name"": ""cpp"", ""level"": ""intermediate""}, {""name"": ""git"", ""level"": ""intermediate""}, {""name"": ""c"", ""level"": ""beginner""}, {""name"": ""aws"", ""level"": ""beginner""}]",5,0,CYBERSECURITY
SKIT/2023/CSE/0457,Information Technology,7,9.05,83.7,90.3,89.6,86.8,89.7,99.0,90.0,"cloud_devops,cybersecurity","[{""name"": ""linux"", ""level"": ""advanced""}, {""name"": ""aws"", ""level"": ""intermediate""}, {""name"": ""kubernetes"", ""level"": ""intermediate""}, {""name"": ""git"", ""level"": ""advanced""}, {""name"": ""nodejs"", ""level"": ""intermediate""}]",4,2,CLOUD_DEVOPS
SKIT/2023/CSE/0743,Information Technology,5,7.15,67.0,82.6,80.1,64.2,80.1,67.8,73.5,"data_analytics,web_development","[{""name"": ""python"", ""level"": ""advanced""}, {""name"": ""sql"", ""level"": ""advanced""}, {""name"": ""mysql"", ""level"": ""intermediate""}, {""name"": ""scikit_learn"", ""level"": ""beginner""}, {""name"": ""git"", ""level"": ""beginner""}, {""name"": ""mongodb"", ""level"": ""beginner""}]",3,1,DATA_ANALYTICS
SKIT/2023/CSE/0931,CSE (IoT),6,7.27,68.5,59.8,81.5,63.5,69.6,78.3,83.7,"cybersecurity,iot_embedded","[{""name"": ""linux"", ""level"": ""advanced""}, {""name"": ""python"", ""level"": ""intermediate""}, {""name"": ""cpp"", ""level"": ""intermediate""}, {""name"": ""git"", ""level"": ""intermediate""}, {""name"": ""docker"", ""level"": ""intermediate""}, {""name"": ""aws"", ""level"": ""intermediate""}]",1,1,CYBERSECURITY
SKIT/2023/CSE/0933,CSE (AI/ML),7,6.95,66.6,66.6,68.9,54.1,73.3,78.5,93.8,"cybersecurity,iot_embedded","[{""name"": ""linux"", ""level"": ""advanced""}, {""name"": ""python"", ""level"": ""intermediate""}, {""name"": ""cpp"", ""level"": ""intermediate""}, {""name"": ""docker"", ""level"": ""intermediate""}, {""name"": ""aws"", ""level"": ""intermediate""}]",2,2,CYBERSECURITY
SKIT/2023/CSE/0420,CSE (IoT),7,8.12,79.7,78.6,80.6,96.6,71.2,86.1,89.2,"iot_embedded,cloud_devops","[{""name"": ""cpp"", ""level"": ""advanced""}, {""name"": ""esp32"", ""level"": ""intermediate""}, {""name"": ""arduino"", ""level"": ""advanced""}, {""name"": ""mqtt"", ""level"": ""intermediate""}, {""name"": ""c"", ""level"": ""intermediate""}, {""name"": ""influxdb"", ""level"": ""beginner""}, {""name"": ""linux"", ""level"": ""beginner""}]",1,1,IOT_EMBEDDED_SYSTEMS
SKIT/2023/CSE/0325,CSE (IoT),5,7.71,75.2,69.5,80.1,97.5,74.2,68.1,86.2,"iot_embedded,cloud_devops","[{""name"": ""cpp"", ""level"": ""advanced""}, {""name"": ""esp32"", ""level"": ""intermediate""}, {""name"": ""arduino"", ""level"": ""advanced""}, {""name"": ""mqtt"", ""level"": ""intermediate""}, {""name"": ""c"", ""level"": ""intermediate""}, {""name"": ""linux"", ""level"": ""beginner""}, {""name"": ""raspberry_pi"", ""level"": ""intermediate""}]",6,0,IOT_EMBEDDED_SYSTEMS
SKIT/2023/CSE/0383,CSE (IoT),6,8.39,73.4,83.7,80.9,99.0,84.9,78.8,86.6,"iot_embedded,cloud_devops,ai_ml","[{""name"": ""esp32"", ""level"": ""intermediate""}, {""name"": ""arduino"", ""level"": ""advanced""}, {""name"": ""mqtt"", ""level"": ""intermediate""}, {""name"": ""c"", ""level"": ""intermediate""}, {""name"": ""raspberry_pi"", ""level"": ""intermediate""}]",3,3,IOT_EMBEDDED_SYSTEMS
SKIT/2023/CSE/0476,CSE,6,7.83,79.9,82.1,61.8,73.7,79.7,92.0,88.5,"cloud_devops,web_development","[{""name"": ""docker"", ""level"": ""advanced""}, {""name"": ""linux"", ""level"": ""advanced""}, {""name"": ""aws"", ""level"": ""intermediate""}, {""name"": ""kubernetes"", ""level"": ""intermediate""}, {""name"": ""git"", ""level"": ""advanced""}, {""name"": ""nodejs"", ""level"": ""beginner""}, {""name"": ""sql"", ""level"": ""intermediate""}]",3,2,CLOUD_DEVOPS
SKIT/2023/CSE/0701,Information Technology,7,7.91,76.6,74.5,90.3,73.9,78.7,74.8,74.3,"mobile_dev,cloud_devops","[{""name"": ""flutter"", ""level"": ""advanced""}, {""name"": ""java"", ""level"": ""intermediate""}, {""name"": ""javascript"", ""level"": ""intermediate""}, {""name"": ""git"", ""level"": ""intermediate""}, {""name"": ""typescript"", ""level"": ""intermediate""}, {""name"": ""react"", ""level"": ""intermediate""}, {""name"": ""sql"", ""level"": ""intermediate""}]",2,0,MOBILE_APP_DEV
SKIT/2023/CSE/0791,CSE (IoT),5,6.72,71.3,81.8,75.9,71.1,78.2,57.9,51.4,"data_analytics,web_development","[{""name"": ""python"", ""level"": ""advanced""}, {""name"": ""sql"", ""level"": ""advanced""}, {""name"": ""postgresql"", ""level"": ""intermediate""}, {""name"": ""mysql"", ""level"": ""intermediate""}, {""name"": ""git"", ""level"": ""intermediate""}]",3,2,DATA_ANALYTICS
SKIT/2023/CSE/0668,CSE (IoT),5,9.3,99.0,97.9,99.0,92.3,90.2,78.6,80.8,mobile_dev,"[{""name"": ""flutter"", ""level"": ""advanced""}, {""name"": ""java"", ""level"": ""intermediate""}, {""name"": ""javascript"", ""level"": ""intermediate""}, {""name"": ""git"", ""level"": ""intermediate""}, {""name"": ""typescript"", ""level"": ""beginner""}, {""name"": ""sql"", ""level"": ""intermediate""}]",2,1,MOBILE_APP_DEV
SKIT/2023/CSE/0459,CSE (AI/ML),6,6.74,64.2,77.9,74.0,65.4,64.7,83.3,78.1,"cloud_devops,web_development","[{""name"": ""linux"", ""level"": ""advanced""}, {""name"": ""kubernetes"", ""level"": ""intermediate""}, {""name"": ""git"", ""level"": ""advanced""}, {""name"": ""nodejs"", ""level"": ""beginner""}, {""name"": ""sql"", ""level"": ""intermediate""}]",4,2,CLOUD_DEVOPS
SKIT/2023/CSE/0650,CSE (IoT),5,8.19,80.2,87.2,88.7,86.9,79.8,74.8,80.7,"mobile_dev,cloud_devops","[{""name"": ""flutter"", ""level"": ""advanced""}, {""name"": ""java"", ""level"": ""intermediate""}, {""name"": ""javascript"", ""level"": ""intermediate""}, {""name"": ""git"", ""level"": ""intermediate""}]",2,3,MOBILE_APP_DEV
SKIT/2023/CSE/0089,CSE,6,6.96,87.3,77.5,68.8,71.4,65.3,68.8,61.5,"web_development,mobile_dev","[{""name"": ""javascript"", ""level"": ""advanced""}, {""name"": ""react"", ""level"": ""intermediate""}, {""name"": ""html_css"", ""level"": ""advanced""}, {""name"": ""mongodb"", ""level"": ""intermediate""}, {""name"": ""express"", ""level"": ""intermediate""}, {""name"": ""git"", ""level"": ""intermediate""}]",7,3,MERN_FULL_STACK
SKIT/2023/CSE/0244,CSE,5,6.84,56.0,78.7,81.4,64.1,81.6,63.1,63.2,"ai_ml,data_analytics","[{""name"": ""pytorch"", ""level"": ""intermediate""}, {""name"": ""sql"", ""level"": ""intermediate""}, {""name"": ""tensorflow"", ""level"": ""beginner""}, {""name"": ""fastapi"", ""level"": ""beginner""}, {""name"": ""linux"", ""level"": ""intermediate""}, {""name"": ""docker"", ""level"": ""beginner""}]",1,1,AI_ML_ENGINEERING
SKIT/2023/CSE/0554,CSE (IoT),5,7.23,65.8,86.0,64.4,80.9,70.8,91.1,87.0,"cloud_devops,web_development","[{""name"": ""docker"", ""level"": ""advanced""}, {""name"": ""linux"", ""level"": ""advanced""}, {""name"": ""aws"", ""level"": ""intermediate""}, {""name"": ""kubernetes"", ""level"": ""intermediate""}, {""name"": ""nodejs"", ""level"": ""intermediate""}, {""name"": ""sql"", ""level"": ""beginner""}]",4,0,CLOUD_DEVOPS
SKIT/2023/CSE/0218,Information Technology,7,7.44,79.8,83.5,83.1,73.3,97.4,74.9,73.2,"ai_ml,data_analytics","[{""name"": ""python"", ""level"": ""advanced""}, {""name"": ""scikit_learn"", ""level"": ""intermediate""}, {""name"": ""pytorch"", ""level"": ""intermediate""}, {""name"": ""sql"", ""level"": ""intermediate""}, {""name"": ""tensorflow"", ""level"": ""beginner""}, {""name"": ""linux"", ""level"": ""beginner""}, {""name"": ""docker"", ""level"": ""beginner""}]",4,0,AI_ML_ENGINEERING
SKIT/2023/CSE/0937,Information Technology,7,5.93,57.7,52.7,58.7,56.4,50.8,73.2,83.6,"cybersecurity,iot_embedded","[{""name"": ""linux"", ""level"": ""advanced""}, {""name"": ""python"", ""level"": ""intermediate""}, {""name"": ""git"", ""level"": ""intermediate""}, {""name"": ""docker"", ""level"": ""beginner""}, {""name"": ""c"", ""level"": ""intermediate""}, {""name"": ""aws"", ""level"": ""beginner""}]",4,2,CYBERSECURITY
SKIT/2023/CSE/0173,Information Technology,6,8.69,82.2,88.9,93.3,78.4,99.0,74.5,83.5,"ai_ml,mobile_dev","[{""name"": ""python"", ""level"": ""advanced""}, {""name"": ""scikit_learn"", ""level"": ""intermediate""}, {""name"": ""pytorch"", ""level"": ""intermediate""}, {""name"": ""sql"", ""level"": ""intermediate""}, {""name"": ""git"", ""level"": ""intermediate""}, {""name"": ""linux"", ""level"": ""beginner""}, {""name"": ""docker"", ""level"": ""intermediate""}]",2,0,AI_ML_ENGINEERING
SKIT/2023/CSE/0525,CSE (IoT),7,7.43,73.6,78.8,71.6,73.4,67.1,99.0,78.6,"cloud_devops,web_development","[{""name"": ""docker"", ""level"": ""advanced""}, {""name"": ""linux"", ""level"": ""advanced""}, {""name"": ""aws"", ""level"": ""intermediate""}, {""name"": ""kubernetes"", ""level"": ""intermediate""}, {""name"": ""git"", ""level"": ""advanced""}, {""name"": ""nodejs"", ""level"": ""intermediate""}]",2,0,CLOUD_DEVOPS
SKIT/2023/CSE/0262,CSE,5,9.18,83.9,93.3,98.6,80.7,99.0,87.3,85.7,ai_ml,"[{""name"": ""python"", ""level"": ""advanced""}, {""name"": ""scikit_learn"", ""level"": ""intermediate""}, {""name"": ""pytorch"", ""level"": ""intermediate""}, {""name"": ""sql"", ""level"": ""intermediate""}, {""name"": ""fastapi"", ""level"": ""beginner""}]",4,1,AI_ML_ENGINEERING
SKIT/2023/CSE/0832,Information Technology,7,7.88,71.2,96.1,76.6,70.1,92.1,69.8,77.5,"data_analytics,web_development","[{""name"": ""python"", ""level"": ""advanced""}, {""name"": ""sql"", ""level"": ""advanced""}, {""name"": ""postgresql"", ""level"": ""intermediate""}, {""name"": ""mysql"", ""level"": ""intermediate""}, {""name"": ""git"", ""level"": ""beginner""}]",5,1,DATA_ANALYTICS
SKIT/2023/CSE/0048,Information Technology,6,8.96,99.0,93.0,88.3,89.9,90.0,92.0,90.1,"web_development,mobile_dev","[{""name"": ""javascript"", ""level"": ""advanced""}, {""name"": ""react"", ""level"": ""intermediate""}, {""name"": ""html_css"", ""level"": ""advanced""}, {""name"": ""nodejs"", ""level"": ""intermediate""}, {""name"": ""mongodb"", ""level"": ""intermediate""}, {""name"": ""typescript"", ""level"": ""beginner""}, {""name"": ""docker"", ""level"": ""beginner""}]",2,0,MERN_FULL_STACK
SKIT/2023/CSE/0363,CSE,5,8.42,81.3,83.3,85.7,96.1,85.3,77.1,87.3,"iot_embedded,cloud_devops","[{""name"": ""cpp"", ""level"": ""advanced""}, {""name"": ""esp32"", ""level"": ""intermediate""}, {""name"": ""arduino"", ""level"": ""advanced""}, {""name"": ""mqtt"", ""level"": ""intermediate""}, {""name"": ""python"", ""level"": ""intermediate""}, {""name"": ""raspberry_pi"", ""level"": ""intermediate""}]",1,0,IOT_EMBEDDED_SYSTEMS
SKIT/2023/CSE/0351,CSE (IoT),6,6.82,65.4,69.7,74.0,74.9,75.0,66.2,72.9,"iot_embedded,cybersecurity","[{""name"": ""cpp"", ""level"": ""advanced""}, {""name"": ""esp32"", ""level"": ""intermediate""}, {""name"": ""arduino"", ""level"": ""advanced""}, {""name"": ""c"", ""level"": ""intermediate""}, {""name"": ""python"", ""level"": ""intermediate""}, {""name"": ""raspberry_pi"", ""level"": ""beginner""}]",3,0,IOT_EMBEDDED_SYSTEMS
SKIT/2023/CSE/0167,CSE (AI/ML),5,8.67,90.4,86.7,90.3,88.8,99.0,87.8,75.6,ai_ml,"[{""name"": ""python"", ""level"": ""advanced""}, {""name"": ""scikit_learn"", ""level"": ""intermediate""}, {""name"": ""pytorch"", ""level"": ""intermediate""}, {""name"": ""sql"", ""level"": ""intermediate""}, {""name"": ""fastapi"", ""level"": ""intermediate""}, {""name"": ""docker"", ""level"": ""beginner""}]",2,1,AI_ML_ENGINEERING
SKIT/2023/CSE/0327,CSE (IoT),6,7.47,61.0,69.1,75.5,96.2,67.5,79.4,73.4,"iot_embedded,cloud_devops","[{""name"": ""cpp"", ""level"": ""advanced""}, {""name"": ""esp32"", ""level"": ""intermediate""}, {""name"": ""arduino"", ""level"": ""advanced""}, {""name"": ""mqtt"", ""level"": ""intermediate""}, {""name"": ""c"", ""level"": ""intermediate""}]",0,0,IOT_EMBEDDED_SYSTEMS
SKIT/2023/CSE/0204,Information Technology,6,5.5,53.5,60.0,58.4,62.4,77.0,46.8,56.4,"ai_ml,cloud_devops","[{""name"": ""python"", ""level"": ""advanced""}, {""name"": ""scikit_learn"", ""level"": ""intermediate""}, {""name"": ""pytorch"", ""level"": ""intermediate""}, {""name"": ""sql"", ""level"": ""intermediate""}, {""name"": ""tensorflow"", ""level"": ""intermediate""}, {""name"": ""linux"", ""level"": ""intermediate""}]",0,3,AI_ML_ENGINEERING
SKIT/2023/CSE/0035,Information Technology,6,7.79,96.0,82.6,71.7,73.9,76.0,79.6,66.8,web_development,"[{""name"": ""javascript"", ""level"": ""advanced""}, {""name"": ""react"", ""level"": ""intermediate""}, {""name"": ""html_css"", ""level"": ""advanced""}, {""name"": ""nodejs"", ""level"": ""intermediate""}, {""name"": ""typescript"", ""level"": ""beginner""}]",1,0,MERN_FULL_STACK
SKIT/2023/CSE/0717,CSE (AI/ML),6,6.82,64.2,79.2,76.0,58.0,77.3,59.8,65.4,"data_analytics,web_development","[{""name"": ""python"", ""level"": ""advanced""}, {""name"": ""sql"", ""level"": ""advanced""}, {""name"": ""postgresql"", ""level"": ""intermediate""}, {""name"": ""mysql"", ""level"": ""intermediate""}, {""name"": ""scikit_learn"", ""level"": ""beginner""}, {""name"": ""git"", ""level"": ""intermediate""}]",0,0,DATA_ANALYTICS
SKIT/2023/CSE/0197,CSE,5,6.6,66.1,67.6,81.3,72.6,78.8,59.9,67.0,"ai_ml,cloud_devops,cybersecurity","[{""name"": ""python"", ""level"": ""advanced""}, {""name"": ""scikit_learn"", ""level"": ""intermediate""}, {""name"": ""pytorch"", ""level"": ""intermediate""}, {""name"": ""sql"", ""level"": ""intermediate""}, {""name"": ""tensorflow"", ""level"": ""intermediate""}, {""name"": ""git"", ""level"": ""beginner""}, {""name"": ""linux"", ""level"": ""intermediate""}, {""name"": ""docker"", ""level"": ""intermediate""}]",1,0,AI_ML_ENGINEERING
SKIT/2023/CSE/0077,CSE (AI/ML),6,7.98,97.3,85.3,89.0,72.4,84.8,75.6,68.6,"web_development,mobile_dev","[{""name"": ""javascript"", ""level"": ""advanced""}, {""name"": ""react"", ""level"": ""intermediate""}, {""name"": ""html_css"", ""level"": ""advanced""}, {""name"": ""nodejs"", ""level"": ""intermediate""}, {""name"": ""mongodb"", ""level"": ""intermediate""}, {""name"": ""docker"", ""level"": ""beginner""}]",0,1,MERN_FULL_STACK
SKIT/2023/CSE/0294,CSE (IoT),6,7.74,73.9,73.9,78.8,99.0,73.1,67.9,83.6,"iot_embedded,cloud_devops","[{""name"": ""cpp"", ""level"": ""advanced""}, {""name"": ""esp32"", ""level"": ""intermediate""}, {""name"": ""arduino"", ""level"": ""advanced""}, {""name"": ""mqtt"", ""level"": ""intermediate""}, {""name"": ""c"", ""level"": ""intermediate""}, {""name"": ""influxdb"", ""level"": ""beginner""}]",3,2,IOT_EMBEDDED_SYSTEMS
SKIT/2023/CSE/0334,CSE (AI/ML),5,8.83,83.4,79.1,86.9,99.0,80.3,83.1,99.0,"iot_embedded,cybersecurity","[{""name"": ""cpp"", ""level"": ""advanced""}, {""name"": ""esp32"", ""level"": ""intermediate""}, {""name"": ""arduino"", ""level"": ""advanced""}, {""name"": ""c"", ""level"": ""intermediate""}, {""name"": ""linux"", ""level"": ""intermediate""}]",1,2,IOT_EMBEDDED_SYSTEMS
SKIT/2023/CSE/0115,CSE (IoT),7,8.09,95.0,86.4,82.5,81.0,79.8,77.0,69.4,"web_development,cloud_devops","[{""name"": ""react"", ""level"": ""intermediate""}, {""name"": ""html_css"", ""level"": ""advanced""}, {""name"": ""mongodb"", ""level"": ""intermediate""}]",5,3,MERN_FULL_STACK
SKIT/2023/CSE/0382,CSE (IoT),7,9.6,99.0,90.4,93.1,99.0,89.3,93.1,99.0,"iot_embedded,cloud_devops,mobile_dev","[{""name"": ""cpp"", ""level"": ""advanced""}, {""name"": ""esp32"", ""level"": ""intermediate""}, {""name"": ""arduino"", ""level"": ""advanced""}, {""name"": ""c"", ""level"": ""intermediate""}, {""name"": ""python"", ""level"": ""beginner""}]",1,1,IOT_EMBEDDED_SYSTEMS
SKIT/2023/CSE/0447,Information Technology,7,9.32,96.9,99.0,87.6,86.7,80.2,99.0,99.0,cloud_devops,"[{""name"": ""docker"", ""level"": ""advanced""}, {""name"": ""linux"", ""level"": ""advanced""}, {""name"": ""aws"", ""level"": ""intermediate""}, {""name"": ""kubernetes"", ""level"": ""intermediate""}, {""name"": ""git"", ""level"": ""advanced""}, {""name"": ""nodejs"", ""level"": ""beginner""}, {""name"": ""sql"", ""level"": ""beginner""}]",3,2,CLOUD_DEVOPS
SKIT/2023/CSE/0078,Information Technology,7,7.23,91.7,77.3,74.5,67.8,65.2,81.0,66.2,"web_development,cloud_devops","[{""name"": ""javascript"", ""level"": ""advanced""}, {""name"": ""react"", ""level"": ""intermediate""}, {""name"": ""html_css"", ""level"": ""advanced""}, {""name"": ""nodejs"", ""level"": ""intermediate""}, {""name"": ""mongodb"", ""level"": ""intermediate""}, {""name"": ""express"", ""level"": ""intermediate""}, {""name"": ""docker"", ""level"": ""intermediate""}]",4,1,MERN_FULL_STACK
SKIT/2023/CSE/0404,Information Technology,7,7.64,71.0,72.9,80.0,91.8,72.7,76.6,85.3,iot_embedded,"[{""name"": ""cpp"", ""level"": ""advanced""}, {""name"": ""esp32"", ""level"": ""intermediate""}, {""name"": ""arduino"", ""level"": ""advanced""}, {""name"": ""mqtt"", ""level"": ""intermediate""}, {""name"": ""c"", ""level"": ""intermediate""}, {""name"": ""linux"", ""level"": ""beginner""}, {""name"": ""raspberry_pi"", ""level"": ""beginner""}]",5,1,IOT_EMBEDDED_SYSTEMS
SKIT/2023/CSE/0187,Information Technology,6,6.79,59.5,74.4,78.6,61.3,88.4,70.1,74.2,"ai_ml,cloud_devops","[{""name"": ""python"", ""level"": ""advanced""}, {""name"": ""scikit_learn"", ""level"": ""intermediate""}, {""name"": ""pytorch"", ""level"": ""intermediate""}, {""name"": ""sql"", ""level"": ""intermediate""}, {""name"": ""tensorflow"", ""level"": ""intermediate""}, {""name"": ""docker"", ""level"": ""beginner""}]",2,1,AI_ML_ENGINEERING
SKIT/2023/CSE/0605,CSE (IoT),7,5.5,63.4,68.9,66.9,56.0,52.7,48.9,41.0,"mobile_dev,cloud_devops","[{""name"": ""flutter"", ""level"": ""advanced""}, {""name"": ""java"", ""level"": ""intermediate""}, {""name"": ""javascript"", ""level"": ""intermediate""}, {""name"": ""git"", ""level"": ""intermediate""}, {""name"": ""react"", ""level"": ""intermediate""}, {""name"": ""sql"", ""level"": ""intermediate""}]",1,0,MOBILE_APP_DEV
SKIT/2023/CSE/0245,CSE (IoT),6,7.94,80.5,83.5,77.5,77.2,94.1,82.3,82.6,"ai_ml,data_analytics","[{""name"": ""python"", ""level"": ""advanced""}, {""name"": ""scikit_learn"", ""level"": ""intermediate""}, {""name"": ""pytorch"", ""level"": ""intermediate""}, {""name"": ""sql"", ""level"": ""intermediate""}, {""name"": ""fastapi"", ""level"": ""intermediate""}, {""name"": ""linux"", ""level"": ""intermediate""}, {""name"": ""docker"", ""level"": ""beginner""}]",4,2,AI_ML_ENGINEERING
SKIT/2023/CSE/0068,CSE,5,9.08,99.0,92.1,94.6,83.5,89.4,87.3,78.7,web_development,"[{""name"": ""javascript"", ""level"": ""advanced""}, {""name"": ""react"", ""level"": ""intermediate""}, {""name"": ""html_css"", ""level"": ""advanced""}, {""name"": ""nodejs"", ""level"": ""intermediate""}, {""name"": ""mongodb"", ""level"": ""intermediate""}, {""name"": ""express"", ""level"": ""beginner""}]",2,1,MERN_FULL_STACK
SKIT/2023/CSE/0740,CSE (AI/ML),5,8.89,85.8,99.0,90.3,85.8,97.5,89.1,76.8,"data_analytics,web_development","[{""name"": ""python"", ""level"": ""advanced""}, {""name"": ""sql"", ""level"": ""advanced""}, {""name"": ""postgresql"", ""level"": ""intermediate""}, {""name"": ""mysql"", ""level"": ""intermediate""}, {""name"": ""git"", ""level"": ""beginner""}, {""name"": ""mongodb"", ""level"": ""beginner""}]",2,0,DATA_ANALYTICS
SKIT/2023/CSE/0508,Information Technology,5,6.86,68.7,80.5,63.6,64.0,72.5,89.7,83.4,cloud_devops,"[{""name"": ""docker"", ""level"": ""advanced""}, {""name"": ""linux"", ""level"": ""advanced""}, {""name"": ""aws"", ""level"": ""intermediate""}, {""name"": ""kubernetes"", ""level"": ""intermediate""}, {""name"": ""git"", ""level"": ""advanced""}, {""name"": ""python"", ""level"": ""intermediate""}, {""name"": ""nodejs"", ""level"": ""intermediate""}, {""name"": ""sql"", ""level"": ""intermediate""}]",2,1,CLOUD_DEVOPS
SKIT/2023/CSE/0908,CSE,6,7.51,69.9,64.9,79.8,66.8,69.7,74.8,89.7,"cybersecurity,iot_embedded","[{""name"": ""linux"", ""level"": ""advanced""}, {""name"": ""python"", ""level"": ""intermediate""}, {""name"": ""cpp"", ""level"": ""intermediate""}, {""name"": ""docker"", ""level"": ""intermediate""}]",1,2,CYBERSECURITY
SKIT/2023/CSE/0749,Information Technology,6,8.26,77.5,99.0,85.4,78.6,92.6,73.8,78.8,data_analytics,"[{""name"": ""python"", ""level"": ""advanced""}, {""name"": ""sql"", ""level"": ""advanced""}, {""name"": ""postgresql"", ""level"": ""intermediate""}, {""name"": ""mysql"", ""level"": ""intermediate""}]",2,0,DATA_ANALYTICS
SKIT/2023/CSE/0109,CSE (AI/ML),5,8.85,97.8,82.6,87.9,79.7,72.7,85.5,85.1,web_development,"[{""name"": ""javascript"", ""level"": ""advanced""}, {""name"": ""react"", ""level"": ""intermediate""}, {""name"": ""html_css"", ""level"": ""advanced""}, {""name"": ""nodejs"", ""level"": ""intermediate""}, {""name"": ""git"", ""level"": ""intermediate""}, {""name"": ""docker"", ""level"": ""intermediate""}]",4,0,MERN_FULL_STACK
SKIT/2023/CSE/0427,CSE (IoT),5,8.68,78.7,92.0,81.2,99.0,79.1,81.5,99.0,"iot_embedded,cloud_devops","[{""name"": ""cpp"", ""level"": ""advanced""}, {""name"": ""esp32"", ""level"": ""intermediate""}, {""name"": ""arduino"", ""level"": ""advanced""}, {""name"": ""mqtt"", ""level"": ""intermediate""}, {""name"": ""c"", ""level"": ""intermediate""}, {""name"": ""python"", ""level"": ""beginner""}, {""name"": ""linux"", ""level"": ""intermediate""}]",2,0,IOT_EMBEDDED_SYSTEMS
SKIT/2023/CSE/0413,Information Technology,5,7.57,71.5,75.3,74.5,92.5,71.8,72.6,84.4,"iot_embedded,cloud_devops","[{""name"": ""cpp"", ""level"": ""advanced""}, {""name"": ""esp32"", ""level"": ""intermediate""}, {""name"": ""arduino"", ""level"": ""advanced""}, {""name"": ""mqtt"", ""level"": ""intermediate""}, {""name"": ""c"", ""level"": ""intermediate""}, {""name"": ""raspberry_pi"", ""level"": ""beginner""}]",2,3,IOT_EMBEDDED_SYSTEMS
SKIT/2023/CSE/0623,Information Technology,7,9.03,95.9,99.0,89.4,78.0,92.4,93.6,81.4,"mobile_dev,iot_embedded","[{""name"": ""java"", ""level"": ""intermediate""}, {""name"": ""javascript"", ""level"": ""intermediate""}, {""name"": ""git"", ""level"": ""intermediate""}, {""name"": ""typescript"", ""level"": ""intermediate""}]",3,0,MOBILE_APP_DEV
SKIT/2023/CSE/0147,Information Technology,5,7.6,68.9,81.0,84.4,66.7,99.0,71.7,72.3,"ai_ml,cloud_devops","[{""name"": ""python"", ""level"": ""advanced""}, {""name"": ""scikit_learn"", ""level"": ""intermediate""}, {""name"": ""sql"", ""level"": ""intermediate""}, {""name"": ""git"", ""level"": ""intermediate""}, {""name"": ""linux"", ""level"": ""intermediate""}, {""name"": ""docker"", ""level"": ""beginner""}]",5,1,AI_ML_ENGINEERING
SKIT/2023/CSE/0506,CSE,5,9.07,90.1,93.4,87.8,83.2,86.9,99.0,99.0,"cloud_devops,cybersecurity","[{""name"": ""docker"", ""level"": ""advanced""}, {""name"": ""linux"", ""level"": ""advanced""}, {""name"": ""aws"", ""level"": ""intermediate""}, {""name"": ""kubernetes"", ""level"": ""intermediate""}, {""name"": ""git"", ""level"": ""advanced""}, {""name"": ""python"", ""level"": ""beginner""}, {""name"": ""nodejs"", ""level"": ""intermediate""}]",3,1,CLOUD_DEVOPS
SKIT/2023/CSE/0310,CSE (IoT),5,7.32,68.2,64.2,75.3,93.9,68.4,72.8,77.5,iot_embedded,"[{""name"": ""cpp"", ""level"": ""advanced""}, {""name"": ""arduino"", ""level"": ""advanced""}, {""name"": ""mqtt"", ""level"": ""intermediate""}, {""name"": ""c"", ""level"": ""intermediate""}, {""name"": ""influxdb"", ""level"": ""intermediate""}, {""name"": ""linux"", ""level"": ""intermediate""}]",4,0,IOT_EMBEDDED_SYSTEMS
SKIT/2023/CSE/0951,CSE (IoT),7,7.48,74.5,70.2,91.8,78.1,64.5,84.0,94.7,"cybersecurity,cloud_devops","[{""name"": ""linux"", ""level"": ""advanced""}, {""name"": ""python"", ""level"": ""intermediate""}, {""name"": ""cpp"", ""level"": ""intermediate""}, {""name"": ""git"", ""level"": ""intermediate""}, {""name"": ""c"", ""level"": ""intermediate""}, {""name"": ""aws"", ""level"": ""intermediate""}]",4,1,CYBERSECURITY
SKIT/2023/CSE/0131,CSE (IoT),5,8.13,99.0,93.1,85.9,81.0,76.2,71.1,77.8,"web_development,mobile_dev","[{""name"": ""javascript"", ""level"": ""advanced""}, {""name"": ""react"", ""level"": ""intermediate""}, {""name"": ""html_css"", ""level"": ""advanced""}, {""name"": ""nodejs"", ""level"": ""intermediate""}, {""name"": ""mongodb"", ""level"": ""intermediate""}, {""name"": ""typescript"", ""level"": ""beginner""}, {""name"": ""docker"", ""level"": ""intermediate""}]",5,1,MERN_FULL_STACK
SKIT/2023/CSE/0979,CSE (IoT),6,7.04,66.9,68.5,85.2,60.3,69.3,86.3,90.6,"cybersecurity,iot_embedded","[{""name"": ""python"", ""level"": ""intermediate""}, {""name"": ""cpp"", ""level"": ""intermediate""}, {""name"": ""git"", ""level"": ""intermediate""}, {""name"": ""docker"", ""level"": ""beginner""}]",3,1,CYBERSECURITY
SKIT/2023/CSE/0289,CSE (AI/ML),5,7.55,74.0,69.4,75.9,93.7,77.5,66.1,87.5,"iot_embedded,cloud_devops,ai_ml","[{""name"": ""cpp"", ""level"": ""advanced""}, {""name"": ""arduino"", ""level"": ""advanced""}, {""name"": ""mqtt"", ""level"": ""intermediate""}, {""name"": ""c"", ""level"": ""intermediate""}, {""name"": ""python"", ""level"": ""intermediate""}, {""name"": ""raspberry_pi"", ""level"": ""intermediate""}]",3,0,IOT_EMBEDDED_SYSTEMS
SKIT/2023/CSE/0352,Information Technology,7,7.43,67.5,73.5,75.9,98.2,72.5,67.5,84.3,"iot_embedded,cloud_devops","[{""name"": ""cpp"", ""level"": ""advanced""}, {""name"": ""esp32"", ""level"": ""intermediate""}, {""name"": ""arduino"", ""level"": ""advanced""}, {""name"": ""mqtt"", ""level"": ""intermediate""}, {""name"": ""c"", ""level"": ""intermediate""}, {""name"": ""python"", ""level"": ""intermediate""}, {""name"": ""linux"", ""level"": ""intermediate""}, {""name"": ""raspberry_pi"", ""level"": ""beginner""}]",3,1,IOT_EMBEDDED_SYSTEMS
SKIT/2023/CSE/0882,CSE,6,8.48,77.6,86.0,92.4,68.8,82.0,90.5,99.0,"cybersecurity,cloud_devops","[{""name"": ""linux"", ""level"": ""advanced""}, {""name"": ""python"", ""level"": ""intermediate""}, {""name"": ""cpp"", ""level"": ""intermediate""}, {""name"": ""git"", ""level"": ""intermediate""}, {""name"": ""c"", ""level"": ""beginner""}, {""name"": ""aws"", ""level"": ""intermediate""}]",2,3,CYBERSECURITY
SKIT/2023/CSE/0353,CSE (IoT),5,8.09,76.0,80.7,85.4,99.0,83.4,78.6,84.5,iot_embedded,"[{""name"": ""cpp"", ""level"": ""advanced""}, {""name"": ""esp32"", ""level"": ""intermediate""}, {""name"": ""arduino"", ""level"": ""advanced""}, {""name"": ""mqtt"", ""level"": ""intermediate""}, {""name"": ""c"", ""level"": ""intermediate""}, {""name"": ""influxdb"", ""level"": ""beginner""}, {""name"": ""linux"", ""level"": ""beginner""}, {""name"": ""raspberry_pi"", ""level"": ""beginner""}]",3,1,IOT_EMBEDDED_SYSTEMS
SKIT/2023/CSE/0785,CSE (AI/ML),7,8.54,82.8,99.0,84.4,78.2,99.0,80.9,83.0,"data_analytics,web_development","[{""name"": ""python"", ""level"": ""advanced""}, {""name"": ""sql"", ""level"": ""advanced""}, {""name"": ""postgresql"", ""level"": ""intermediate""}, {""name"": ""mysql"", ""level"": ""intermediate""}, {""name"": ""mongodb"", ""level"": ""intermediate""}]",1,2,DATA_ANALYTICS
SKIT/2023/CSE/0798,CSE (IoT),7,8.15,72.3,99.0,87.6,72.1,87.5,80.9,76.3,data_analytics,"[{""name"": ""python"", ""level"": ""advanced""}, {""name"": ""sql"", ""level"": ""advanced""}, {""name"": ""postgresql"", ""level"": ""intermediate""}, {""name"": ""mysql"", ""level"": ""intermediate""}, {""name"": ""scikit_learn"", ""level"": ""beginner""}]",3,0,DATA_ANALYTICS
SKIT/2023/CSE/0026,CSE (IoT),7,7.58,94.3,80.7,75.0,81.6,77.4,63.1,69.8,web_development,"[{""name"": ""javascript"", ""level"": ""advanced""}, {""name"": ""react"", ""level"": ""intermediate""}, {""name"": ""html_css"", ""level"": ""advanced""}, {""name"": ""nodejs"", ""level"": ""intermediate""}, {""name"": ""mongodb"", ""level"": ""intermediate""}, {""name"": ""typescript"", ""level"": ""intermediate""}, {""name"": ""git"", ""level"": ""intermediate""}]",5,1,MERN_FULL_STACK
SKIT/2023/CSE/0451,Information Technology,7,8.0,78.5,82.3,71.6,81.8,77.6,90.8,95.5,"cloud_devops,cybersecurity","[{""name"": ""docker"", ""level"": ""advanced""}, {""name"": ""linux"", ""level"": ""advanced""}, {""name"": ""aws"", ""level"": ""intermediate""}, {""name"": ""kubernetes"", ""level"": ""intermediate""}, {""name"": ""git"", ""level"": ""advanced""}, {""name"": ""python"", ""level"": ""beginner""}, {""name"": ""nodejs"", ""level"": ""beginner""}]",0,0,CLOUD_DEVOPS
SKIT/2023/CSE/0591,CSE (AI/ML),5,8.12,80.1,88.3,90.5,74.9,78.4,79.5,80.7,"mobile_dev,cloud_devops","[{""name"": ""flutter"", ""level"": ""advanced""}, {""name"": ""java"", ""level"": ""intermediate""}, {""name"": ""javascript"", ""level"": ""intermediate""}, {""name"": ""sql"", ""level"": ""beginner""}]",3,1,MOBILE_APP_DEV
SKIT/2023/CSE/0746,Information Technology,7,9.56,85.8,99.0,95.2,91.4,99.0,92.9,95.0,"data_analytics,ai_ml","[{""name"": ""sql"", ""level"": ""advanced""}, {""name"": ""postgresql"", ""level"": ""intermediate""}, {""name"": ""mysql"", ""level"": ""intermediate""}, {""name"": ""git"", ""level"": ""beginner""}, {""name"": ""mongodb"", ""level"": ""beginner""}]",4,3,DATA_ANALYTICS
SKIT/2023/CSE/0117,Information Technology,6,8.88,99.0,93.7,90.4,80.4,87.6,83.7,86.4,web_development,"[{""name"": ""javascript"", ""level"": ""advanced""}, {""name"": ""react"", ""level"": ""intermediate""}, {""name"": ""html_css"", ""level"": ""advanced""}, {""name"": ""nodejs"", ""level"": ""intermediate""}, {""name"": ""mongodb"", ""level"": ""intermediate""}, {""name"": ""typescript"", ""level"": ""intermediate""}, {""name"": ""express"", ""level"": ""intermediate""}]",1,1,MERN_FULL_STACK
SKIT/2023/CSE/0838,CSE (IoT),5,6.07,55.7,82.4,67.9,52.6,62.1,56.9,62.2,"data_analytics,web_development","[{""name"": ""python"", ""level"": ""advanced""}, {""name"": ""sql"", ""level"": ""advanced""}, {""name"": ""postgresql"", ""level"": ""intermediate""}, {""name"": ""mysql"", ""level"": ""intermediate""}]",2,0,DATA_ANALYTICS
SKIT/2023/CSE/0810,CSE,6,7.03,64.0,89.6,74.2,66.4,87.3,63.3,76.1,"data_analytics,ai_ml","[{""name"": ""python"", ""level"": ""advanced""}, {""name"": ""sql"", ""level"": ""advanced""}, {""name"": ""mysql"", ""level"": ""intermediate""}, {""name"": ""mongodb"", ""level"": ""beginner""}]",1,1,DATA_ANALYTICS
SKIT/2023/CSE/0292,CSE (AI/ML),6,7.78,70.3,72.4,77.6,99.0,71.0,72.0,89.5,iot_embedded,"[{""name"": ""cpp"", ""level"": ""advanced""}, {""name"": ""esp32"", ""level"": ""intermediate""}, {""name"": ""arduino"", ""level"": ""advanced""}, {""name"": ""mqtt"", ""level"": ""intermediate""}, {""name"": ""c"", ""level"": ""intermediate""}, {""name"": ""influxdb"", ""level"": ""intermediate""}, {""name"": ""linux"", ""level"": ""intermediate""}, {""name"": ""raspberry_pi"", ""level"": ""beginner""}]",4,2,IOT_EMBEDDED_SYSTEMS
SKIT/2023/CSE/0023,Information Technology,5,8.38,98.3,80.1,92.0,76.6,90.2,83.1,80.0,web_development,"[{""name"": ""javascript"", ""level"": ""advanced""}, {""name"": ""react"", ""level"": ""intermediate""}, {""name"": ""html_css"", ""level"": ""advanced""}, {""name"": ""nodejs"", ""level"": ""intermediate""}, {""name"": ""mongodb"", ""level"": ""intermediate""}, {""name"": ""typescript"", ""level"": ""beginner""}, {""name"": ""express"", ""level"": ""intermediate""}]",3,0,MERN_FULL_STACK
SKIT/2023/CSE/0599,CSE,5,6.69,75.7,77.4,81.5,63.2,58.7,64.4,60.1,mobile_dev,"[{""name"": ""flutter"", ""level"": ""advanced""}, {""name"": ""java"", ""level"": ""intermediate""}, {""name"": ""javascript"", ""level"": ""intermediate""}, {""name"": ""git"", ""level"": ""intermediate""}, {""name"": ""sql"", ""level"": ""intermediate""}]",2,2,MOBILE_APP_DEV
SKIT/2023/CSE/0704,CSE (AI/ML),7,8.93,99.0,99.0,89.9,92.9,85.7,92.8,82.8,"mobile_dev,web_development","[{""name"": ""flutter"", ""level"": ""advanced""}, {""name"": ""java"", ""level"": ""intermediate""}, {""name"": ""javascript"", ""level"": ""intermediate""}, {""name"": ""git"", ""level"": ""intermediate""}, {""name"": ""typescript"", ""level"": ""intermediate""}, {""name"": ""react"", ""level"": ""beginner""}]",1,1,MOBILE_APP_DEV
SKIT/2023/CSE/0865,CSE (IoT),7,8.93,91.1,87.1,98.0,95.6,80.0,97.5,99.0,cybersecurity,"[{""name"": ""linux"", ""level"": ""advanced""}, {""name"": ""python"", ""level"": ""intermediate""}, {""name"": ""cpp"", ""level"": ""intermediate""}, {""name"": ""git"", ""level"": ""intermediate""}, {""name"": ""c"", ""level"": ""beginner""}]",4,2,CYBERSECURITY
SKIT/2023/CSE/0093,Information Technology,5,9.1,95.3,99.0,96.1,89.9,89.3,85.2,88.4,"web_development,mobile_dev","[{""name"": ""javascript"", ""level"": ""advanced""}, {""name"": ""react"", ""level"": ""intermediate""}, {""name"": ""html_css"", ""level"": ""advanced""}, {""name"": ""nodejs"", ""level"": ""intermediate""}, {""name"": ""mongodb"", ""level"": ""intermediate""}, {""name"": ""express"", ""level"": ""intermediate""}, {""name"": ""git"", ""level"": ""beginner""}]",1,2,MERN_FULL_STACK
SKIT/2023/CSE/0393,Information Technology,6,8.33,82.2,75.4,83.0,99.0,75.1,85.1,94.1,"iot_embedded,cybersecurity","[{""name"": ""cpp"", ""level"": ""advanced""}, {""name"": ""esp32"", ""level"": ""intermediate""}, {""name"": ""arduino"", ""level"": ""advanced""}, {""name"": ""mqtt"", ""level"": ""intermediate""}, {""name"": ""python"", ""level"": ""intermediate""}, {""name"": ""linux"", ""level"": ""intermediate""}, {""name"": ""raspberry_pi"", ""level"": ""intermediate""}]",3,1,IOT_EMBEDDED_SYSTEMS
SKIT/2023/CSE/0919,CSE (IoT),6,7.73,76.2,72.1,85.1,62.5,73.1,77.0,87.4,"cybersecurity,cloud_devops,data_analytics","[{""name"": ""linux"", ""level"": ""advanced""}, {""name"": ""python"", ""level"": ""intermediate""}, {""name"": ""cpp"", ""level"": ""intermediate""}, {""name"": ""git"", ""level"": ""intermediate""}, {""name"": ""docker"", ""level"": ""intermediate""}, {""name"": ""c"", ""level"": ""intermediate""}]",4,2,CYBERSECURITY
SKIT/2023/CSE/0932,Information Technology,7,8.4,92.8,82.2,85.2,77.9,79.9,90.0,99.0,"cybersecurity,cloud_devops","[{""name"": ""linux"", ""level"": ""advanced""}, {""name"": ""python"", ""level"": ""intermediate""}, {""name"": ""cpp"", ""level"": ""intermediate""}, {""name"": ""git"", ""level"": ""intermediate""}, {""name"": ""c"", ""level"": ""intermediate""}]",4,1,CYBERSECURITY
SKIT/2023/CSE/0918,Information Technology,7,8.71,82.3,85.7,91.8,85.7,83.6,92.8,99.0,cybersecurity,"[{""name"": ""linux"", ""level"": ""advanced""}, {""name"": ""python"", ""level"": ""intermediate""}, {""name"": ""git"", ""level"": ""intermediate""}, {""name"": ""c"", ""level"": ""intermediate""}]",2,1,CYBERSECURITY
SKIT/2023/CSE/0202,CSE (IoT),6,7.67,69.9,77.2,79.4,73.4,95.1,62.4,79.9,ai_ml,"[{""name"": ""python"", ""level"": ""advanced""}, {""name"": ""scikit_learn"", ""level"": ""intermediate""}, {""name"": ""pytorch"", ""level"": ""intermediate""}, {""name"": ""sql"", ""level"": ""intermediate""}, {""name"": ""tensorflow"", ""level"": ""beginner""}, {""name"": ""fastapi"", ""level"": ""beginner""}, {""name"": ""docker"", ""level"": ""intermediate""}]",4,1,AI_ML_ENGINEERING
SKIT/2023/CSE/0936,Information Technology,7,9.19,84.2,87.8,93.6,91.5,84.6,98.8,98.9,"cybersecurity,iot_embedded","[{""name"": ""linux"", ""level"": ""advanced""}, {""name"": ""cpp"", ""level"": ""intermediate""}, {""name"": ""docker"", ""level"": ""beginner""}, {""name"": ""aws"", ""level"": ""intermediate""}]",2,1,CYBERSECURITY
SKIT/2023/CSE/0741,Information Technology,6,6.21,59.1,78.7,70.3,59.3,72.3,64.9,52.4,data_analytics,"[{""name"": ""python"", ""level"": ""advanced""}, {""name"": ""sql"", ""level"": ""advanced""}, {""name"": ""postgresql"", ""level"": ""intermediate""}, {""name"": ""mysql"", ""level"": ""intermediate""}, {""name"": ""scikit_learn"", ""level"": ""beginner""}, {""name"": ""git"", ""level"": ""beginner""}]",4,1,DATA_ANALYTICS
SKIT/2023/CSE/0454,CSE,5,7.07,69.0,71.5,71.5,67.9,68.7,85.3,86.7,"cloud_devops,web_development","[{""name"": ""docker"", ""level"": ""advanced""}, {""name"": ""linux"", ""level"": ""advanced""}, {""name"": ""aws"", ""level"": ""intermediate""}, {""name"": ""kubernetes"", ""level"": ""intermediate""}, {""name"": ""git"", ""level"": ""advanced""}, {""name"": ""python"", ""level"": ""beginner""}, {""name"": ""nodejs"", ""level"": ""beginner""}]",3,2,CLOUD_DEVOPS
SKIT/2023/CSE/0592,CSE (IoT),7,9.8,99.0,99.0,99.0,92.9,84.4,93.2,99.0,"mobile_dev,cloud_devops","[{""name"": ""flutter"", ""level"": ""advanced""}, {""name"": ""java"", ""level"": ""intermediate""}, {""name"": ""javascript"", ""level"": ""intermediate""}, {""name"": ""git"", ""level"": ""intermediate""}, {""name"": ""typescript"", ""level"": ""intermediate""}, {""name"": ""react"", ""level"": ""intermediate""}]",2,1,MOBILE_APP_DEV
SKIT/2023/CSE/0633,CSE (AI/ML),5,7.74,80.6,85.4,89.4,67.2,78.4,69.5,67.6,"mobile_dev,web_development","[{""name"": ""flutter"", ""level"": ""advanced""}, {""name"": ""java"", ""level"": ""intermediate""}, {""name"": ""javascript"", ""level"": ""intermediate""}, {""name"": ""git"", ""level"": ""intermediate""}, {""name"": ""typescript"", ""level"": ""intermediate""}, {""name"": ""react"", ""level"": ""beginner""}]",2,2,MOBILE_APP_DEV
SKIT/2023/CSE/0986,CSE (IoT),6,8.8,86.6,77.1,91.3,78.7,84.2,91.0,99.0,cybersecurity,"[{""name"": ""linux"", ""level"": ""advanced""}, {""name"": ""python"", ""level"": ""intermediate""}, {""name"": ""git"", ""level"": ""intermediate""}]",1,0,CYBERSECURITY
SKIT/2023/CSE/0977,CSE (AI/ML),7,7.73,73.9,86.1,85.3,63.3,70.7,75.8,91.8,"cybersecurity,cloud_devops","[{""name"": ""linux"", ""level"": ""advanced""}, {""name"": ""python"", ""level"": ""intermediate""}, {""name"": ""cpp"", ""level"": ""intermediate""}, {""name"": ""git"", ""level"": ""intermediate""}]",3,2,CYBERSECURITY
SKIT/2023/CSE/0360,CSE (IoT),5,8.44,85.0,83.3,88.4,99.0,73.3,81.1,91.7,iot_embedded,"[{""name"": ""cpp"", ""level"": ""advanced""}, {""name"": ""esp32"", ""level"": ""intermediate""}, {""name"": ""arduino"", ""level"": ""advanced""}, {""name"": ""mqtt"", ""level"": ""intermediate""}, {""name"": ""c"", ""level"": ""intermediate""}, {""name"": ""python"", ""level"": ""beginner""}, {""name"": ""influxdb"", ""level"": ""intermediate""}, {""name"": ""linux"", ""level"": ""intermediate""}, {""name"": ""raspberry_pi"", ""level"": ""intermediate""}]",0,1,IOT_EMBEDDED_SYSTEMS
SKIT/2023/CSE/0700,CSE (AI/ML),5,6.53,65.5,71.9,71.7,67.5,53.7,66.9,66.2,"mobile_dev,web_development","[{""name"": ""java"", ""level"": ""intermediate""}, {""name"": ""javascript"", ""level"": ""intermediate""}, {""name"": ""git"", ""level"": ""intermediate""}, {""name"": ""typescript"", ""level"": ""intermediate""}]",1,1,MOBILE_APP_DEV
SKIT/2023/CSE/0981,CSE (IoT),6,7.96,78.1,77.9,88.6,73.6,64.0,84.7,91.2,"cybersecurity,cloud_devops","[{""name"": ""linux"", ""level"": ""advanced""}, {""name"": ""python"", ""level"": ""intermediate""}, {""name"": ""cpp"", ""level"": ""intermediate""}, {""name"": ""git"", ""level"": ""intermediate""}]",4,0,CYBERSECURITY
SKIT/2023/CSE/0264,CSE (AI/ML),7,6.76,69.9,73.9,69.5,65.3,79.1,69.7,69.5,ai_ml,"[{""name"": ""python"", ""level"": ""advanced""}, {""name"": ""pytorch"", ""level"": ""intermediate""}, {""name"": ""sql"", ""level"": ""intermediate""}, {""name"": ""git"", ""level"": ""intermediate""}]",5,0,AI_ML_ENGINEERING
SKIT/2023/CSE/0632,CSE,6,6.29,69.2,69.1,78.7,63.0,71.3,59.1,55.4,"mobile_dev,cloud_devops","[{""name"": ""flutter"", ""level"": ""advanced""}, {""name"": ""java"", ""level"": ""intermediate""}, {""name"": ""javascript"", ""level"": ""intermediate""}, {""name"": ""git"", ""level"": ""intermediate""}, {""name"": ""react"", ""level"": ""beginner""}]",4,0,MOBILE_APP_DEV
SKIT/2023/CSE/0987,CSE (IoT),5,8.81,91.7,88.6,99.0,82.0,80.5,91.8,99.0,"cybersecurity,iot_embedded","[{""name"": ""linux"", ""level"": ""advanced""}, {""name"": ""python"", ""level"": ""intermediate""}, {""name"": ""cpp"", ""level"": ""intermediate""}, {""name"": ""c"", ""level"": ""intermediate""}]",4,0,CYBERSECURITY
SKIT/2023/CSE/0061,CSE (AI/ML),5,7.28,87.8,92.0,74.7,74.9,65.7,69.0,78.0,"web_development,mobile_dev","[{""name"": ""javascript"", ""level"": ""advanced""}, {""name"": ""react"", ""level"": ""intermediate""}, {""name"": ""html_css"", ""level"": ""advanced""}, {""name"": ""nodejs"", ""level"": ""intermediate""}, {""name"": ""mongodb"", ""level"": ""intermediate""}, {""name"": ""typescript"", ""level"": ""beginner""}, {""name"": ""docker"", ""level"": ""intermediate""}]",2,3,MERN_FULL_STACK
SKIT/2023/CSE/0976,Information Technology,5,7.43,74.1,71.7,80.8,78.3,73.9,79.1,90.1,"cybersecurity,iot_embedded,ai_ml","[{""name"": ""linux"", ""level"": ""advanced""}, {""name"": ""python"", ""level"": ""intermediate""}, {""name"": ""git"", ""level"": ""intermediate""}, {""name"": ""c"", ""level"": ""beginner""}]",1,1,CYBERSECURITY
SKIT/2023/CSE/0490,CSE (IoT),6,8.58,79.0,92.4,74.0,82.4,83.8,99.0,93.7,"cloud_devops,cybersecurity","[{""name"": ""docker"", ""level"": ""advanced""}, {""name"": ""linux"", ""level"": ""advanced""}, {""name"": ""aws"", ""level"": ""intermediate""}, {""name"": ""kubernetes"", ""level"": ""intermediate""}, {""name"": ""git"", ""level"": ""advanced""}, {""name"": ""nodejs"", ""level"": ""beginner""}, {""name"": ""sql"", ""level"": ""intermediate""}]",3,1,CLOUD_DEVOPS
SKIT/2023/CSE/0329,CSE (IoT),5,8.38,83.7,78.8,82.5,96.8,74.2,85.7,89.2,"iot_embedded,mobile_dev","[{""name"": ""cpp"", ""level"": ""advanced""}, {""name"": ""esp32"", ""level"": ""intermediate""}, {""name"": ""arduino"", ""level"": ""advanced""}, {""name"": ""mqtt"", ""level"": ""intermediate""}, {""name"": ""c"", ""level"": ""intermediate""}, {""name"": ""influxdb"", ""level"": ""intermediate""}, {""name"": ""linux"", ""level"": ""intermediate""}, {""name"": ""raspberry_pi"", ""level"": ""intermediate""}]",2,1,IOT_EMBEDDED_SYSTEMS
SKIT/2023/CSE/0642,CSE (IoT),6,7.44,77.3,80.1,86.2,77.4,61.9,65.9,74.7,"mobile_dev,web_development,ai_ml","[{""name"": ""flutter"", ""level"": ""advanced""}, {""name"": ""java"", ""level"": ""intermediate""}, {""name"": ""javascript"", ""level"": ""intermediate""}, {""name"": ""git"", ""level"": ""intermediate""}, {""name"": ""react"", ""level"": ""beginner""}]",4,1,MOBILE_APP_DEV
SKIT/2023/CSE/0880,CSE (AI/ML),7,8.56,82.9,78.0,90.6,70.5,82.4,95.1,99.0,cybersecurity,"[{""name"": ""linux"", ""level"": ""advanced""}, {""name"": ""python"", ""level"": ""intermediate""}, {""name"": ""cpp"", ""level"": ""intermediate""}, {""name"": ""git"", ""level"": ""intermediate""}, {""name"": ""docker"", ""level"": ""beginner""}, {""name"": ""c"", ""level"": ""beginner""}, {""name"": ""aws"", ""level"": ""intermediate""}]",3,0,CYBERSECURITY
SKIT/2023/CSE/0866,CSE,6,7.32,79.1,79.9,86.4,69.2,70.8,75.2,87.3,"cybersecurity,cloud_devops","[{""name"": ""linux"", ""level"": ""advanced""}, {""name"": ""python"", ""level"": ""intermediate""}, {""name"": ""cpp"", ""level"": ""intermediate""}, {""name"": ""git"", ""level"": ""intermediate""}, {""name"": ""c"", ""level"": ""intermediate""}]",0,1,CYBERSECURITY
SKIT/2023/CSE/0815,Information Technology,5,7.21,62.9,88.6,79.3,71.1,70.1,65.2,74.2,"data_analytics,web_development","[{""name"": ""sql"", ""level"": ""advanced""}, {""name"": ""postgresql"", ""level"": ""intermediate""}, {""name"": ""mysql"", ""level"": ""intermediate""}, {""name"": ""git"", ""level"": ""beginner""}]",2,2,DATA_ANALYTICS
SKIT/2023/CSE/0934,Information Technology,7,8.45,79.4,77.3,79.8,79.8,85.7,98.5,99.0,"cybersecurity,cloud_devops","[{""name"": ""linux"", ""level"": ""advanced""}, {""name"": ""python"", ""level"": ""intermediate""}, {""name"": ""cpp"", ""level"": ""intermediate""}, {""name"": ""git"", ""level"": ""intermediate""}, {""name"": ""c"", ""level"": ""intermediate""}]",2,5,CYBERSECURITY
SKIT/2023/CSE/0993,CSE (AI/ML),5,8.47,83.8,81.9,89.5,83.1,75.7,88.2,99.0,"cybersecurity,iot_embedded","[{""name"": ""linux"", ""level"": ""advanced""}, {""name"": ""python"", ""level"": ""intermediate""}, {""name"": ""cpp"", ""level"": ""intermediate""}, {""name"": ""git"", ""level"": ""intermediate""}, {""name"": ""docker"", ""level"": ""beginner""}, {""name"": ""c"", ""level"": ""beginner""}]",4,1,CYBERSECURITY
SKIT/2023/CSE/0593,CSE (AI/ML),7,6.63,70.9,77.7,72.3,67.3,52.7,70.3,56.7,"mobile_dev,web_development","[{""name"": ""flutter"", ""level"": ""advanced""}, {""name"": ""java"", ""level"": ""intermediate""}, {""name"": ""javascript"", ""level"": ""intermediate""}, {""name"": ""git"", ""level"": ""intermediate""}, {""name"": ""typescript"", ""level"": ""beginner""}]",4,0,MOBILE_APP_DEV
SKIT/2023/CSE/0619,CSE (AI/ML),5,7.8,85.9,85.8,78.0,75.7,72.6,69.9,70.4,"mobile_dev,cloud_devops","[{""name"": ""flutter"", ""level"": ""advanced""}, {""name"": ""java"", ""level"": ""intermediate""}, {""name"": ""javascript"", ""level"": ""intermediate""}, {""name"": ""git"", ""level"": ""intermediate""}, {""name"": ""typescript"", ""level"": ""intermediate""}]",2,0,MOBILE_APP_DEV
SKIT/2023/CSE/0863,CSE (IoT),7,7.68,65.9,71.1,83.0,71.2,67.9,79.6,96.6,"cybersecurity,cloud_devops,web_development","[{""name"": ""python"", ""level"": ""intermediate""}, {""name"": ""cpp"", ""level"": ""intermediate""}, {""name"": ""git"", ""level"": ""intermediate""}, {""name"": ""c"", ""level"": ""beginner""}]",3,0,CYBERSECURITY
SKIT/2023/CSE/0191,CSE (AI/ML),5,7.72,66.1,76.8,78.4,74.4,93.7,69.8,74.3,"ai_ml,cloud_devops","[{""name"": ""python"", ""level"": ""advanced""}, {""name"": ""scikit_learn"", ""level"": ""intermediate""}, {""name"": ""sql"", ""level"": ""intermediate""}, {""name"": ""tensorflow"", ""level"": ""intermediate""}, {""name"": ""git"", ""level"": ""intermediate""}, {""name"": ""linux"", ""level"": ""beginner""}, {""name"": ""docker"", ""level"": ""intermediate""}]",0,1,AI_ML_ENGINEERING
SKIT/2023/CSE/0179,CSE,5,8.5,79.3,95.8,88.7,79.0,83.4,82.8,74.1,"ai_ml,cloud_devops,mobile_dev","[{""name"": ""python"", ""level"": ""advanced""}, {""name"": ""scikit_learn"", ""level"": ""intermediate""}, {""name"": ""pytorch"", ""level"": ""intermediate""}, {""name"": ""tensorflow"", ""level"": ""intermediate""}, {""name"": ""linux"", ""level"": ""beginner""}, {""name"": ""docker"", ""level"": ""beginner""}]",1,1,AI_ML_ENGINEERING
SKIT/2023/CSE/0010,CSE,5,7.8,91.0,77.1,78.0,72.4,70.1,73.3,76.2,"web_development,cloud_devops","[{""name"": ""javascript"", ""level"": ""advanced""}, {""name"": ""react"", ""level"": ""intermediate""}, {""name"": ""html_css"", ""level"": ""advanced""}, {""name"": ""nodejs"", ""level"": ""intermediate""}, {""name"": ""mongodb"", ""level"": ""intermediate""}, {""name"": ""typescript"", ""level"": ""intermediate""}, {""name"": ""express"", ""level"": ""intermediate""}, {""name"": ""git"", ""level"": ""intermediate""}, {""name"": ""docker"", ""level"": ""beginner""}]",5,1,MERN_FULL_STACK
SKIT/2023/CSE/0912,CSE (AI/ML),7,8.11,77.5,87.0,89.3,75.8,73.0,92.8,99.0,"cybersecurity,cloud_devops","[{""name"": ""linux"", ""level"": ""advanced""}, {""name"": ""cpp"", ""level"": ""intermediate""}, {""name"": ""git"", ""level"": ""intermediate""}, {""name"": ""docker"", ""level"": ""intermediate""}]",0,1,CYBERSECURITY
SKIT/2023/CSE/0024,CSE (AI/ML),6,8.05,91.4,85.5,80.0,73.6,80.8,78.3,73.0,"web_development,mobile_dev","[{""name"": ""javascript"", ""level"": ""advanced""}, {""name"": ""react"", ""level"": ""intermediate""}, {""name"": ""html_css"", ""level"": ""advanced""}, {""name"": ""nodejs"", ""level"": ""intermediate""}, {""name"": ""mongodb"", ""level"": ""intermediate""}, {""name"": ""git"", ""level"": ""intermediate""}, {""name"": ""docker"", ""level"": ""intermediate""}]",5,3,MERN_FULL_STACK
SKIT/2023/CSE/0406,CSE (IoT),6,8.46,83.0,83.9,98.3,99.0,76.9,88.5,94.3,"iot_embedded,cybersecurity","[{""name"": ""esp32"", ""level"": ""intermediate""}, {""name"": ""mqtt"", ""level"": ""intermediate""}, {""name"": ""c"", ""level"": ""intermediate""}, {""name"": ""influxdb"", ""level"": ""beginner""}]",2,2,IOT_EMBEDDED_SYSTEMS
SKIT/2023/CSE/0108,CSE (AI/ML),6,7.31,89.4,72.0,76.3,69.4,72.3,70.0,64.6,"web_development,mobile_dev","[{""name"": ""javascript"", ""level"": ""advanced""}, {""name"": ""react"", ""level"": ""intermediate""}, {""name"": ""html_css"", ""level"": ""advanced""}, {""name"": ""nodejs"", ""level"": ""intermediate""}, {""name"": ""mongodb"", ""level"": ""intermediate""}, {""name"": ""typescript"", ""level"": ""intermediate""}, {""name"": ""git"", ""level"": ""beginner""}]",2,1,MERN_FULL_STACK
SKIT/2023/CSE/0966,CSE (IoT),6,6.54,66.8,64.3,66.2,61.5,61.7,80.6,78.5,"cybersecurity,cloud_devops","[{""name"": ""linux"", ""level"": ""advanced""}, {""name"": ""python"", ""level"": ""intermediate""}, {""name"": ""cpp"", ""level"": ""intermediate""}, {""name"": ""git"", ""level"": ""intermediate""}, {""name"": ""c"", ""level"": ""beginner""}, {""name"": ""aws"", ""level"": ""intermediate""}]",2,1,CYBERSECURITY
SKIT/2023/CSE/0802,Information Technology,6,7.26,69.5,95.0,73.1,74.0,79.1,64.8,73.1,"data_analytics,web_development","[{""name"": ""python"", ""level"": ""advanced""}, {""name"": ""sql"", ""level"": ""advanced""}, {""name"": ""postgresql"", ""level"": ""intermediate""}, {""name"": ""mysql"", ""level"": ""intermediate""}, {""name"": ""git"", ""level"": ""beginner""}]",3,3,DATA_ANALYTICS
SKIT/2023/CSE/0071,CSE (IoT),5,8.76,99.0,99.0,92.5,82.4,84.0,89.3,79.1,"web_development,cloud_devops,iot_embedded","[{""name"": ""javascript"", ""level"": ""advanced""}, {""name"": ""react"", ""level"": ""intermediate""}, {""name"": ""html_css"", ""level"": ""advanced""}, {""name"": ""nodejs"", ""level"": ""intermediate""}, {""name"": ""mongodb"", ""level"": ""intermediate""}, {""name"": ""typescript"", ""level"": ""intermediate""}, {""name"": ""express"", ""level"": ""beginner""}]",3,0,MERN_FULL_STACK
SKIT/2023/CSE/0646,Information Technology,6,6.5,71.6,71.3,74.7,62.8,68.0,59.2,73.5,"mobile_dev,web_development","[{""name"": ""flutter"", ""level"": ""advanced""}, {""name"": ""java"", ""level"": ""intermediate""}, {""name"": ""javascript"", ""level"": ""intermediate""}, {""name"": ""git"", ""level"": ""intermediate""}, {""name"": ""typescript"", ""level"": ""intermediate""}, {""name"": ""react"", ""level"": ""intermediate""}, {""name"": ""sql"", ""level"": ""intermediate""}]",2,1,MOBILE_APP_DEV
SKIT/2023/CSE/0652,Information Technology,6,6.85,81.3,72.6,76.7,65.3,78.3,70.9,70.9,"mobile_dev,cloud_devops","[{""name"": ""flutter"", ""level"": ""advanced""}, {""name"": ""java"", ""level"": ""intermediate""}, {""name"": ""javascript"", ""level"": ""intermediate""}, {""name"": ""git"", ""level"": ""intermediate""}, {""name"": ""typescript"", ""level"": ""beginner""}, {""name"": ""sql"", ""level"": ""intermediate""}]",3,1,MOBILE_APP_DEV
SKIT/2023/CSE/0019,CSE (IoT),7,7.0,82.8,84.3,73.1,69.2,60.1,78.4,75.7,"web_development,mobile_dev","[{""name"": ""javascript"", ""level"": ""advanced""}, {""name"": ""react"", ""level"": ""intermediate""}, {""name"": ""html_css"", ""level"": ""advanced""}, {""name"": ""nodejs"", ""level"": ""intermediate""}, {""name"": ""mongodb"", ""level"": ""intermediate""}, {""name"": ""typescript"", ""level"": ""beginner""}, {""name"": ""express"", ""level"": ""intermediate""}, {""name"": ""docker"", ""level"": ""intermediate""}]",4,1,MERN_FULL_STACK
SKIT/2023/CSE/0779,CSE,5,8.82,78.1,99.0,84.8,83.4,99.0,77.2,85.7,"data_analytics,ai_ml","[{""name"": ""python"", ""level"": ""advanced""}, {""name"": ""sql"", ""level"": ""advanced""}, {""name"": ""postgresql"", ""level"": ""intermediate""}, {""name"": ""mysql"", ""level"": ""intermediate""}, {""name"": ""git"", ""level"": ""intermediate""}, {""name"": ""mongodb"", ""level"": ""intermediate""}]",2,1,DATA_ANALYTICS
SKIT/2023/CSE/0467,CSE,5,8.21,88.5,85.3,81.0,77.5,87.7,91.3,94.5,"cloud_devops,web_development,data_analytics","[{""name"": ""docker"", ""level"": ""advanced""}, {""name"": ""linux"", ""level"": ""advanced""}, {""name"": ""aws"", ""level"": ""intermediate""}, {""name"": ""kubernetes"", ""level"": ""intermediate""}, {""name"": ""git"", ""level"": ""advanced""}, {""name"": ""python"", ""level"": ""intermediate""}, {""name"": ""nodejs"", ""level"": ""intermediate""}, {""name"": ""sql"", ""level"": ""intermediate""}]",4,0,CLOUD_DEVOPS
SKIT/2023/CSE/0794,CSE (IoT),6,8.79,91.4,99.0,93.2,87.8,99.0,90.5,85.7,"data_analytics,ai_ml","[{""name"": ""python"", ""level"": ""advanced""}, {""name"": ""sql"", ""level"": ""advanced""}, {""name"": ""postgresql"", ""level"": ""intermediate""}, {""name"": ""mysql"", ""level"": ""intermediate""}, {""name"": ""git"", ""level"": ""beginner""}]",3,2,DATA_ANALYTICS
SKIT/2023/CSE/0156,CSE,6,7.69,67.2,81.0,85.0,74.3,98.3,65.8,68.8,ai_ml,"[{""name"": ""python"", ""level"": ""advanced""}, {""name"": ""scikit_learn"", ""level"": ""intermediate""}, {""name"": ""pytorch"", ""level"": ""intermediate""}, {""name"": ""sql"", ""level"": ""intermediate""}, {""name"": ""tensorflow"", ""level"": ""intermediate""}, {""name"": ""fastapi"", ""level"": ""intermediate""}]",2,1,AI_ML_ENGINEERING
SKIT/2023/CSE/0733,Information Technology,6,8.1,63.3,97.3,88.2,81.1,93.9,81.7,84.9,"data_analytics,web_development","[{""name"": ""python"", ""level"": ""advanced""}, {""name"": ""sql"", ""level"": ""advanced""}, {""name"": ""postgresql"", ""level"": ""intermediate""}, {""name"": ""mysql"", ""level"": ""intermediate""}, {""name"": ""scikit_learn"", ""level"": ""beginner""}, {""name"": ""git"", ""level"": ""intermediate""}, {""name"": ""mongodb"", ""level"": ""beginner""}]",3,2,DATA_ANALYTICS
SKIT/2023/CSE/0041,Information Technology,7,9.06,97.5,86.5,96.7,86.2,86.7,84.2,84.8,web_development,"[{""name"": ""javascript"", ""level"": ""advanced""}, {""name"": ""react"", ""level"": ""intermediate""}, {""name"": ""html_css"", ""level"": ""advanced""}, {""name"": ""nodejs"", ""level"": ""intermediate""}, {""name"": ""mongodb"", ""level"": ""intermediate""}, {""name"": ""express"", ""level"": ""intermediate""}, {""name"": ""git"", ""level"": ""intermediate""}, {""name"": ""docker"", ""level"": ""intermediate""}]",1,0,MERN_FULL_STACK
SKIT/2023/CSE/0186,CSE (AI/ML),6,7.75,75.9,85.5,78.6,74.6,99.0,82.7,73.8,"ai_ml,cloud_devops,iot_embedded","[{""name"": ""python"", ""level"": ""advanced""}, {""name"": ""scikit_learn"", ""level"": ""intermediate""}, {""name"": ""pytorch"", ""level"": ""intermediate""}, {""name"": ""sql"", ""level"": ""intermediate""}, {""name"": ""tensorflow"", ""level"": ""beginner""}, {""name"": ""linux"", ""level"": ""intermediate""}, {""name"": ""docker"", ""level"": ""intermediate""}]",3,1,AI_ML_ENGINEERING
SKIT/2023/CSE/0874,CSE (IoT),7,9.06,87.7,81.2,91.6,89.7,81.2,99.0,99.0,"cybersecurity,iot_embedded","[{""name"": ""linux"", ""level"": ""advanced""}, {""name"": ""python"", ""level"": ""intermediate""}, {""name"": ""cpp"", ""level"": ""intermediate""}, {""name"": ""git"", ""level"": ""intermediate""}, {""name"": ""docker"", ""level"": ""intermediate""}, {""name"": ""aws"", ""level"": ""beginner""}]",2,5,CYBERSECURITY
SKIT/2023/CSE/0526,CSE,7,8.33,91.8,87.5,87.6,69.9,72.1,99.0,86.4,"cloud_devops,cybersecurity,web_development","[{""name"": ""docker"", ""level"": ""advanced""}, {""name"": ""linux"", ""level"": ""advanced""}, {""name"": ""aws"", ""level"": ""intermediate""}, {""name"": ""git"", ""level"": ""advanced""}, {""name"": ""python"", ""level"": ""intermediate""}, {""name"": ""nodejs"", ""level"": ""intermediate""}, {""name"": ""sql"", ""level"": ""beginner""}]",2,0,CLOUD_DEVOPS
SKIT/2023/CSE/0050,CSE (AI/ML),7,7.97,94.2,85.2,85.6,88.4,78.3,72.7,75.0,web_development,"[{""name"": ""javascript"", ""level"": ""advanced""}, {""name"": ""react"", ""level"": ""intermediate""}, {""name"": ""html_css"", ""level"": ""advanced""}, {""name"": ""nodejs"", ""level"": ""intermediate""}, {""name"": ""typescript"", ""level"": ""beginner""}, {""name"": ""docker"", ""level"": ""beginner""}]",2,1,MERN_FULL_STACK
SKIT/2023/CSE/0337,CSE (IoT),6,8.41,80.8,79.9,88.7,93.2,78.0,71.7,94.9,"iot_embedded,cybersecurity","[{""name"": ""cpp"", ""level"": ""advanced""}, {""name"": ""esp32"", ""level"": ""intermediate""}, {""name"": ""arduino"", ""level"": ""advanced""}, {""name"": ""mqtt"", ""level"": ""intermediate""}, {""name"": ""c"", ""level"": ""intermediate""}, {""name"": ""influxdb"", ""level"": ""intermediate""}, {""name"": ""linux"", ""level"": ""beginner""}]",3,1,IOT_EMBEDDED_SYSTEMS
SKIT/2023/CSE/0672,CSE (IoT),6,9.06,99.0,91.4,99.0,86.4,86.6,88.0,83.6,mobile_dev,"[{""name"": ""flutter"", ""level"": ""advanced""}, {""name"": ""java"", ""level"": ""intermediate""}, {""name"": ""git"", ""level"": ""intermediate""}, {""name"": ""react"", ""level"": ""beginner""}]",2,3,MOBILE_APP_DEV
SKIT/2023/CSE/0687,Information Technology,6,7.85,96.3,83.0,94.5,72.4,73.1,68.0,70.9,mobile_dev,"[{""name"": ""flutter"", ""level"": ""advanced""}, {""name"": ""java"", ""level"": ""intermediate""}, {""name"": ""javascript"", ""level"": ""intermediate""}, {""name"": ""git"", ""level"": ""intermediate""}, {""name"": ""typescript"", ""level"": ""beginner""}, {""name"": ""sql"", ""level"": ""intermediate""}]",5,3,MOBILE_APP_DEV
SKIT/2023/CSE/0775,CSE (IoT),7,7.65,71.6,92.9,81.1,76.2,90.2,79.8,73.6,data_analytics,"[{""name"": ""python"", ""level"": ""advanced""}, {""name"": ""sql"", ""level"": ""advanced""}, {""name"": ""postgresql"", ""level"": ""intermediate""}, {""name"": ""mysql"", ""level"": ""intermediate""}, {""name"": ""scikit_learn"", ""level"": ""intermediate""}, {""name"": ""mongodb"", ""level"": ""beginner""}]",3,3,DATA_ANALYTICS
SKIT/2023/CSE/0894,CSE (AI/ML),6,6.21,60.7,53.3,62.2,59.3,58.1,78.2,72.5,"cybersecurity,cloud_devops","[{""name"": ""linux"", ""level"": ""advanced""}, {""name"": ""python"", ""level"": ""intermediate""}, {""name"": ""cpp"", ""level"": ""intermediate""}, {""name"": ""git"", ""level"": ""intermediate""}, {""name"": ""aws"", ""level"": ""beginner""}]",4,1,CYBERSECURITY
SKIT/2023/CSE/0831,CSE,6,7.34,66.7,85.3,78.0,79.6,76.0,59.5,71.1,"data_analytics,ai_ml","[{""name"": ""python"", ""level"": ""advanced""}, {""name"": ""sql"", ""level"": ""advanced""}, {""name"": ""postgresql"", ""level"": ""intermediate""}, {""name"": ""scikit_learn"", ""level"": ""intermediate""}, {""name"": ""mongodb"", ""level"": ""intermediate""}]",3,0,DATA_ANALYTICS
SKIT/2023/CSE/0425,CSE (IoT),5,7.1,67.9,64.3,76.8,94.6,70.5,75.6,81.5,"iot_embedded,cybersecurity","[{""name"": ""cpp"", ""level"": ""advanced""}, {""name"": ""esp32"", ""level"": ""intermediate""}, {""name"": ""arduino"", ""level"": ""advanced""}, {""name"": ""mqtt"", ""level"": ""intermediate""}, {""name"": ""c"", ""level"": ""intermediate""}, {""name"": ""python"", ""level"": ""intermediate""}, {""name"": ""influxdb"", ""level"": ""intermediate""}]",3,2,IOT_EMBEDDED_SYSTEMS
SKIT/2023/CSE/0666,Information Technology,7,8.55,87.9,85.5,99.0,73.9,86.5,78.6,79.3,"mobile_dev,web_development","[{""name"": ""flutter"", ""level"": ""advanced""}, {""name"": ""java"", ""level"": ""intermediate""}, {""name"": ""javascript"", ""level"": ""intermediate""}, {""name"": ""git"", ""level"": ""intermediate""}, {""name"": ""typescript"", ""level"": ""beginner""}, {""name"": ""react"", ""level"": ""beginner""}]",2,1,MOBILE_APP_DEV
SKIT/2023/CSE/0561,CSE (AI/ML),6,8.19,74.2,75.6,71.2,77.9,72.1,99.0,88.4,"cloud_devops,cybersecurity","[{""name"": ""docker"", ""level"": ""advanced""}, {""name"": ""linux"", ""level"": ""advanced""}, {""name"": ""kubernetes"", ""level"": ""intermediate""}, {""name"": ""git"", ""level"": ""advanced""}, {""name"": ""sql"", ""level"": ""beginner""}]",4,2,CLOUD_DEVOPS
SKIT/2023/CSE/0573,CSE,6,6.44,75.8,66.2,69.6,51.8,60.1,54.9,61.5,"mobile_dev,web_development","[{""name"": ""flutter"", ""level"": ""advanced""}, {""name"": ""java"", ""level"": ""intermediate""}, {""name"": ""javascript"", ""level"": ""intermediate""}, {""name"": ""git"", ""level"": ""intermediate""}, {""name"": ""typescript"", ""level"": ""beginner""}, {""name"": ""react"", ""level"": ""intermediate""}]",4,2,MOBILE_APP_DEV
SKIT/2023/CSE/0060,Information Technology,6,6.43,75.1,77.8,62.7,63.9,52.3,71.5,59.5,"web_development,mobile_dev","[{""name"": ""javascript"", ""level"": ""advanced""}, {""name"": ""react"", ""level"": ""intermediate""}, {""name"": ""html_css"", ""level"": ""advanced""}, {""name"": ""nodejs"", ""level"": ""intermediate""}, {""name"": ""mongodb"", ""level"": ""intermediate""}, {""name"": ""typescript"", ""level"": ""intermediate""}, {""name"": ""express"", ""level"": ""beginner""}]",3,0,MERN_FULL_STACK
SKIT/2023/CSE/0278,CSE (IoT),6,7.91,71.5,88.2,86.1,77.9,95.5,85.7,78.2,"ai_ml,cloud_devops","[{""name"": ""python"", ""level"": ""advanced""}, {""name"": ""scikit_learn"", ""level"": ""intermediate""}, {""name"": ""pytorch"", ""level"": ""intermediate""}, {""name"": ""sql"", ""level"": ""intermediate""}, {""name"": ""tensorflow"", ""level"": ""intermediate""}, {""name"": ""linux"", ""level"": ""intermediate""}, {""name"": ""docker"", ""level"": ""intermediate""}]",0,2,AI_ML_ENGINEERING
SKIT/2023/CSE/0964,Information Technology,6,7.43,65.9,72.9,74.7,70.3,74.8,82.1,85.9,"cybersecurity,iot_embedded","[{""name"": ""linux"", ""level"": ""advanced""}, {""name"": ""python"", ""level"": ""intermediate""}, {""name"": ""git"", ""level"": ""intermediate""}, {""name"": ""c"", ""level"": ""beginner""}]",3,2,CYBERSECURITY
SKIT/2023/CSE/0630,CSE (IoT),5,8.45,93.9,85.7,96.8,85.5,75.3,85.1,84.9,"mobile_dev,web_development","[{""name"": ""flutter"", ""level"": ""advanced""}, {""name"": ""java"", ""level"": ""intermediate""}, {""name"": ""javascript"", ""level"": ""intermediate""}, {""name"": ""git"", ""level"": ""intermediate""}, {""name"": ""react"", ""level"": ""intermediate""}, {""name"": ""sql"", ""level"": ""beginner""}]",1,2,MOBILE_APP_DEV
SKIT/2023/CSE/0902,CSE (AI/ML),5,7.39,77.9,69.9,86.1,72.4,72.4,81.0,92.7,"cybersecurity,iot_embedded","[{""name"": ""linux"", ""level"": ""advanced""}, {""name"": ""python"", ""level"": ""intermediate""}, {""name"": ""cpp"", ""level"": ""intermediate""}, {""name"": ""git"", ""level"": ""intermediate""}, {""name"": ""c"", ""level"": ""intermediate""}]",2,2,CYBERSECURITY
SKIT/2023/CSE/0594,CSE,6,7.24,75.3,79.8,87.5,67.1,76.4,64.9,76.3,mobile_dev,"[{""name"": ""flutter"", ""level"": ""advanced""}, {""name"": ""java"", ""level"": ""intermediate""}, {""name"": ""javascript"", ""level"": ""intermediate""}, {""name"": ""git"", ""level"": ""intermediate""}, {""name"": ""typescript"", ""level"": ""beginner""}]",3,2,MOBILE_APP_DEV
SKIT/2023/CSE/0992,CSE (AI/ML),5,7.97,82.3,76.1,83.9,76.4,72.9,82.7,98.7,"cybersecurity,iot_embedded","[{""name"": ""linux"", ""level"": ""advanced""}, {""name"": ""cpp"", ""level"": ""intermediate""}, {""name"": ""git"", ""level"": ""intermediate""}, {""name"": ""c"", ""level"": ""intermediate""}]",6,1,CYBERSECURITY
SKIT/2023/CSE/0720,CSE (AI/ML),6,7.55,76.9,85.9,77.9,76.5,84.2,74.0,71.0,"data_analytics,ai_ml","[{""name"": ""python"", ""level"": ""advanced""}, {""name"": ""sql"", ""level"": ""advanced""}, {""name"": ""postgresql"", ""level"": ""intermediate""}, {""name"": ""mysql"", ""level"": ""intermediate""}, {""name"": ""git"", ""level"": ""beginner""}]",2,2,DATA_ANALYTICS
SKIT/2023/CSE/0620,CSE (IoT),7,8.28,86.6,85.6,99.0,83.6,83.2,76.2,81.4,mobile_dev,"[{""name"": ""flutter"", ""level"": ""advanced""}, {""name"": ""java"", ""level"": ""intermediate""}, {""name"": ""javascript"", ""level"": ""intermediate""}, {""name"": ""git"", ""level"": ""intermediate""}, {""name"": ""react"", ""level"": ""intermediate""}, {""name"": ""sql"", ""level"": ""beginner""}]",1,0,MOBILE_APP_DEV
SKIT/2023/CSE/0135,CSE,7,7.45,84.1,88.8,75.1,76.8,78.4,75.7,68.6,web_development,"[{""name"": ""javascript"", ""level"": ""advanced""}, {""name"": ""react"", ""level"": ""intermediate""}, {""name"": ""html_css"", ""level"": ""advanced""}, {""name"": ""mongodb"", ""level"": ""intermediate""}, {""name"": ""git"", ""level"": ""intermediate""}]",3,1,MERN_FULL_STACK
SKIT/2023/CSE/0223,Information Technology,5,9.02,87.1,94.8,90.3,79.8,99.0,78.5,89.6,"ai_ml,cloud_devops","[{""name"": ""python"", ""level"": ""advanced""}, {""name"": ""scikit_learn"", ""level"": ""intermediate""}, {""name"": ""pytorch"", ""level"": ""intermediate""}, {""name"": ""sql"", ""level"": ""intermediate""}, {""name"": ""tensorflow"", ""level"": ""intermediate""}, {""name"": ""fastapi"", ""level"": ""intermediate""}, {""name"": ""git"", ""level"": ""beginner""}, {""name"": ""linux"", ""level"": ""intermediate""}, {""name"": ""docker"", ""level"": ""beginner""}]",1,1,AI_ML_ENGINEERING
SKIT/2023/CSE/0670,CSE (AI/ML),7,7.06,76.6,65.0,74.4,76.1,75.3,67.4,75.4,"mobile_dev,cloud_devops","[{""name"": ""flutter"", ""level"": ""advanced""}, {""name"": ""java"", ""level"": ""intermediate""}, {""name"": ""javascript"", ""level"": ""intermediate""}, {""name"": ""git"", ""level"": ""intermediate""}, {""name"": ""react"", ""level"": ""beginner""}, {""name"": ""sql"", ""level"": ""beginner""}]",2,1,MOBILE_APP_DEV
SKIT/2023/CSE/0688,Information Technology,6,8.64,95.1,78.3,96.1,88.2,84.7,84.3,73.4,"mobile_dev,web_development","[{""name"": ""flutter"", ""level"": ""advanced""}, {""name"": ""java"", ""level"": ""intermediate""}, {""name"": ""javascript"", ""level"": ""intermediate""}, {""name"": ""git"", ""level"": ""intermediate""}, {""name"": ""sql"", ""level"": ""intermediate""}]",2,2,MOBILE_APP_DEV
SKIT/2023/CSE/0037,CSE (IoT),7,7.07,82.3,70.0,72.2,67.4,55.7,66.6,67.3,"web_development,mobile_dev","[{""name"": ""javascript"", ""level"": ""advanced""}, {""name"": ""react"", ""level"": ""intermediate""}, {""name"": ""nodejs"", ""level"": ""intermediate""}, {""name"": ""mongodb"", ""level"": ""intermediate""}, {""name"": ""express"", ""level"": ""intermediate""}]",2,2,MERN_FULL_STACK
SKIT/2023/CSE/0160,CSE (AI/ML),5,6.32,51.9,67.1,67.3,60.6,79.4,60.2,63.1,"ai_ml,data_analytics","[{""name"": ""python"", ""level"": ""advanced""}, {""name"": ""scikit_learn"", ""level"": ""intermediate""}, {""name"": ""pytorch"", ""level"": ""intermediate""}, {""name"": ""sql"", ""level"": ""intermediate""}, {""name"": ""fastapi"", ""level"": ""intermediate""}]",1,2,AI_ML_ENGINEERING
SKIT/2023/CSE/0299,CSE (IoT),6,6.53,60.0,64.4,71.5,84.8,60.6,61.5,77.8,"iot_embedded,cloud_devops","[{""name"": ""cpp"", ""level"": ""advanced""}, {""name"": ""esp32"", ""level"": ""intermediate""}, {""name"": ""arduino"", ""level"": ""advanced""}, {""name"": ""mqtt"", ""level"": ""intermediate""}, {""name"": ""c"", ""level"": ""intermediate""}, {""name"": ""python"", ""level"": ""beginner""}, {""name"": ""influxdb"", ""level"": ""intermediate""}, {""name"": ""linux"", ""level"": ""beginner""}, {""name"": ""raspberry_pi"", ""level"": ""beginner""}]",1,1,IOT_EMBEDDED_SYSTEMS
SKIT/2023/CSE/0340,CSE (AI/ML),7,8.02,68.6,76.9,91.8,99.0,73.1,74.2,82.5,iot_embedded,"[{""name"": ""cpp"", ""level"": ""advanced""}, {""name"": ""esp32"", ""level"": ""intermediate""}, {""name"": ""arduino"", ""level"": ""advanced""}, {""name"": ""mqtt"", ""level"": ""intermediate""}, {""name"": ""c"", ""level"": ""intermediate""}, {""name"": ""influxdb"", ""level"": ""intermediate""}, {""name"": ""linux"", ""level"": ""beginner""}]",3,2,IOT_EMBEDDED_SYSTEMS
SKIT/2023/CSE/0306,CSE (IoT),5,6.66,54.3,61.4,68.7,83.3,57.4,61.3,76.6,"iot_embedded,cloud_devops","[{""name"": ""cpp"", ""level"": ""advanced""}, {""name"": ""esp32"", ""level"": ""intermediate""}, {""name"": ""arduino"", ""level"": ""advanced""}, {""name"": ""mqtt"", ""level"": ""intermediate""}, {""name"": ""influxdb"", ""level"": ""intermediate""}, {""name"": ""linux"", ""level"": ""beginner""}, {""name"": ""raspberry_pi"", ""level"": ""beginner""}]",4,0,IOT_EMBEDDED_SYSTEMS
SKIT/2023/CSE/0178,CSE (IoT),6,6.03,61.7,59.2,70.9,57.3,72.5,55.2,60.7,ai_ml,"[{""name"": ""python"", ""level"": ""advanced""}, {""name"": ""scikit_learn"", ""level"": ""intermediate""}, {""name"": ""pytorch"", ""level"": ""intermediate""}, {""name"": ""sql"", ""level"": ""intermediate""}, {""name"": ""tensorflow"", ""level"": ""intermediate""}, {""name"": ""git"", ""level"": ""intermediate""}, {""name"": ""docker"", ""level"": ""beginner""}]",4,1,AI_ML_ENGINEERING
SKIT/2023/CSE/0722,Information Technology,7,8.36,78.3,97.9,94.3,79.0,97.6,78.3,87.8,"data_analytics,ai_ml","[{""name"": ""python"", ""level"": ""advanced""}, {""name"": ""sql"", ""level"": ""advanced""}, {""name"": ""postgresql"", ""level"": ""intermediate""}, {""name"": ""mysql"", ""level"": ""intermediate""}]",1,2,DATA_ANALYTICS
SKIT/2023/CSE/0468,CSE (IoT),6,9.8,91.8,99.0,89.9,94.6,91.9,99.0,99.0,"cloud_devops,cybersecurity","[{""name"": ""docker"", ""level"": ""advanced""}, {""name"": ""linux"", ""level"": ""advanced""}, {""name"": ""aws"", ""level"": ""intermediate""}, {""name"": ""kubernetes"", ""level"": ""intermediate""}, {""name"": ""git"", ""level"": ""advanced""}, {""name"": ""python"", ""level"": ""beginner""}, {""name"": ""sql"", ""level"": ""beginner""}]",4,1,CLOUD_DEVOPS
SKIT/2023/CSE/0692,CSE (AI/ML),6,8.0,87.1,83.9,85.1,68.5,79.6,79.4,83.9,"mobile_dev,web_development","[{""name"": ""flutter"", ""level"": ""advanced""}, {""name"": ""java"", ""level"": ""intermediate""}, {""name"": ""git"", ""level"": ""intermediate""}, {""name"": ""sql"", ""level"": ""beginner""}]",1,1,MOBILE_APP_DEV
SKIT/2023/CSE/0848,CSE (AI/ML),6,7.1,78.5,92.0,76.2,67.8,82.9,66.4,68.1,"data_analytics,web_development","[{""name"": ""python"", ""level"": ""advanced""}, {""name"": ""sql"", ""level"": ""advanced""}, {""name"": ""postgresql"", ""level"": ""intermediate""}, {""name"": ""mysql"", ""level"": ""intermediate""}, {""name"": ""scikit_learn"", ""level"": ""intermediate""}, {""name"": ""git"", ""level"": ""beginner""}]",2,1,DATA_ANALYTICS
SKIT/2023/CSE/0316,CSE (IoT),7,8.66,84.6,76.4,89.2,99.0,90.0,86.7,98.1,"iot_embedded,cloud_devops","[{""name"": ""cpp"", ""level"": ""advanced""}, {""name"": ""esp32"", ""level"": ""intermediate""}, {""name"": ""arduino"", ""level"": ""advanced""}, {""name"": ""mqtt"", ""level"": ""intermediate""}, {""name"": ""c"", ""level"": ""intermediate""}]",4,1,IOT_EMBEDDED_SYSTEMS
SKIT/2023/CSE/0948,CSE (AI/ML),5,8.44,85.9,72.8,92.5,87.4,77.4,86.9,99.0,"cybersecurity,iot_embedded","[{""name"": ""linux"", ""level"": ""advanced""}, {""name"": ""python"", ""level"": ""intermediate""}, {""name"": ""cpp"", ""level"": ""intermediate""}, {""name"": ""git"", ""level"": ""intermediate""}]",0,1,CYBERSECURITY
SKIT/2023/CSE/0146,CSE (AI/ML),6,7.37,70.7,86.0,84.5,68.6,85.5,59.2,66.4,"ai_ml,data_analytics","[{""name"": ""python"", ""level"": ""advanced""}, {""name"": ""scikit_learn"", ""level"": ""intermediate""}, {""name"": ""pytorch"", ""level"": ""intermediate""}, {""name"": ""sql"", ""level"": ""intermediate""}, {""name"": ""tensorflow"", ""level"": ""intermediate""}, {""name"": ""fastapi"", ""level"": ""beginner""}, {""name"": ""git"", ""level"": ""beginner""}]",1,1,AI_ML_ENGINEERING
SKIT/2023/CSE/0711,CSE (AI/ML),7,9.48,98.3,89.8,94.1,89.3,86.8,91.1,90.7,"mobile_dev,cloud_devops","[{""name"": ""flutter"", ""level"": ""advanced""}, {""name"": ""java"", ""level"": ""intermediate""}, {""name"": ""javascript"", ""level"": ""intermediate""}, {""name"": ""git"", ""level"": ""intermediate""}]",4,2,MOBILE_APP_DEV
SKIT/2023/CSE/0507,CSE,6,7.72,67.9,79.3,73.7,77.9,72.4,89.3,89.6,cloud_devops,"[{""name"": ""linux"", ""level"": ""advanced""}, {""name"": ""aws"", ""level"": ""intermediate""}, {""name"": ""kubernetes"", ""level"": ""intermediate""}, {""name"": ""git"", ""level"": ""advanced""}, {""name"": ""nodejs"", ""level"": ""beginner""}]",4,0,CLOUD_DEVOPS
SKIT/2023/CSE/0539,CSE,7,8.58,68.0,85.9,76.9,75.2,80.4,99.0,99.0,"cloud_devops,web_development","[{""name"": ""docker"", ""level"": ""advanced""}, {""name"": ""linux"", ""level"": ""advanced""}, {""name"": ""aws"", ""level"": ""intermediate""}, {""name"": ""kubernetes"", ""level"": ""intermediate""}, {""name"": ""git"", ""level"": ""advanced""}, {""name"": ""nodejs"", ""level"": ""beginner""}, {""name"": ""sql"", ""level"": ""intermediate""}]",1,2,CLOUD_DEVOPS
SKIT/2023/CSE/0673,Information Technology,6,7.75,81.2,78.8,84.7,76.9,74.9,67.0,71.4,"mobile_dev,web_development","[{""name"": ""flutter"", ""level"": ""advanced""}, {""name"": ""java"", ""level"": ""intermediate""}, {""name"": ""javascript"", ""level"": ""intermediate""}, {""name"": ""git"", ""level"": ""intermediate""}]",6,1,MOBILE_APP_DEV
SKIT/2023/CSE/0369,CSE (IoT),6,7.29,73.4,70.3,70.3,91.2,73.2,68.3,87.2,"iot_embedded,cybersecurity","[{""name"": ""cpp"", ""level"": ""advanced""}, {""name"": ""arduino"", ""level"": ""advanced""}, {""name"": ""mqtt"", ""level"": ""intermediate""}, {""name"": ""c"", ""level"": ""intermediate""}, {""name"": ""python"", ""level"": ""beginner""}, {""name"": ""raspberry_pi"", ""level"": ""beginner""}]",3,1,IOT_EMBEDDED_SYSTEMS
SKIT/2023/CSE/0973,CSE (AI/ML),7,7.95,78.0,71.8,81.4,80.3,75.2,89.0,94.0,"cybersecurity,iot_embedded","[{""name"": ""linux"", ""level"": ""advanced""}, {""name"": ""python"", ""level"": ""intermediate""}, {""name"": ""git"", ""level"": ""intermediate""}, {""name"": ""aws"", ""level"": ""intermediate""}]",4,2,CYBERSECURITY
SKIT/2023/CSE/0748,Information Technology,5,8.11,74.1,94.6,81.8,90.6,94.0,80.6,73.1,"data_analytics,web_development","[{""name"": ""python"", ""level"": ""advanced""}, {""name"": ""sql"", ""level"": ""advanced""}, {""name"": ""postgresql"", ""level"": ""intermediate""}, {""name"": ""mysql"", ""level"": ""intermediate""}, {""name"": ""scikit_learn"", ""level"": ""beginner""}, {""name"": ""mongodb"", ""level"": ""beginner""}]",3,2,DATA_ANALYTICS
SKIT/2023/CSE/0773,CSE (IoT),7,6.16,63.5,81.4,59.8,59.8,72.5,56.2,44.0,"data_analytics,ai_ml","[{""name"": ""python"", ""level"": ""advanced""}, {""name"": ""sql"", ""level"": ""advanced""}, {""name"": ""postgresql"", ""level"": ""intermediate""}, {""name"": ""mysql"", ""level"": ""intermediate""}, {""name"": ""git"", ""level"": ""beginner""}]",1,1,DATA_ANALYTICS
SKIT/2023/CSE/0066,Information Technology,7,6.59,76.0,67.6,64.8,62.4,63.8,70.4,57.6,"web_development,mobile_dev","[{""name"": ""react"", ""level"": ""intermediate""}, {""name"": ""html_css"", ""level"": ""advanced""}, {""name"": ""nodejs"", ""level"": ""intermediate""}, {""name"": ""mongodb"", ""level"": ""intermediate""}, {""name"": ""typescript"", ""level"": ""intermediate""}, {""name"": ""express"", ""level"": ""intermediate""}]",3,3,MERN_FULL_STACK
SKIT/2023/CSE/0058,CSE (IoT),5,9.74,99.0,99.0,96.4,86.1,93.0,84.4,95.3,"web_development,cloud_devops","[{""name"": ""javascript"", ""level"": ""advanced""}, {""name"": ""react"", ""level"": ""intermediate""}, {""name"": ""html_css"", ""level"": ""advanced""}, {""name"": ""nodejs"", ""level"": ""intermediate""}, {""name"": ""mongodb"", ""level"": ""intermediate""}, {""name"": ""typescript"", ""level"": ""beginner""}, {""name"": ""git"", ""level"": ""beginner""}, {""name"": ""docker"", ""level"": ""beginner""}]",3,0,MERN_FULL_STACK
SKIT/2023/CSE/0213,Information Technology,7,8.11,69.3,85.6,85.8,80.5,95.6,75.4,80.7,"ai_ml,data_analytics","[{""name"": ""python"", ""level"": ""advanced""}, {""name"": ""pytorch"", ""level"": ""intermediate""}, {""name"": ""git"", ""level"": ""beginner""}, {""name"": ""docker"", ""level"": ""beginner""}]",6,0,AI_ML_ENGINEERING
SKIT/2023/CSE/0752,CSE,6,7.29,66.8,87.8,75.0,71.9,74.4,77.5,64.5,"data_analytics,ai_ml","[{""name"": ""python"", ""level"": ""advanced""}, {""name"": ""sql"", ""level"": ""advanced""}, {""name"": ""postgresql"", ""level"": ""intermediate""}, {""name"": ""mysql"", ""level"": ""intermediate""}, {""name"": ""scikit_learn"", ""level"": ""intermediate""}, {""name"": ""git"", ""level"": ""intermediate""}]",0,0,DATA_ANALYTICS
SKIT/2023/CSE/0867,CSE,6,9.22,92.2,92.9,97.2,78.9,85.3,98.3,99.0,cybersecurity,"[{""name"": ""python"", ""level"": ""intermediate""}, {""name"": ""cpp"", ""level"": ""intermediate""}, {""name"": ""c"", ""level"": ""beginner""}]",4,1,CYBERSECURITY
SKIT/2023/CSE/0016,CSE (IoT),7,7.84,91.8,83.8,84.2,72.2,78.3,79.7,72.7,"web_development,cloud_devops","[{""name"": ""react"", ""level"": ""intermediate""}, {""name"": ""html_css"", ""level"": ""advanced""}, {""name"": ""nodejs"", ""level"": ""intermediate""}, {""name"": ""mongodb"", ""level"": ""intermediate""}, {""name"": ""git"", ""level"": ""intermediate""}, {""name"": ""docker"", ""level"": ""intermediate""}]",1,3,MERN_FULL_STACK
SKIT/2023/CSE/0014,CSE,5,8.06,91.0,95.9,85.0,70.6,79.9,71.7,80.5,"web_development,mobile_dev","[{""name"": ""javascript"", ""level"": ""advanced""}, {""name"": ""react"", ""level"": ""intermediate""}, {""name"": ""html_css"", ""level"": ""advanced""}, {""name"": ""mongodb"", ""level"": ""intermediate""}, {""name"": ""express"", ""level"": ""intermediate""}]",5,0,MERN_FULL_STACK
SKIT/2023/CSE/0335,CSE (IoT),7,7.79,75.6,83.1,78.3,97.4,71.5,69.8,83.1,"iot_embedded,cybersecurity","[{""name"": ""cpp"", ""level"": ""advanced""}, {""name"": ""esp32"", ""level"": ""intermediate""}, {""name"": ""arduino"", ""level"": ""advanced""}, {""name"": ""mqtt"", ""level"": ""intermediate""}, {""name"": ""c"", ""level"": ""intermediate""}, {""name"": ""linux"", ""level"": ""intermediate""}, {""name"": ""raspberry_pi"", ""level"": ""beginner""}]",0,0,IOT_EMBEDDED_SYSTEMS
SKIT/2023/CSE/0790,CSE,7,8.33,82.0,96.1,81.7,86.9,94.4,81.1,81.4,"data_analytics,ai_ml","[{""name"": ""python"", ""level"": ""advanced""}, {""name"": ""sql"", ""level"": ""advanced""}, {""name"": ""postgresql"", ""level"": ""intermediate""}, {""name"": ""mysql"", ""level"": ""intermediate""}, {""name"": ""scikit_learn"", ""level"": ""beginner""}, {""name"": ""git"", ""level"": ""intermediate""}, {""name"": ""mongodb"", ""level"": ""intermediate""}]",0,0,DATA_ANALYTICS
SKIT/2023/CSE/0006,CSE,7,8.73,99.0,88.7,87.4,84.6,87.8,80.5,82.0,"web_development,mobile_dev,ai_ml","[{""name"": ""javascript"", ""level"": ""advanced""}, {""name"": ""react"", ""level"": ""intermediate""}, {""name"": ""html_css"", ""level"": ""advanced""}, {""name"": ""nodejs"", ""level"": ""intermediate""}, {""name"": ""mongodb"", ""level"": ""intermediate""}, {""name"": ""typescript"", ""level"": ""beginner""}, {""name"": ""git"", ""level"": ""intermediate""}, {""name"": ""docker"", ""level"": ""beginner""}]",2,2,MERN_FULL_STACK
SKIT/2023/CSE/0005,CSE,5,7.7,89.6,75.7,75.5,70.8,78.4,74.8,64.3,"web_development,mobile_dev","[{""name"": ""javascript"", ""level"": ""advanced""}, {""name"": ""react"", ""level"": ""intermediate""}, {""name"": ""html_css"", ""level"": ""advanced""}, {""name"": ""nodejs"", ""level"": ""intermediate""}, {""name"": ""mongodb"", ""level"": ""intermediate""}, {""name"": ""typescript"", ""level"": ""beginner""}, {""name"": ""git"", ""level"": ""beginner""}, {""name"": ""docker"", ""level"": ""intermediate""}]",2,2,MERN_FULL_STACK
SKIT/2023/CSE/0269,Information Technology,5,7.64,70.1,74.3,82.7,62.2,89.1,67.9,71.4,"ai_ml,cloud_devops","[{""name"": ""python"", ""level"": ""advanced""}, {""name"": ""scikit_learn"", ""level"": ""intermediate""}, {""name"": ""pytorch"", ""level"": ""intermediate""}, {""name"": ""sql"", ""level"": ""intermediate""}, {""name"": ""tensorflow"", ""level"": ""intermediate""}, {""name"": ""fastapi"", ""level"": ""intermediate""}, {""name"": ""git"", ""level"": ""intermediate""}, {""name"": ""docker"", ""level"": ""beginner""}]",4,1,AI_ML_ENGINEERING
SKIT/2023/CSE/0612,CSE (IoT),5,7.25,83.4,77.5,81.0,72.1,71.7,61.6,68.7,"mobile_dev,cloud_devops","[{""name"": ""flutter"", ""level"": ""advanced""}, {""name"": ""java"", ""level"": ""intermediate""}, {""name"": ""javascript"", ""level"": ""intermediate""}, {""name"": ""git"", ""level"": ""intermediate""}, {""name"": ""typescript"", ""level"": ""beginner""}, {""name"": ""react"", ""level"": ""intermediate""}, {""name"": ""sql"", ""level"": ""intermediate""}]",4,5,MOBILE_APP_DEV
SKIT/2023/CSE/0631,CSE (AI/ML),6,7.75,84.5,82.6,81.8,72.6,77.3,76.8,72.2,"mobile_dev,cloud_devops","[{""name"": ""flutter"", ""level"": ""advanced""}, {""name"": ""java"", ""level"": ""intermediate""}, {""name"": ""javascript"", ""level"": ""intermediate""}, {""name"": ""git"", ""level"": ""intermediate""}, {""name"": ""sql"", ""level"": ""intermediate""}]",1,2,MOBILE_APP_DEV
SKIT/2023/CSE/0884,CSE (AI/ML),5,8.8,87.4,89.0,92.5,81.3,79.9,95.3,99.0,"cybersecurity,iot_embedded","[{""name"": ""linux"", ""level"": ""advanced""}, {""name"": ""python"", ""level"": ""intermediate""}, {""name"": ""cpp"", ""level"": ""intermediate""}, {""name"": ""git"", ""level"": ""intermediate""}, {""name"": ""docker"", ""level"": ""intermediate""}, {""name"": ""c"", ""level"": ""intermediate""}]",2,1,CYBERSECURITY
SKIT/2023/CSE/0397,CSE (IoT),7,8.2,75.4,75.7,85.1,93.5,77.2,83.4,79.0,iot_embedded,"[{""name"": ""cpp"", ""level"": ""advanced""}, {""name"": ""esp32"", ""level"": ""intermediate""}, {""name"": ""arduino"", ""level"": ""advanced""}, {""name"": ""mqtt"", ""level"": ""intermediate""}, {""name"": ""python"", ""level"": ""intermediate""}, {""name"": ""influxdb"", ""level"": ""beginner""}, {""name"": ""raspberry_pi"", ""level"": ""beginner""}]",3,0,IOT_EMBEDDED_SYSTEMS
SKIT/2023/CSE/0864,CSE (AI/ML),5,9.31,88.1,87.5,93.7,79.0,87.6,99.0,99.0,"cybersecurity,iot_embedded","[{""name"": ""linux"", ""level"": ""advanced""}, {""name"": ""python"", ""level"": ""intermediate""}, {""name"": ""cpp"", ""level"": ""intermediate""}, {""name"": ""git"", ""level"": ""intermediate""}, {""name"": ""docker"", ""level"": ""beginner""}, {""name"": ""aws"", ""level"": ""intermediate""}]",3,2,CYBERSECURITY
SKIT/2023/CSE/0696,Information Technology,5,8.88,99.0,95.9,97.9,82.8,92.8,93.2,87.5,mobile_dev,"[{""name"": ""flutter"", ""level"": ""advanced""}, {""name"": ""java"", ""level"": ""intermediate""}, {""name"": ""javascript"", ""level"": ""intermediate""}, {""name"": ""git"", ""level"": ""intermediate""}, {""name"": ""typescript"", ""level"": ""beginner""}, {""name"": ""react"", ""level"": ""intermediate""}]",3,0,MOBILE_APP_DEV
SKIT/2023/CSE/0168,CSE (IoT),5,7.31,68.6,77.7,74.4,73.2,86.9,68.3,64.5,"ai_ml,data_analytics","[{""name"": ""python"", ""level"": ""advanced""}, {""name"": ""scikit_learn"", ""level"": ""intermediate""}, {""name"": ""pytorch"", ""level"": ""intermediate""}, {""name"": ""sql"", ""level"": ""intermediate""}, {""name"": ""tensorflow"", ""level"": ""intermediate""}, {""name"": ""git"", ""level"": ""beginner""}, {""name"": ""linux"", ""level"": ""beginner""}, {""name"": ""docker"", ""level"": ""intermediate""}]",3,0,AI_ML_ENGINEERING
SKIT/2023/CSE/0255,CSE (IoT),5,8.34,84.9,92.5,90.4,77.9,90.1,72.7,88.1,"ai_ml,data_analytics","[{""name"": ""python"", ""level"": ""advanced""}, {""name"": ""scikit_learn"", ""level"": ""intermediate""}, {""name"": ""pytorch"", ""level"": ""intermediate""}, {""name"": ""sql"", ""level"": ""intermediate""}, {""name"": ""fastapi"", ""level"": ""beginner""}]",2,1,AI_ML_ENGINEERING
SKIT/2023/CSE/0361,CSE (IoT),6,7.04,69.6,66.7,64.9,91.0,64.0,71.3,78.9,"iot_embedded,cloud_devops","[{""name"": ""esp32"", ""level"": ""intermediate""}, {""name"": ""arduino"", ""level"": ""advanced""}, {""name"": ""mqtt"", ""level"": ""intermediate""}, {""name"": ""c"", ""level"": ""intermediate""}, {""name"": ""python"", ""level"": ""intermediate""}, {""name"": ""influxdb"", ""level"": ""beginner""}, {""name"": ""raspberry_pi"", ""level"": ""intermediate""}]",2,0,IOT_EMBEDDED_SYSTEMS
SKIT/2023/CSE/0398,CSE (IoT),7,7.63,73.5,74.5,78.5,93.1,69.6,65.6,90.9,iot_embedded,"[{""name"": ""cpp"", ""level"": ""advanced""}, {""name"": ""esp32"", ""level"": ""intermediate""}, {""name"": ""mqtt"", ""level"": ""intermediate""}, {""name"": ""c"", ""level"": ""intermediate""}, {""name"": ""influxdb"", ""level"": ""beginner""}, {""name"": ""linux"", ""level"": ""beginner""}, {""name"": ""raspberry_pi"", ""level"": ""intermediate""}]",1,2,IOT_EMBEDDED_SYSTEMS
SKIT/2023/CSE/0040,Information Technology,6,7.1,83.7,78.6,78.0,72.8,70.8,63.1,67.5,"web_development,mobile_dev","[{""name"": ""javascript"", ""level"": ""advanced""}, {""name"": ""react"", ""level"": ""intermediate""}, {""name"": ""html_css"", ""level"": ""advanced""}, {""name"": ""nodejs"", ""level"": ""intermediate""}, {""name"": ""mongodb"", ""level"": ""intermediate""}, {""name"": ""typescript"", ""level"": ""beginner""}, {""name"": ""git"", ""level"": ""beginner""}]",4,0,MERN_FULL_STACK
SKIT/2023/CSE/0906,Information Technology,5,7.33,66.8,65.8,76.0,77.8,64.0,89.0,88.0,"cybersecurity,cloud_devops","[{""name"": ""linux"", ""level"": ""advanced""}, {""name"": ""python"", ""level"": ""intermediate""}, {""name"": ""cpp"", ""level"": ""intermediate""}, {""name"": ""git"", ""level"": ""intermediate""}, {""name"": ""docker"", ""level"": ""intermediate""}, {""name"": ""c"", ""level"": ""beginner""}, {""name"": ""aws"", ""level"": ""intermediate""}]",2,1,CYBERSECURITY
SKIT/2023/CSE/0417,Information Technology,5,9.2,77.4,89.7,94.5,99.0,80.4,92.3,99.0,"iot_embedded,cybersecurity,ai_ml","[{""name"": ""cpp"", ""level"": ""advanced""}, {""name"": ""arduino"", ""level"": ""advanced""}, {""name"": ""mqtt"", ""level"": ""intermediate""}, {""name"": ""c"", ""level"": ""intermediate""}, {""name"": ""influxdb"", ""level"": ""intermediate""}, {""name"": ""raspberry_pi"", ""level"": ""beginner""}]",2,1,IOT_EMBEDDED_SYSTEMS
SKIT/2023/CSE/0823,Information Technology,6,7.07,70.1,82.6,75.3,66.0,84.3,67.1,66.2,data_analytics,"[{""name"": ""python"", ""level"": ""advanced""}, {""name"": ""sql"", ""level"": ""advanced""}, {""name"": ""postgresql"", ""level"": ""intermediate""}, {""name"": ""mysql"", ""level"": ""intermediate""}, {""name"": ""mongodb"", ""level"": ""intermediate""}]",0,2,DATA_ANALYTICS
SKIT/2023/CSE/0359,CSE (IoT),7,8.56,87.1,78.4,81.5,99.0,83.4,81.8,95.2,iot_embedded,"[{""name"": ""cpp"", ""level"": ""advanced""}, {""name"": ""esp32"", ""level"": ""intermediate""}, {""name"": ""mqtt"", ""level"": ""intermediate""}, {""name"": ""c"", ""level"": ""intermediate""}, {""name"": ""python"", ""level"": ""beginner""}, {""name"": ""influxdb"", ""level"": ""beginner""}]",1,2,IOT_EMBEDDED_SYSTEMS
SKIT/2023/CSE/0166,Information Technology,6,6.5,50.3,67.0,65.7,59.2,81.0,59.5,69.0,ai_ml,"[{""name"": ""python"", ""level"": ""advanced""}, {""name"": ""scikit_learn"", ""level"": ""intermediate""}, {""name"": ""pytorch"", ""level"": ""intermediate""}, {""name"": ""sql"", ""level"": ""intermediate""}, {""name"": ""fastapi"", ""level"": ""intermediate""}, {""name"": ""git"", ""level"": ""intermediate""}, {""name"": ""linux"", ""level"": ""beginner""}]",4,1,AI_ML_ENGINEERING
SKIT/2023/CSE/0208,CSE (AI/ML),7,7.61,82.9,81.7,89.9,79.3,94.4,76.1,75.4,ai_ml,"[{""name"": ""python"", ""level"": ""advanced""}, {""name"": ""scikit_learn"", ""level"": ""intermediate""}, {""name"": ""pytorch"", ""level"": ""intermediate""}, {""name"": ""sql"", ""level"": ""intermediate""}, {""name"": ""tensorflow"", ""level"": ""intermediate""}, {""name"": ""git"", ""level"": ""intermediate""}]",1,3,AI_ML_ENGINEERING
SKIT/2023/CSE/0947,CSE (AI/ML),5,7.34,67.5,70.1,76.9,62.6,70.8,87.1,94.1,"cybersecurity,ai_ml","[{""name"": ""linux"", ""level"": ""advanced""}, {""name"": ""python"", ""level"": ""intermediate""}, {""name"": ""cpp"", ""level"": ""intermediate""}, {""name"": ""git"", ""level"": ""intermediate""}, {""name"": ""c"", ""level"": ""intermediate""}, {""name"": ""aws"", ""level"": ""intermediate""}]",3,2,CYBERSECURITY
SKIT/2023/CSE/0856,Information Technology,6,8.41,74.0,99.0,89.1,84.6,85.3,83.2,79.8,"data_analytics,web_development","[{""name"": ""python"", ""level"": ""advanced""}, {""name"": ""sql"", ""level"": ""advanced""}, {""name"": ""postgresql"", ""level"": ""intermediate""}, {""name"": ""mysql"", ""level"": ""intermediate""}, {""name"": ""git"", ""level"": ""beginner""}, {""name"": ""mongodb"", ""level"": ""intermediate""}]",2,1,DATA_ANALYTICS
SKIT/2023/CSE/0253,Information Technology,5,6.76,55.5,70.3,75.0,63.7,82.2,59.5,67.3,"ai_ml,data_analytics","[{""name"": ""python"", ""level"": ""advanced""}, {""name"": ""scikit_learn"", ""level"": ""intermediate""}, {""name"": ""pytorch"", ""level"": ""intermediate""}, {""name"": ""sql"", ""level"": ""intermediate""}, {""name"": ""tensorflow"", ""level"": ""intermediate""}, {""name"": ""linux"", ""level"": ""beginner""}]",4,0,AI_ML_ENGINEERING
SKIT/2023/CSE/0347,CSE,6,6.25,54.8,64.6,69.2,86.1,56.4,57.1,62.4,"iot_embedded,cloud_devops","[{""name"": ""esp32"", ""level"": ""intermediate""}, {""name"": ""arduino"", ""level"": ""advanced""}, {""name"": ""mqtt"", ""level"": ""intermediate""}, {""name"": ""c"", ""level"": ""intermediate""}, {""name"": ""python"", ""level"": ""beginner""}, {""name"": ""linux"", ""level"": ""beginner""}, {""name"": ""raspberry_pi"", ""level"": ""intermediate""}]",4,2,IOT_EMBEDDED_SYSTEMS
SKIT/2023/CSE/0323,CSE (IoT),5,6.13,62.2,54.9,62.7,76.4,57.0,66.3,74.3,"iot_embedded,cloud_devops","[{""name"": ""cpp"", ""level"": ""advanced""}, {""name"": ""esp32"", ""level"": ""intermediate""}, {""name"": ""mqtt"", ""level"": ""intermediate""}, {""name"": ""c"", ""level"": ""intermediate""}, {""name"": ""python"", ""level"": ""beginner""}, {""name"": ""raspberry_pi"", ""level"": ""beginner""}]",2,2,IOT_EMBEDDED_SYSTEMS
SKIT/2023/CSE/0304,CSE (IoT),7,7.96,82.2,78.6,79.6,98.9,74.4,75.7,86.0,iot_embedded,"[{""name"": ""cpp"", ""level"": ""advanced""}, {""name"": ""esp32"", ""level"": ""intermediate""}, {""name"": ""arduino"", ""level"": ""advanced""}, {""name"": ""mqtt"", ""level"": ""intermediate""}, {""name"": ""c"", ""level"": ""intermediate""}, {""name"": ""raspberry_pi"", ""level"": ""beginner""}]",6,0,IOT_EMBEDDED_SYSTEMS
SKIT/2023/CSE/0356,CSE (IoT),7,7.08,66.9,72.2,75.9,86.9,59.7,68.8,71.3,"iot_embedded,cloud_devops","[{""name"": ""cpp"", ""level"": ""advanced""}, {""name"": ""esp32"", ""level"": ""intermediate""}, {""name"": ""mqtt"", ""level"": ""intermediate""}, {""name"": ""c"", ""level"": ""intermediate""}, {""name"": ""python"", ""level"": ""intermediate""}, {""name"": ""linux"", ""level"": ""intermediate""}]",1,3,IOT_EMBEDDED_SYSTEMS
SKIT/2023/CSE/0888,CSE (IoT),6,8.03,72.8,83.6,85.9,75.3,80.0,88.4,99.0,"cybersecurity,cloud_devops","[{""name"": ""linux"", ""level"": ""advanced""}, {""name"": ""python"", ""level"": ""intermediate""}, {""name"": ""cpp"", ""level"": ""intermediate""}, {""name"": ""git"", ""level"": ""intermediate""}]",5,0,CYBERSECURITY
SKIT/2023/CSE/0923,CSE (IoT),5,7.71,65.7,73.0,80.4,80.3,71.2,87.0,87.1,"cybersecurity,cloud_devops","[{""name"": ""python"", ""level"": ""intermediate""}, {""name"": ""cpp"", ""level"": ""intermediate""}, {""name"": ""git"", ""level"": ""intermediate""}, {""name"": ""c"", ""level"": ""intermediate""}]",1,3,CYBERSECURITY
SKIT/2023/CSE/0471,CSE (IoT),7,8.08,80.1,88.1,85.6,68.2,70.8,99.0,87.3,cloud_devops,"[{""name"": ""docker"", ""level"": ""advanced""}, {""name"": ""linux"", ""level"": ""advanced""}, {""name"": ""aws"", ""level"": ""intermediate""}, {""name"": ""kubernetes"", ""level"": ""intermediate""}, {""name"": ""git"", ""level"": ""advanced""}, {""name"": ""python"", ""level"": ""beginner""}, {""name"": ""nodejs"", ""level"": ""beginner""}, {""name"": ""sql"", ""level"": ""intermediate""}]",3,1,CLOUD_DEVOPS
SKIT/2023/CSE/0985,CSE (IoT),5,7.88,67.0,70.4,82.6,80.1,74.2,91.9,95.8,"cybersecurity,iot_embedded","[{""name"": ""linux"", ""level"": ""advanced""}, {""name"": ""python"", ""level"": ""intermediate""}, {""name"": ""cpp"", ""level"": ""intermediate""}, {""name"": ""git"", ""level"": ""intermediate""}, {""name"": ""c"", ""level"": ""beginner""}, {""name"": ""aws"", ""level"": ""intermediate""}]",1,1,CYBERSECURITY
SKIT/2023/CSE/0665,CSE (IoT),5,7.9,94.2,88.7,90.2,73.5,76.4,72.5,83.7,"mobile_dev,web_development","[{""name"": ""flutter"", ""level"": ""advanced""}, {""name"": ""java"", ""level"": ""intermediate""}, {""name"": ""javascript"", ""level"": ""intermediate""}, {""name"": ""typescript"", ""level"": ""beginner""}, {""name"": ""react"", ""level"": ""beginner""}]",1,1,MOBILE_APP_DEV
SKIT/2023/CSE/0925,CSE,5,8.97,82.5,90.3,95.2,79.1,78.0,96.8,99.0,"cybersecurity,cloud_devops","[{""name"": ""linux"", ""level"": ""advanced""}, {""name"": ""python"", ""level"": ""intermediate""}, {""name"": ""git"", ""level"": ""intermediate""}, {""name"": ""docker"", ""level"": ""beginner""}]",2,1,CYBERSECURITY
SKIT/2023/CSE/0440,CSE (IoT),5,7.77,77.1,87.2,70.0,64.0,73.7,97.3,91.0,"cloud_devops,web_development","[{""name"": ""docker"", ""level"": ""advanced""}, {""name"": ""linux"", ""level"": ""advanced""}, {""name"": ""aws"", ""level"": ""intermediate""}, {""name"": ""kubernetes"", ""level"": ""intermediate""}, {""name"": ""git"", ""level"": ""advanced""}, {""name"": ""nodejs"", ""level"": ""intermediate""}, {""name"": ""sql"", ""level"": ""intermediate""}]",1,2,CLOUD_DEVOPS
SKIT/2023/CSE/0233,CSE (IoT),6,7.89,81.4,79.3,88.7,74.0,94.6,75.4,76.2,"ai_ml,data_analytics","[{""name"": ""python"", ""level"": ""advanced""}, {""name"": ""scikit_learn"", ""level"": ""intermediate""}, {""name"": ""pytorch"", ""level"": ""intermediate""}, {""name"": ""sql"", ""level"": ""intermediate""}, {""name"": ""git"", ""level"": ""beginner""}, {""name"": ""linux"", ""level"": ""intermediate""}, {""name"": ""docker"", ""level"": ""beginner""}]",4,4,AI_ML_ENGINEERING
SKIT/2023/CSE/0308,CSE (IoT),5,7.1,62.3,73.3,81.8,84.5,74.4,65.0,82.1,"iot_embedded,cloud_devops","[{""name"": ""esp32"", ""level"": ""intermediate""}, {""name"": ""arduino"", ""level"": ""advanced""}, {""name"": ""mqtt"", ""level"": ""intermediate""}, {""name"": ""c"", ""level"": ""intermediate""}, {""name"": ""python"", ""level"": ""intermediate""}, {""name"": ""linux"", ""level"": ""intermediate""}]",2,0,IOT_EMBEDDED_SYSTEMS
SKIT/2023/CSE/0049,CSE,6,7.95,97.7,81.1,69.9,76.5,88.8,74.5,75.8,"web_development,mobile_dev","[{""name"": ""javascript"", ""level"": ""advanced""}, {""name"": ""react"", ""level"": ""intermediate""}, {""name"": ""html_css"", ""level"": ""advanced""}, {""name"": ""nodejs"", ""level"": ""intermediate""}, {""name"": ""mongodb"", ""level"": ""intermediate""}, {""name"": ""typescript"", ""level"": ""intermediate""}, {""name"": ""express"", ""level"": ""beginner""}, {""name"": ""docker"", ""level"": ""intermediate""}]",6,2,MERN_FULL_STACK
SKIT/2023/CSE/0716,CSE (AI/ML),5,7.6,73.6,91.4,82.4,81.0,83.7,63.6,76.3,"data_analytics,web_development","[{""name"": ""python"", ""level"": ""advanced""}, {""name"": ""sql"", ""level"": ""advanced""}, {""name"": ""postgresql"", ""level"": ""intermediate""}, {""name"": ""mysql"", ""level"": ""intermediate""}, {""name"": ""scikit_learn"", ""level"": ""beginner""}, {""name"": ""git"", ""level"": ""intermediate""}]",2,0,DATA_ANALYTICS
SKIT/2023/CSE/0053,CSE (IoT),6,7.7,91.9,96.0,73.6,80.1,59.8,62.7,66.9,web_development,"[{""name"": ""javascript"", ""level"": ""advanced""}, {""name"": ""react"", ""level"": ""intermediate""}, {""name"": ""html_css"", ""level"": ""advanced""}, {""name"": ""nodejs"", ""level"": ""intermediate""}, {""name"": ""mongodb"", ""level"": ""intermediate""}]",2,3,MERN_FULL_STACK
SKIT/2023/CSE/0432,Information Technology,7,7.76,74.3,82.0,69.1,72.8,66.2,99.0,88.2,"cloud_devops,cybersecurity","[{""name"": ""docker"", ""level"": ""advanced""}, {""name"": ""linux"", ""level"": ""advanced""}, {""name"": ""aws"", ""level"": ""intermediate""}, {""name"": ""kubernetes"", ""level"": ""intermediate""}, {""name"": ""git"", ""level"": ""advanced""}, {""name"": ""python"", ""level"": ""intermediate""}, {""name"": ""nodejs"", ""level"": ""intermediate""}]",3,1,CLOUD_DEVOPS
SKIT/2023/CSE/0941,CSE (IoT),5,7.35,72.5,64.7,92.1,74.5,68.9,78.0,89.3,"cybersecurity,iot_embedded","[{""name"": ""linux"", ""level"": ""advanced""}, {""name"": ""python"", ""level"": ""intermediate""}, {""name"": ""cpp"", ""level"": ""intermediate""}, {""name"": ""git"", ""level"": ""intermediate""}, {""name"": ""docker"", ""level"": ""beginner""}, {""name"": ""aws"", ""level"": ""intermediate""}]",4,1,CYBERSECURITY
SKIT/2023/CSE/0712,CSE (IoT),5,8.05,84.2,84.7,83.6,81.8,76.9,67.6,75.0,"mobile_dev,web_development","[{""name"": ""flutter"", ""level"": ""advanced""}, {""name"": ""java"", ""level"": ""intermediate""}, {""name"": ""javascript"", ""level"": ""intermediate""}, {""name"": ""git"", ""level"": ""intermediate""}, {""name"": ""typescript"", ""level"": ""beginner""}, {""name"": ""react"", ""level"": ""intermediate""}, {""name"": ""sql"", ""level"": ""intermediate""}]",2,1,MOBILE_APP_DEV
SKIT/2023/CSE/0946,CSE (AI/ML),5,9.24,91.2,80.1,99.0,95.7,87.9,99.0,99.0,"cybersecurity,iot_embedded","[{""name"": ""linux"", ""level"": ""advanced""}, {""name"": ""python"", ""level"": ""intermediate""}, {""name"": ""cpp"", ""level"": ""intermediate""}, {""name"": ""git"", ""level"": ""intermediate""}]",2,2,CYBERSECURITY
SKIT/2023/CSE/0989,CSE,7,7.55,80.4,76.7,73.8,70.9,67.1,85.8,91.6,cybersecurity,"[{""name"": ""linux"", ""level"": ""advanced""}, {""name"": ""python"", ""level"": ""intermediate""}, {""name"": ""cpp"", ""level"": ""intermediate""}, {""name"": ""git"", ""level"": ""intermediate""}, {""name"": ""c"", ""level"": ""beginner""}, {""name"": ""aws"", ""level"": ""intermediate""}]",2,1,CYBERSECURITY
SKIT/2023/CSE/0301,CSE (IoT),5,8.02,68.1,77.7,79.4,91.1,73.6,73.6,93.4,"iot_embedded,cloud_devops","[{""name"": ""cpp"", ""level"": ""advanced""}, {""name"": ""esp32"", ""level"": ""intermediate""}, {""name"": ""arduino"", ""level"": ""advanced""}, {""name"": ""mqtt"", ""level"": ""intermediate""}, {""name"": ""c"", ""level"": ""intermediate""}, {""name"": ""influxdb"", ""level"": ""intermediate""}, {""name"": ""raspberry_pi"", ""level"": ""intermediate""}]",1,1,IOT_EMBEDDED_SYSTEMS
SKIT/2023/CSE/0132,CSE (IoT),7,7.31,84.8,80.9,79.2,68.4,63.6,65.7,70.4,web_development,"[{""name"": ""javascript"", ""level"": ""advanced""}, {""name"": ""react"", ""level"": ""intermediate""}, {""name"": ""html_css"", ""level"": ""advanced""}, {""name"": ""nodejs"", ""level"": ""intermediate""}, {""name"": ""docker"", ""level"": ""intermediate""}]",7,0,MERN_FULL_STACK
SKIT/2023/CSE/0478,Information Technology,7,8.38,80.0,78.8,75.3,83.0,80.4,99.0,97.6,"cloud_devops,cybersecurity","[{""name"": ""docker"", ""level"": ""advanced""}, {""name"": ""linux"", ""level"": ""advanced""}, {""name"": ""aws"", ""level"": ""intermediate""}, {""name"": ""kubernetes"", ""level"": ""intermediate""}, {""name"": ""git"", ""level"": ""advanced""}, {""name"": ""python"", ""level"": ""beginner""}]",1,1,CLOUD_DEVOPS
SKIT/2023/CSE/0761,CSE,6,7.82,64.5,99.0,78.6,79.5,88.9,66.5,75.6,"data_analytics,ai_ml","[{""name"": ""postgresql"", ""level"": ""intermediate""}, {""name"": ""mysql"", ""level"": ""intermediate""}, {""name"": ""git"", ""level"": ""intermediate""}, {""name"": ""mongodb"", ""level"": ""intermediate""}]",3,2,DATA_ANALYTICS
SKIT/2023/CSE/0836,CSE,6,7.82,67.4,92.1,85.2,71.1,87.3,82.7,84.2,"data_analytics,web_development","[{""name"": ""python"", ""level"": ""advanced""}, {""name"": ""sql"", ""level"": ""advanced""}, {""name"": ""postgresql"", ""level"": ""intermediate""}, {""name"": ""mysql"", ""level"": ""intermediate""}, {""name"": ""scikit_learn"", ""level"": ""beginner""}, {""name"": ""git"", ""level"": ""beginner""}, {""name"": ""mongodb"", ""level"": ""beginner""}]",4,0,DATA_ANALYTICS
SKIT/2023/CSE/0496,CSE,6,8.78,80.6,91.6,88.2,81.0,83.2,99.0,99.0,"cloud_devops,web_development,ai_ml","[{""name"": ""docker"", ""level"": ""advanced""}, {""name"": ""linux"", ""level"": ""advanced""}, {""name"": ""aws"", ""level"": ""intermediate""}, {""name"": ""kubernetes"", ""level"": ""intermediate""}, {""name"": ""git"", ""level"": ""advanced""}, {""name"": ""python"", ""level"": ""intermediate""}, {""name"": ""nodejs"", ""level"": ""intermediate""}]",2,2,CLOUD_DEVOPS
SKIT/2023/CSE/0111,CSE (AI/ML),7,7.47,89.9,74.2,72.1,77.0,67.7,65.7,73.7,"web_development,mobile_dev","[{""name"": ""javascript"", ""level"": ""advanced""}, {""name"": ""react"", ""level"": ""intermediate""}, {""name"": ""nodejs"", ""level"": ""intermediate""}, {""name"": ""mongodb"", ""level"": ""intermediate""}, {""name"": ""express"", ""level"": ""intermediate""}, {""name"": ""docker"", ""level"": ""beginner""}]",1,2,MERN_FULL_STACK
SKIT/2023/CSE/0105,CSE,6,7.25,86.0,79.2,77.5,68.5,71.3,69.2,59.0,"web_development,mobile_dev","[{""name"": ""javascript"", ""level"": ""advanced""}, {""name"": ""html_css"", ""level"": ""advanced""}, {""name"": ""nodejs"", ""level"": ""intermediate""}, {""name"": ""mongodb"", ""level"": ""intermediate""}, {""name"": ""typescript"", ""level"": ""intermediate""}, {""name"": ""express"", ""level"": ""intermediate""}, {""name"": ""docker"", ""level"": ""beginner""}]",1,1,MERN_FULL_STACK
SKIT/2023/CSE/0123,CSE (AI/ML),6,7.78,99.0,92.2,77.6,70.9,76.2,68.9,75.4,"web_development,cloud_devops","[{""name"": ""javascript"", ""level"": ""advanced""}, {""name"": ""react"", ""level"": ""intermediate""}, {""name"": ""html_css"", ""level"": ""advanced""}, {""name"": ""nodejs"", ""level"": ""intermediate""}, {""name"": ""mongodb"", ""level"": ""intermediate""}]",3,0,MERN_FULL_STACK
SKIT/2023/CSE/0901,CSE,5,8.07,73.7,77.7,86.0,76.2,77.6,82.1,96.9,cybersecurity,"[{""name"": ""linux"", ""level"": ""advanced""}, {""name"": ""python"", ""level"": ""intermediate""}, {""name"": ""cpp"", ""level"": ""intermediate""}, {""name"": ""git"", ""level"": ""intermediate""}, {""name"": ""docker"", ""level"": ""intermediate""}, {""name"": ""c"", ""level"": ""beginner""}]",5,0,CYBERSECURITY
SKIT/2023/CSE/0030,Information Technology,7,7.86,97.6,87.1,81.0,86.1,76.7,72.5,84.0,"web_development,mobile_dev","[{""name"": ""javascript"", ""level"": ""advanced""}, {""name"": ""react"", ""level"": ""intermediate""}, {""name"": ""html_css"", ""level"": ""advanced""}, {""name"": ""nodejs"", ""level"": ""intermediate""}, {""name"": ""mongodb"", ""level"": ""intermediate""}, {""name"": ""docker"", ""level"": ""intermediate""}]",3,0,MERN_FULL_STACK
SKIT/2023/CSE/0328,CSE (IoT),6,8.98,84.2,89.6,91.7,99.0,83.4,79.8,99.0,"iot_embedded,cloud_devops","[{""name"": ""cpp"", ""level"": ""advanced""}, {""name"": ""esp32"", ""level"": ""intermediate""}, {""name"": ""mqtt"", ""level"": ""intermediate""}, {""name"": ""c"", ""level"": ""intermediate""}, {""name"": ""python"", ""level"": ""intermediate""}, {""name"": ""influxdb"", ""level"": ""intermediate""}]",3,2,IOT_EMBEDDED_SYSTEMS
SKIT/2023/CSE/0365,CSE (IoT),6,8.25,74.0,82.1,81.2,99.0,76.9,77.3,94.2,"iot_embedded,cloud_devops","[{""name"": ""cpp"", ""level"": ""advanced""}, {""name"": ""esp32"", ""level"": ""intermediate""}, {""name"": ""arduino"", ""level"": ""advanced""}, {""name"": ""mqtt"", ""level"": ""intermediate""}, {""name"": ""c"", ""level"": ""intermediate""}, {""name"": ""influxdb"", ""level"": ""intermediate""}, {""name"": ""raspberry_pi"", ""level"": ""intermediate""}]",3,3,IOT_EMBEDDED_SYSTEMS
SKIT/2023/CSE/0020,CSE,7,7.09,84.8,79.8,77.7,61.3,65.7,64.9,64.1,web_development,"[{""name"": ""javascript"", ""level"": ""advanced""}, {""name"": ""react"", ""level"": ""intermediate""}, {""name"": ""html_css"", ""level"": ""advanced""}, {""name"": ""nodejs"", ""level"": ""intermediate""}, {""name"": ""express"", ""level"": ""beginner""}]",3,3,MERN_FULL_STACK
SKIT/2023/CSE/0772,CSE (IoT),6,7.92,78.4,92.7,73.8,72.9,91.2,80.3,69.3,"data_analytics,ai_ml","[{""name"": ""python"", ""level"": ""advanced""}, {""name"": ""sql"", ""level"": ""advanced""}, {""name"": ""mysql"", ""level"": ""intermediate""}, {""name"": ""scikit_learn"", ""level"": ""intermediate""}, {""name"": ""git"", ""level"": ""intermediate""}]",2,1,DATA_ANALYTICS
SKIT/2023/CSE/0434,CSE,7,8.56,81.4,96.1,73.7,74.6,70.4,99.0,98.1,"cloud_devops,web_development","[{""name"": ""docker"", ""level"": ""advanced""}, {""name"": ""linux"", ""level"": ""advanced""}, {""name"": ""aws"", ""level"": ""intermediate""}, {""name"": ""git"", ""level"": ""advanced""}, {""name"": ""python"", ""level"": ""beginner""}, {""name"": ""nodejs"", ""level"": ""beginner""}]",4,1,CLOUD_DEVOPS
SKIT/2023/CSE/0945,CSE,7,7.72,81.4,71.7,82.1,68.8,71.4,76.7,82.7,"cybersecurity,iot_embedded","[{""name"": ""linux"", ""level"": ""advanced""}, {""name"": ""python"", ""level"": ""intermediate""}, {""name"": ""cpp"", ""level"": ""intermediate""}, {""name"": ""git"", ""level"": ""intermediate""}, {""name"": ""docker"", ""level"": ""intermediate""}, {""name"": ""aws"", ""level"": ""intermediate""}]",2,1,CYBERSECURITY
SKIT/2023/CSE/0313,CSE (IoT),7,8.84,82.8,89.9,87.2,99.0,86.8,87.9,99.0,iot_embedded,"[{""name"": ""cpp"", ""level"": ""advanced""}, {""name"": ""esp32"", ""level"": ""intermediate""}, {""name"": ""arduino"", ""level"": ""advanced""}, {""name"": ""mqtt"", ""level"": ""intermediate""}, {""name"": ""c"", ""level"": ""intermediate""}, {""name"": ""influxdb"", ""level"": ""beginner""}, {""name"": ""linux"", ""level"": ""beginner""}]",2,1,IOT_EMBEDDED_SYSTEMS
SKIT/2023/CSE/0239,CSE,6,6.78,76.5,80.0,77.4,64.8,83.4,59.7,64.8,"ai_ml,data_analytics","[{""name"": ""scikit_learn"", ""level"": ""intermediate""}, {""name"": ""pytorch"", ""level"": ""intermediate""}, {""name"": ""sql"", ""level"": ""intermediate""}, {""name"": ""linux"", ""level"": ""beginner""}, {""name"": ""docker"", ""level"": ""intermediate""}]",2,3,AI_ML_ENGINEERING
SKIT/2023/CSE/0069,CSE,5,8.29,99.0,84.5,85.3,70.0,72.5,83.2,74.0,"web_development,cloud_devops,iot_embedded","[{""name"": ""javascript"", ""level"": ""advanced""}, {""name"": ""react"", ""level"": ""intermediate""}, {""name"": ""html_css"", ""level"": ""advanced""}, {""name"": ""nodejs"", ""level"": ""intermediate""}, {""name"": ""mongodb"", ""level"": ""intermediate""}, {""name"": ""docker"", ""level"": ""intermediate""}]",1,0,MERN_FULL_STACK
SKIT/2023/CSE/0170,Information Technology,5,8.68,78.8,79.7,93.8,87.4,95.7,85.8,85.9,"ai_ml,data_analytics,web_development","[{""name"": ""python"", ""level"": ""advanced""}, {""name"": ""scikit_learn"", ""level"": ""intermediate""}, {""name"": ""sql"", ""level"": ""intermediate""}, {""name"": ""tensorflow"", ""level"": ""intermediate""}, {""name"": ""git"", ""level"": ""intermediate""}]",2,0,AI_ML_ENGINEERING
SKIT/2023/CSE/0142,CSE (IoT),6,7.57,77.9,84.0,78.6,79.3,75.0,83.4,72.4,web_development,"[{""name"": ""javascript"", ""level"": ""advanced""}, {""name"": ""nodejs"", ""level"": ""intermediate""}, {""name"": ""mongodb"", ""level"": ""intermediate""}, {""name"": ""typescript"", ""level"": ""intermediate""}, {""name"": ""express"", ""level"": ""beginner""}, {""name"": ""docker"", ""level"": ""beginner""}]",0,0,MERN_FULL_STACK
SKIT/2023/CSE/0598,CSE (IoT),6,7.11,86.7,71.0,66.4,70.1,58.7,63.2,64.9,"mobile_dev,cloud_devops","[{""name"": ""flutter"", ""level"": ""advanced""}, {""name"": ""java"", ""level"": ""intermediate""}, {""name"": ""javascript"", ""level"": ""intermediate""}, {""name"": ""git"", ""level"": ""intermediate""}, {""name"": ""typescript"", ""level"": ""intermediate""}, {""name"": ""react"", ""level"": ""intermediate""}]",2,0,MOBILE_APP_DEV
SKIT/2023/CSE/0610,CSE (IoT),7,7.67,82.3,87.2,82.2,69.3,68.4,67.2,73.7,mobile_dev,"[{""name"": ""flutter"", ""level"": ""advanced""}, {""name"": ""java"", ""level"": ""intermediate""}, {""name"": ""javascript"", ""level"": ""intermediate""}, {""name"": ""git"", ""level"": ""intermediate""}, {""name"": ""typescript"", ""level"": ""beginner""}, {""name"": ""sql"", ""level"": ""intermediate""}]",3,1,MOBILE_APP_DEV
SKIT/2023/CSE/0762,CSE,5,7.37,71.3,91.0,77.8,67.8,86.0,65.4,63.9,data_analytics,"[{""name"": ""python"", ""level"": ""advanced""}, {""name"": ""sql"", ""level"": ""advanced""}, {""name"": ""postgresql"", ""level"": ""intermediate""}, {""name"": ""scikit_learn"", ""level"": ""intermediate""}, {""name"": ""mongodb"", ""level"": ""beginner""}]",5,0,DATA_ANALYTICS
SKIT/2023/CSE/0462,CSE (AI/ML),5,7.41,79.0,74.6,67.4,68.2,64.3,81.3,85.2,"cloud_devops,cybersecurity","[{""name"": ""docker"", ""level"": ""advanced""}, {""name"": ""linux"", ""level"": ""advanced""}, {""name"": ""aws"", ""level"": ""intermediate""}, {""name"": ""kubernetes"", ""level"": ""intermediate""}, {""name"": ""git"", ""level"": ""advanced""}, {""name"": ""sql"", ""level"": ""intermediate""}]",3,2,CLOUD_DEVOPS
SKIT/2023/CSE/0495,Information Technology,7,8.85,91.6,88.0,76.8,85.6,81.4,99.0,99.0,"cloud_devops,web_development","[{""name"": ""docker"", ""level"": ""advanced""}, {""name"": ""linux"", ""level"": ""advanced""}, {""name"": ""aws"", ""level"": ""intermediate""}, {""name"": ""kubernetes"", ""level"": ""intermediate""}, {""name"": ""git"", ""level"": ""advanced""}, {""name"": ""python"", ""level"": ""beginner""}, {""name"": ""nodejs"", ""level"": ""intermediate""}, {""name"": ""sql"", ""level"": ""intermediate""}]",1,1,CLOUD_DEVOPS
SKIT/2023/CSE/0929,Information Technology,5,7.34,76.9,70.1,85.1,70.8,68.4,79.4,84.7,"cybersecurity,iot_embedded","[{""name"": ""linux"", ""level"": ""advanced""}, {""name"": ""python"", ""level"": ""intermediate""}, {""name"": ""cpp"", ""level"": ""intermediate""}, {""name"": ""git"", ""level"": ""intermediate""}]",4,2,CYBERSECURITY
SKIT/2023/CSE/0638,Information Technology,5,7.47,81.7,75.2,82.2,72.4,74.8,72.4,74.7,"mobile_dev,web_development,cloud_devops","[{""name"": ""flutter"", ""level"": ""advanced""}, {""name"": ""java"", ""level"": ""intermediate""}, {""name"": ""javascript"", ""level"": ""intermediate""}, {""name"": ""git"", ""level"": ""intermediate""}, {""name"": ""typescript"", ""level"": ""intermediate""}, {""name"": ""react"", ""level"": ""beginner""}, {""name"": ""sql"", ""level"": ""intermediate""}]",3,0,MOBILE_APP_DEV
SKIT/2023/CSE/0635,Information Technology,5,7.28,83.1,70.5,81.9,75.6,68.8,69.8,71.5,mobile_dev,"[{""name"": ""flutter"", ""level"": ""advanced""}, {""name"": ""java"", ""level"": ""intermediate""}, {""name"": ""git"", ""level"": ""intermediate""}, {""name"": ""typescript"", ""level"": ""beginner""}]",2,3,MOBILE_APP_DEV
SKIT/2023/CSE/0373,CSE,6,8.79,85.6,75.7,86.8,99.0,87.7,80.1,80.9,"iot_embedded,cloud_devops","[{""name"": ""cpp"", ""level"": ""advanced""}, {""name"": ""esp32"", ""level"": ""intermediate""}, {""name"": ""mqtt"", ""level"": ""intermediate""}, {""name"": ""influxdb"", ""level"": ""intermediate""}, {""name"": ""raspberry_pi"", ""level"": ""intermediate""}]",2,2,IOT_EMBEDDED_SYSTEMS
SKIT/2023/CSE/0873,CSE (IoT),5,7.39,72.5,68.6,80.1,66.8,70.1,77.8,90.1,cybersecurity,"[{""name"": ""linux"", ""level"": ""advanced""}, {""name"": ""python"", ""level"": ""intermediate""}, {""name"": ""cpp"", ""level"": ""intermediate""}, {""name"": ""git"", ""level"": ""intermediate""}]",3,5,CYBERSECURITY
SKIT/2023/CSE/0272,CSE (IoT),5,7.11,65.3,74.4,71.8,63.7,88.4,73.5,69.1,ai_ml,"[{""name"": ""python"", ""level"": ""advanced""}, {""name"": ""scikit_learn"", ""level"": ""intermediate""}, {""name"": ""pytorch"", ""level"": ""intermediate""}, {""name"": ""sql"", ""level"": ""intermediate""}, {""name"": ""git"", ""level"": ""beginner""}, {""name"": ""linux"", ""level"": ""intermediate""}]",0,1,AI_ML_ENGINEERING
SKIT/2023/CSE/0730,CSE,7,9.08,83.6,99.0,94.2,82.9,92.0,87.5,93.6,"data_analytics,ai_ml","[{""name"": ""sql"", ""level"": ""advanced""}, {""name"": ""postgresql"", ""level"": ""intermediate""}]",1,1,DATA_ANALYTICS
SKIT/2023/CSE/0814,CSE,6,7.65,66.9,93.5,80.2,65.0,87.1,77.6,71.5,"data_analytics,web_development","[{""name"": ""python"", ""level"": ""advanced""}, {""name"": ""sql"", ""level"": ""advanced""}, {""name"": ""postgresql"", ""level"": ""intermediate""}, {""name"": ""mysql"", ""level"": ""intermediate""}, {""name"": ""git"", ""level"": ""intermediate""}, {""name"": ""mongodb"", ""level"": ""beginner""}]",2,2,DATA_ANALYTICS
SKIT/2023/CSE/0898,CSE (IoT),5,7.12,68.4,65.6,76.4,71.5,65.8,83.6,77.9,"cybersecurity,cloud_devops","[{""name"": ""linux"", ""level"": ""advanced""}, {""name"": ""python"", ""level"": ""intermediate""}, {""name"": ""cpp"", ""level"": ""intermediate""}, {""name"": ""git"", ""level"": ""intermediate""}, {""name"": ""aws"", ""level"": ""beginner""}]",3,1,CYBERSECURITY
SKIT/2023/CSE/0667,CSE (AI/ML),6,8.72,91.7,83.3,85.8,92.1,83.4,79.8,81.1,"mobile_dev,cloud_devops","[{""name"": ""flutter"", ""level"": ""advanced""}, {""name"": ""java"", ""level"": ""intermediate""}, {""name"": ""javascript"", ""level"": ""intermediate""}, {""name"": ""git"", ""level"": ""intermediate""}]",2,2,MOBILE_APP_DEV
SKIT/2023/CSE/0494,CSE (IoT),6,6.94,68.2,70.1,67.9,58.3,63.7,83.7,86.4,"cloud_devops,cybersecurity","[{""name"": ""docker"", ""level"": ""advanced""}, {""name"": ""linux"", ""level"": ""advanced""}, {""name"": ""aws"", ""level"": ""intermediate""}, {""name"": ""kubernetes"", ""level"": ""intermediate""}, {""name"": ""git"", ""level"": ""advanced""}, {""name"": ""sql"", ""level"": ""intermediate""}]",4,1,CLOUD_DEVOPS
SKIT/2023/CSE/0418,CSE (IoT),6,7.23,68.5,71.4,71.7,81.4,66.5,73.8,79.0,iot_embedded,"[{""name"": ""cpp"", ""level"": ""advanced""}, {""name"": ""esp32"", ""level"": ""intermediate""}, {""name"": ""arduino"", ""level"": ""advanced""}, {""name"": ""mqtt"", ""level"": ""intermediate""}, {""name"": ""c"", ""level"": ""intermediate""}, {""name"": ""python"", ""level"": ""beginner""}, {""name"": ""influxdb"", ""level"": ""beginner""}, {""name"": ""raspberry_pi"", ""level"": ""intermediate""}]",2,0,IOT_EMBEDDED_SYSTEMS
SKIT/2023/CSE/0445,CSE,7,8.25,81.5,80.2,70.9,74.7,75.1,99.0,91.3,"cloud_devops,cybersecurity,mobile_dev","[{""name"": ""docker"", ""level"": ""advanced""}, {""name"": ""linux"", ""level"": ""advanced""}, {""name"": ""aws"", ""level"": ""intermediate""}, {""name"": ""kubernetes"", ""level"": ""intermediate""}, {""name"": ""git"", ""level"": ""advanced""}, {""name"": ""nodejs"", ""level"": ""beginner""}, {""name"": ""sql"", ""level"": ""beginner""}]",1,2,CLOUD_DEVOPS
SKIT/2023/CSE/0499,Information Technology,5,7.98,81.0,80.1,75.3,82.3,75.0,99.0,93.7,cloud_devops,"[{""name"": ""docker"", ""level"": ""advanced""}, {""name"": ""linux"", ""level"": ""advanced""}, {""name"": ""aws"", ""level"": ""intermediate""}, {""name"": ""kubernetes"", ""level"": ""intermediate""}, {""name"": ""git"", ""level"": ""advanced""}, {""name"": ""nodejs"", ""level"": ""beginner""}, {""name"": ""sql"", ""level"": ""beginner""}]",1,0,CLOUD_DEVOPS
SKIT/2023/CSE/0669,Information Technology,7,8.55,97.2,82.1,99.0,78.0,79.9,76.7,94.7,"mobile_dev,web_development","[{""name"": ""flutter"", ""level"": ""advanced""}, {""name"": ""java"", ""level"": ""intermediate""}, {""name"": ""javascript"", ""level"": ""intermediate""}, {""name"": ""git"", ""level"": ""intermediate""}, {""name"": ""react"", ""level"": ""intermediate""}]",1,3,MOBILE_APP_DEV
SKIT/2023/CSE/0510,CSE (AI/ML),6,7.63,78.6,74.3,75.6,78.0,76.1,99.0,85.9,"cloud_devops,cybersecurity","[{""name"": ""docker"", ""level"": ""advanced""}, {""name"": ""aws"", ""level"": ""intermediate""}, {""name"": ""kubernetes"", ""level"": ""intermediate""}, {""name"": ""git"", ""level"": ""advanced""}, {""name"": ""python"", ""level"": ""intermediate""}]",5,0,CLOUD_DEVOPS
SKIT/2023/CSE/0583,CSE (AI/ML),5,6.56,82.8,79.0,76.7,53.5,56.9,54.2,54.0,"mobile_dev,web_development","[{""name"": ""flutter"", ""level"": ""advanced""}, {""name"": ""java"", ""level"": ""intermediate""}, {""name"": ""javascript"", ""level"": ""intermediate""}, {""name"": ""git"", ""level"": ""intermediate""}, {""name"": ""sql"", ""level"": ""intermediate""}]",3,1,MOBILE_APP_DEV
SKIT/2023/CSE/0825,CSE,5,8.11,76.7,99.0,86.2,77.7,92.6,76.6,77.1,"data_analytics,ai_ml","[{""name"": ""python"", ""level"": ""advanced""}, {""name"": ""sql"", ""level"": ""advanced""}, {""name"": ""postgresql"", ""level"": ""intermediate""}, {""name"": ""mysql"", ""level"": ""intermediate""}, {""name"": ""git"", ""level"": ""beginner""}, {""name"": ""mongodb"", ""level"": ""beginner""}]",0,0,DATA_ANALYTICS
SKIT/2023/CSE/0991,CSE (IoT),7,8.48,76.9,84.6,86.0,77.5,73.3,85.2,96.0,"cybersecurity,iot_embedded","[{""name"": ""linux"", ""level"": ""advanced""}, {""name"": ""python"", ""level"": ""intermediate""}, {""name"": ""cpp"", ""level"": ""intermediate""}, {""name"": ""git"", ""level"": ""intermediate""}, {""name"": ""aws"", ""level"": ""intermediate""}]",1,1,CYBERSECURITY
SKIT/2023/CSE/0915,CSE (IoT),7,7.96,79.8,77.1,84.5,74.1,80.7,91.9,95.9,cybersecurity,"[{""name"": ""linux"", ""level"": ""advanced""}, {""name"": ""python"", ""level"": ""intermediate""}, {""name"": ""cpp"", ""level"": ""intermediate""}, {""name"": ""git"", ""level"": ""intermediate""}, {""name"": ""docker"", ""level"": ""beginner""}, {""name"": ""aws"", ""level"": ""beginner""}]",2,0,CYBERSECURITY
SKIT/2023/CSE/0528,CSE,7,6.94,69.4,71.4,60.9,67.4,52.6,79.2,81.1,cloud_devops,"[{""name"": ""docker"", ""level"": ""advanced""}, {""name"": ""linux"", ""level"": ""advanced""}, {""name"": ""aws"", ""level"": ""intermediate""}, {""name"": ""kubernetes"", ""level"": ""intermediate""}, {""name"": ""git"", ""level"": ""advanced""}, {""name"": ""nodejs"", ""level"": ""beginner""}]",0,1,CLOUD_DEVOPS
SKIT/2023/CSE/0835,CSE (IoT),7,9.43,92.5,97.1,99.0,95.0,99.0,93.2,85.3,data_analytics,"[{""name"": ""python"", ""level"": ""advanced""}, {""name"": ""sql"", ""level"": ""advanced""}, {""name"": ""postgresql"", ""level"": ""intermediate""}, {""name"": ""mysql"", ""level"": ""intermediate""}, {""name"": ""mongodb"", ""level"": ""intermediate""}]",3,0,DATA_ANALYTICS
SKIT/2023/CSE/0175,CSE (AI/ML),5,9.62,84.6,99.0,98.1,93.5,99.0,88.2,93.8,"ai_ml,cloud_devops","[{""name"": ""python"", ""level"": ""advanced""}, {""name"": ""scikit_learn"", ""level"": ""intermediate""}, {""name"": ""pytorch"", ""level"": ""intermediate""}, {""name"": ""sql"", ""level"": ""intermediate""}, {""name"": ""fastapi"", ""level"": ""beginner""}, {""name"": ""git"", ""level"": ""intermediate""}, {""name"": ""linux"", ""level"": ""beginner""}, {""name"": ""docker"", ""level"": ""intermediate""}]",3,1,AI_ML_ENGINEERING
SKIT/2023/CSE/0408,CSE (IoT),5,7.92,65.3,79.9,79.3,90.9,73.0,65.7,81.0,iot_embedded,"[{""name"": ""cpp"", ""level"": ""advanced""}, {""name"": ""esp32"", ""level"": ""intermediate""}, {""name"": ""arduino"", ""level"": ""advanced""}, {""name"": ""mqtt"", ""level"": ""intermediate""}, {""name"": ""c"", ""level"": ""intermediate""}, {""name"": ""linux"", ""level"": ""intermediate""}]",5,0,IOT_EMBEDDED_SYSTEMS
SKIT/2023/CSE/0724,CSE (IoT),7,7.66,67.0,91.8,85.7,74.3,92.5,74.5,66.3,"data_analytics,web_development","[{""name"": ""python"", ""level"": ""advanced""}, {""name"": ""postgresql"", ""level"": ""intermediate""}, {""name"": ""mysql"", ""level"": ""intermediate""}, {""name"": ""scikit_learn"", ""level"": ""beginner""}]",2,1,DATA_ANALYTICS
SKIT/2023/CSE/0407,CSE,6,5.93,56.3,62.0,61.4,82.0,58.1,58.1,67.0,"iot_embedded,cybersecurity","[{""name"": ""cpp"", ""level"": ""advanced""}, {""name"": ""esp32"", ""level"": ""intermediate""}, {""name"": ""arduino"", ""level"": ""advanced""}, {""name"": ""mqtt"", ""level"": ""intermediate""}, {""name"": ""c"", ""level"": ""intermediate""}, {""name"": ""python"", ""level"": ""beginner""}, {""name"": ""linux"", ""level"": ""intermediate""}, {""name"": ""raspberry_pi"", ""level"": ""beginner""}]",0,1,IOT_EMBEDDED_SYSTEMS
SKIT/2023/CSE/0853,CSE,6,7.42,72.7,92.8,85.3,76.5,83.1,77.0,66.9,"data_analytics,ai_ml","[{""name"": ""python"", ""level"": ""advanced""}, {""name"": ""sql"", ""level"": ""advanced""}, {""name"": ""postgresql"", ""level"": ""intermediate""}, {""name"": ""mysql"", ""level"": ""intermediate""}, {""name"": ""scikit_learn"", ""level"": ""beginner""}, {""name"": ""mongodb"", ""level"": ""beginner""}]",4,1,DATA_ANALYTICS
SKIT/2023/CSE/0975,CSE (AI/ML),6,8.77,87.4,81.7,87.8,72.2,82.0,99.0,97.7,"cybersecurity,iot_embedded","[{""name"": ""linux"", ""level"": ""advanced""}, {""name"": ""python"", ""level"": ""intermediate""}, {""name"": ""git"", ""level"": ""intermediate""}, {""name"": ""c"", ""level"": ""beginner""}]",3,1,CYBERSECURITY
SKIT/2023/CSE/0611,CSE (AI/ML),7,7.85,93.9,84.4,85.6,67.1,71.3,74.3,62.8,"mobile_dev,web_development","[{""name"": ""flutter"", ""level"": ""advanced""}, {""name"": ""java"", ""level"": ""intermediate""}, {""name"": ""javascript"", ""level"": ""intermediate""}, {""name"": ""git"", ""level"": ""intermediate""}, {""name"": ""typescript"", ""level"": ""beginner""}, {""name"": ""react"", ""level"": ""intermediate""}, {""name"": ""sql"", ""level"": ""beginner""}]",2,0,MOBILE_APP_DEV
SKIT/2023/CSE/0504,CSE (AI/ML),5,8.51,75.3,97.7,75.5,76.6,83.7,99.0,94.6,"cloud_devops,cybersecurity","[{""name"": ""linux"", ""level"": ""advanced""}, {""name"": ""aws"", ""level"": ""intermediate""}, {""name"": ""kubernetes"", ""level"": ""intermediate""}, {""name"": ""git"", ""level"": ""advanced""}, {""name"": ""python"", ""level"": ""beginner""}, {""name"": ""nodejs"", ""level"": ""beginner""}]",4,1,CLOUD_DEVOPS
SKIT/2023/CSE/0896,Information Technology,7,9.08,92.3,82.5,94.1,88.3,81.1,97.0,99.0,"cybersecurity,cloud_devops","[{""name"": ""linux"", ""level"": ""advanced""}, {""name"": ""python"", ""level"": ""intermediate""}, {""name"": ""cpp"", ""level"": ""intermediate""}, {""name"": ""git"", ""level"": ""intermediate""}, {""name"": ""docker"", ""level"": ""beginner""}, {""name"": ""c"", ""level"": ""beginner""}, {""name"": ""aws"", ""level"": ""beginner""}]",4,1,CYBERSECURITY
SKIT/2023/CSE/0845,CSE (IoT),6,6.1,57.6,79.1,65.5,55.1,67.2,63.6,58.1,"data_analytics,web_development","[{""name"": ""python"", ""level"": ""advanced""}, {""name"": ""sql"", ""level"": ""advanced""}, {""name"": ""postgresql"", ""level"": ""intermediate""}, {""name"": ""mysql"", ""level"": ""intermediate""}, {""name"": ""git"", ""level"": ""intermediate""}]",4,1,DATA_ANALYTICS
SKIT/2023/CSE/0759,CSE (AI/ML),6,7.46,74.5,90.0,80.9,67.7,86.0,74.7,67.2,"data_analytics,ai_ml","[{""name"": ""python"", ""level"": ""advanced""}, {""name"": ""postgresql"", ""level"": ""intermediate""}, {""name"": ""mysql"", ""level"": ""intermediate""}, {""name"": ""git"", ""level"": ""beginner""}]",5,2,DATA_ANALYTICS
SKIT/2023/CSE/0487,CSE (IoT),6,6.03,54.4,57.1,55.2,59.8,52.8,72.2,73.6,"cloud_devops,cybersecurity","[{""name"": ""docker"", ""level"": ""advanced""}, {""name"": ""linux"", ""level"": ""advanced""}, {""name"": ""aws"", ""level"": ""intermediate""}, {""name"": ""kubernetes"", ""level"": ""intermediate""}, {""name"": ""git"", ""level"": ""advanced""}, {""name"": ""python"", ""level"": ""intermediate""}]",2,0,CLOUD_DEVOPS
SKIT/2023/CSE/0081,CSE (AI/ML),7,9.43,99.0,99.0,99.0,86.7,95.0,90.2,94.3,web_development,"[{""name"": ""javascript"", ""level"": ""advanced""}, {""name"": ""react"", ""level"": ""intermediate""}, {""name"": ""html_css"", ""level"": ""advanced""}, {""name"": ""nodejs"", ""level"": ""intermediate""}, {""name"": ""mongodb"", ""level"": ""intermediate""}, {""name"": ""express"", ""level"": ""intermediate""}, {""name"": ""git"", ""level"": ""intermediate""}]",5,0,MERN_FULL_STACK
SKIT/2023/CSE/0395,CSE (IoT),6,6.28,54.1,63.0,68.7,79.7,54.6,54.5,69.8,"iot_embedded,cybersecurity","[{""name"": ""cpp"", ""level"": ""advanced""}, {""name"": ""arduino"", ""level"": ""advanced""}, {""name"": ""mqtt"", ""level"": ""intermediate""}, {""name"": ""c"", ""level"": ""intermediate""}, {""name"": ""influxdb"", ""level"": ""beginner""}]",3,0,IOT_EMBEDDED_SYSTEMS
SKIT/2023/CSE/0653,CSE (IoT),7,7.37,72.6,72.2,74.1,69.8,74.1,75.5,72.1,"mobile_dev,cloud_devops,iot_embedded","[{""name"": ""java"", ""level"": ""intermediate""}, {""name"": ""javascript"", ""level"": ""intermediate""}, {""name"": ""git"", ""level"": ""intermediate""}, {""name"": ""react"", ""level"": ""beginner""}, {""name"": ""sql"", ""level"": ""intermediate""}]",2,2,MOBILE_APP_DEV
SKIT/2023/CSE/0972,CSE (AI/ML),7,7.7,73.1,66.9,81.2,80.6,78.3,82.2,93.0,"cybersecurity,cloud_devops","[{""name"": ""linux"", ""level"": ""advanced""}, {""name"": ""python"", ""level"": ""intermediate""}, {""name"": ""cpp"", ""level"": ""intermediate""}, {""name"": ""git"", ""level"": ""intermediate""}, {""name"": ""docker"", ""level"": ""intermediate""}, {""name"": ""c"", ""level"": ""beginner""}, {""name"": ""aws"", ""level"": ""intermediate""}]",4,1,CYBERSECURITY
SKIT/2023/CSE/0200,CSE,5,6.77,57.5,75.8,74.4,69.6,73.6,57.3,64.4,ai_ml,"[{""name"": ""scikit_learn"", ""level"": ""intermediate""}, {""name"": ""pytorch"", ""level"": ""intermediate""}, {""name"": ""sql"", ""level"": ""intermediate""}, {""name"": ""tensorflow"", ""level"": ""beginner""}, {""name"": ""git"", ""level"": ""beginner""}, {""name"": ""docker"", ""level"": ""beginner""}]",7,1,AI_ML_ENGINEERING
SKIT/2023/CSE/0961,CSE (IoT),5,8.27,75.5,77.1,88.6,74.6,87.6,83.1,98.8,"cybersecurity,cloud_devops","[{""name"": ""linux"", ""level"": ""advanced""}, {""name"": ""python"", ""level"": ""intermediate""}, {""name"": ""cpp"", ""level"": ""intermediate""}, {""name"": ""git"", ""level"": ""intermediate""}, {""name"": ""c"", ""level"": ""beginner""}, {""name"": ""aws"", ""level"": ""beginner""}]",2,0,CYBERSECURITY
SKIT/2023/CSE/0905,Information Technology,7,8.44,83.1,80.2,89.2,76.1,82.6,88.9,99.0,"cybersecurity,cloud_devops","[{""name"": ""linux"", ""level"": ""advanced""}, {""name"": ""python"", ""level"": ""intermediate""}, {""name"": ""git"", ""level"": ""intermediate""}, {""name"": ""c"", ""level"": ""beginner""}]",2,0,CYBERSECURITY
SKIT/2023/CSE/0043,CSE,6,8.64,96.3,89.3,83.1,83.5,68.4,79.8,80.5,"web_development,cloud_devops","[{""name"": ""javascript"", ""level"": ""advanced""}, {""name"": ""react"", ""level"": ""intermediate""}, {""name"": ""html_css"", ""level"": ""advanced""}, {""name"": ""nodejs"", ""level"": ""intermediate""}, {""name"": ""mongodb"", ""level"": ""intermediate""}, {""name"": ""docker"", ""level"": ""beginner""}]",3,1,MERN_FULL_STACK
SKIT/2023/CSE/0129,Information Technology,7,7.16,83.5,83.8,70.2,60.8,68.5,66.2,70.6,"web_development,cloud_devops","[{""name"": ""javascript"", ""level"": ""advanced""}, {""name"": ""html_css"", ""level"": ""advanced""}, {""name"": ""nodejs"", ""level"": ""intermediate""}, {""name"": ""mongodb"", ""level"": ""intermediate""}, {""name"": ""typescript"", ""level"": ""beginner""}, {""name"": ""express"", ""level"": ""intermediate""}, {""name"": ""git"", ""level"": ""beginner""}]",3,0,MERN_FULL_STACK
SKIT/2023/CSE/0482,CSE (AI/ML),6,8.1,74.0,89.9,77.0,80.4,66.2,99.0,89.8,"cloud_devops,cybersecurity","[{""name"": ""docker"", ""level"": ""advanced""}, {""name"": ""linux"", ""level"": ""advanced""}, {""name"": ""aws"", ""level"": ""intermediate""}, {""name"": ""kubernetes"", ""level"": ""intermediate""}, {""name"": ""git"", ""level"": ""advanced""}, {""name"": ""nodejs"", ""level"": ""intermediate""}, {""name"": ""sql"", ""level"": ""intermediate""}]",0,0,CLOUD_DEVOPS
SKIT/2023/CSE/0511,CSE (AI/ML),7,8.88,82.6,93.0,76.6,81.6,89.9,99.0,99.0,cloud_devops,"[{""name"": ""docker"", ""level"": ""advanced""}, {""name"": ""linux"", ""level"": ""advanced""}, {""name"": ""aws"", ""level"": ""intermediate""}, {""name"": ""kubernetes"", ""level"": ""intermediate""}, {""name"": ""git"", ""level"": ""advanced""}, {""name"": ""python"", ""level"": ""intermediate""}]",2,0,CLOUD_DEVOPS
SKIT/2023/CSE/0054,Information Technology,7,6.8,91.4,79.3,77.0,68.2,59.0,62.0,67.1,"web_development,mobile_dev","[{""name"": ""javascript"", ""level"": ""advanced""}, {""name"": ""react"", ""level"": ""intermediate""}, {""name"": ""html_css"", ""level"": ""advanced""}, {""name"": ""nodejs"", ""level"": ""intermediate""}, {""name"": ""mongodb"", ""level"": ""intermediate""}, {""name"": ""express"", ""level"": ""intermediate""}, {""name"": ""git"", ""level"": ""intermediate""}]",2,0,MERN_FULL_STACK
SKIT/2023/CSE/0876,Information Technology,7,6.44,63.9,60.7,62.6,57.0,62.8,70.4,77.7,cybersecurity,"[{""name"": ""linux"", ""level"": ""advanced""}, {""name"": ""python"", ""level"": ""intermediate""}, {""name"": ""cpp"", ""level"": ""intermediate""}, {""name"": ""git"", ""level"": ""intermediate""}, {""name"": ""c"", ""level"": ""beginner""}, {""name"": ""aws"", ""level"": ""beginner""}]",3,1,CYBERSECURITY
SKIT/2023/CSE/0922,Information Technology,5,8.96,84.5,79.3,94.3,82.8,92.2,99.0,99.0,"cybersecurity,cloud_devops","[{""name"": ""linux"", ""level"": ""advanced""}, {""name"": ""python"", ""level"": ""intermediate""}, {""name"": ""cpp"", ""level"": ""intermediate""}, {""name"": ""git"", ""level"": ""intermediate""}, {""name"": ""c"", ""level"": ""intermediate""}]",3,0,CYBERSECURITY
SKIT/2023/CSE/0441,CSE (AI/ML),6,8.17,76.2,72.5,71.2,80.7,67.0,99.0,98.8,"cloud_devops,web_development","[{""name"": ""docker"", ""level"": ""advanced""}, {""name"": ""linux"", ""level"": ""advanced""}, {""name"": ""aws"", ""level"": ""intermediate""}, {""name"": ""kubernetes"", ""level"": ""intermediate""}, {""name"": ""git"", ""level"": ""advanced""}, {""name"": ""sql"", ""level"": ""intermediate""}]",5,0,CLOUD_DEVOPS
SKIT/2023/CSE/0677,CSE,6,8.54,88.0,85.9,92.0,83.3,82.7,75.1,83.3,"mobile_dev,cloud_devops,web_development","[{""name"": ""java"", ""level"": ""intermediate""}, {""name"": ""javascript"", ""level"": ""intermediate""}, {""name"": ""git"", ""level"": ""intermediate""}, {""name"": ""typescript"", ""level"": ""beginner""}, {""name"": ""react"", ""level"": ""intermediate""}]",3,2,MOBILE_APP_DEV
SKIT/2023/CSE/0370,CSE (IoT),6,8.29,67.9,78.7,85.6,99.0,85.2,80.9,97.3,"iot_embedded,cloud_devops","[{""name"": ""cpp"", ""level"": ""advanced""}, {""name"": ""esp32"", ""level"": ""intermediate""}, {""name"": ""arduino"", ""level"": ""advanced""}, {""name"": ""c"", ""level"": ""intermediate""}, {""name"": ""python"", ""level"": ""intermediate""}, {""name"": ""raspberry_pi"", ""level"": ""intermediate""}]",4,0,IOT_EMBEDDED_SYSTEMS
SKIT/2023/CSE/0189,CSE (IoT),7,9.43,86.3,95.4,98.8,92.3,99.0,96.5,95.3,ai_ml,"[{""name"": ""python"", ""level"": ""advanced""}, {""name"": ""scikit_learn"", ""level"": ""intermediate""}, {""name"": ""pytorch"", ""level"": ""intermediate""}, {""name"": ""fastapi"", ""level"": ""intermediate""}, {""name"": ""git"", ""level"": ""beginner""}, {""name"": ""linux"", ""level"": ""beginner""}]",2,1,AI_ML_ENGINEERING
SKIT/2023/CSE/0927,CSE (IoT),6,8.84,86.1,76.6,95.2,73.2,87.6,94.8,99.0,"cybersecurity,ai_ml","[{""name"": ""linux"", ""level"": ""advanced""}, {""name"": ""python"", ""level"": ""intermediate""}, {""name"": ""cpp"", ""level"": ""intermediate""}, {""name"": ""git"", ""level"": ""intermediate""}, {""name"": ""docker"", ""level"": ""beginner""}, {""name"": ""c"", ""level"": ""beginner""}, {""name"": ""aws"", ""level"": ""beginner""}]",5,1,CYBERSECURITY
SKIT/2023/CSE/0469,CSE,5,8.06,80.0,80.7,77.9,71.9,77.9,98.9,88.5,cloud_devops,"[{""name"": ""docker"", ""level"": ""advanced""}, {""name"": ""linux"", ""level"": ""advanced""}, {""name"": ""aws"", ""level"": ""intermediate""}, {""name"": ""kubernetes"", ""level"": ""intermediate""}, {""name"": ""git"", ""level"": ""advanced""}, {""name"": ""python"", ""level"": ""intermediate""}, {""name"": ""nodejs"", ""level"": ""intermediate""}, {""name"": ""sql"", ""level"": ""beginner""}]",2,1,CLOUD_DEVOPS
SKIT/2023/CSE/0691,CSE (AI/ML),5,7.41,87.6,73.0,86.1,68.4,66.6,83.3,72.5,"mobile_dev,data_analytics","[{""name"": ""flutter"", ""level"": ""advanced""}, {""name"": ""java"", ""level"": ""intermediate""}, {""name"": ""javascript"", ""level"": ""intermediate""}, {""name"": ""git"", ""level"": ""intermediate""}, {""name"": ""react"", ""level"": ""intermediate""}, {""name"": ""sql"", ""level"": ""beginner""}]",4,2,MOBILE_APP_DEV
SKIT/2023/CSE/0729,CSE (IoT),6,6.99,69.3,93.9,78.1,71.0,77.8,58.4,73.9,"data_analytics,ai_ml","[{""name"": ""python"", ""level"": ""advanced""}, {""name"": ""sql"", ""level"": ""advanced""}, {""name"": ""postgresql"", ""level"": ""intermediate""}, {""name"": ""mysql"", ""level"": ""intermediate""}, {""name"": ""scikit_learn"", ""level"": ""beginner""}]",2,1,DATA_ANALYTICS
SKIT/2023/CSE/0897,CSE,5,7.47,71.9,54.1,78.8,74.8,69.1,80.7,85.8,cybersecurity,"[{""name"": ""linux"", ""level"": ""advanced""}, {""name"": ""python"", ""level"": ""intermediate""}, {""name"": ""cpp"", ""level"": ""intermediate""}, {""name"": ""git"", ""level"": ""intermediate""}, {""name"": ""docker"", ""level"": ""intermediate""}, {""name"": ""c"", ""level"": ""intermediate""}]",1,4,CYBERSECURITY
SKIT/2023/CSE/0011,CSE (IoT),6,7.85,99.0,83.7,82.1,74.4,68.8,80.3,78.4,"web_development,cloud_devops","[{""name"": ""javascript"", ""level"": ""advanced""}, {""name"": ""react"", ""level"": ""intermediate""}, {""name"": ""html_css"", ""level"": ""advanced""}, {""name"": ""nodejs"", ""level"": ""intermediate""}, {""name"": ""mongodb"", ""level"": ""intermediate""}, {""name"": ""typescript"", ""level"": ""beginner""}, {""name"": ""express"", ""level"": ""intermediate""}, {""name"": ""git"", ""level"": ""beginner""}]",2,2,MERN_FULL_STACK
SKIT/2023/CSE/0082,CSE (AI/ML),7,7.21,84.1,76.9,76.7,71.1,65.7,68.4,79.2,"web_development,mobile_dev,cloud_devops","[{""name"": ""javascript"", ""level"": ""advanced""}, {""name"": ""react"", ""level"": ""intermediate""}, {""name"": ""html_css"", ""level"": ""advanced""}, {""name"": ""nodejs"", ""level"": ""intermediate""}, {""name"": ""mongodb"", ""level"": ""intermediate""}, {""name"": ""typescript"", ""level"": ""beginner""}, {""name"": ""express"", ""level"": ""intermediate""}, {""name"": ""git"", ""level"": ""beginner""}]",5,0,MERN_FULL_STACK
SKIT/2023/CSE/0518,CSE (AI/ML),5,8.24,77.2,80.6,74.2,84.8,79.0,97.5,96.9,cloud_devops,"[{""name"": ""docker"", ""level"": ""advanced""}, {""name"": ""linux"", ""level"": ""advanced""}, {""name"": ""aws"", ""level"": ""intermediate""}, {""name"": ""kubernetes"", ""level"": ""intermediate""}, {""name"": ""git"", ""level"": ""advanced""}, {""name"": ""python"", ""level"": ""intermediate""}]",5,1,CLOUD_DEVOPS
SKIT/2023/CSE/0497,CSE,5,9.5,85.9,94.4,85.9,93.9,92.5,99.0,99.0,"cloud_devops,cybersecurity","[{""name"": ""docker"", ""level"": ""advanced""}, {""name"": ""linux"", ""level"": ""advanced""}, {""name"": ""aws"", ""level"": ""intermediate""}, {""name"": ""kubernetes"", ""level"": ""intermediate""}, {""name"": ""git"", ""level"": ""advanced""}, {""name"": ""python"", ""level"": ""intermediate""}, {""name"": ""nodejs"", ""level"": ""beginner""}]",2,3,CLOUD_DEVOPS
SKIT/2023/CSE/0930,CSE,5,7.13,65.7,61.5,75.3,67.8,66.3,83.8,88.4,"cybersecurity,iot_embedded","[{""name"": ""linux"", ""level"": ""advanced""}, {""name"": ""python"", ""level"": ""intermediate""}, {""name"": ""cpp"", ""level"": ""intermediate""}, {""name"": ""git"", ""level"": ""intermediate""}]",3,0,CYBERSECURITY
SKIT/2023/CSE/0512,CSE,6,7.44,75.3,76.5,79.7,72.2,67.8,97.5,89.8,"cloud_devops,cybersecurity","[{""name"": ""docker"", ""level"": ""advanced""}, {""name"": ""aws"", ""level"": ""intermediate""}, {""name"": ""kubernetes"", ""level"": ""intermediate""}, {""name"": ""git"", ""level"": ""advanced""}, {""name"": ""sql"", ""level"": ""beginner""}]",2,1,CLOUD_DEVOPS
SKIT/2023/CSE/0811,CSE (AI/ML),5,8.2,80.1,94.1,80.3,90.4,89.5,81.4,69.9,data_analytics,"[{""name"": ""python"", ""level"": ""advanced""}, {""name"": ""sql"", ""level"": ""advanced""}, {""name"": ""mysql"", ""level"": ""intermediate""}, {""name"": ""scikit_learn"", ""level"": ""beginner""}, {""name"": ""mongodb"", ""level"": ""beginner""}]",1,0,DATA_ANALYTICS
SKIT/2023/CSE/0343,CSE (IoT),6,7.68,70.4,66.2,73.6,84.9,72.5,70.0,80.1,"iot_embedded,cloud_devops","[{""name"": ""cpp"", ""level"": ""advanced""}, {""name"": ""esp32"", ""level"": ""intermediate""}, {""name"": ""arduino"", ""level"": ""advanced""}, {""name"": ""mqtt"", ""level"": ""intermediate""}, {""name"": ""c"", ""level"": ""intermediate""}, {""name"": ""influxdb"", ""level"": ""intermediate""}]",5,2,IOT_EMBEDDED_SYSTEMS
SKIT/2023/CSE/0827,CSE (AI/ML),5,6.83,67.3,86.7,73.1,68.9,79.1,62.3,65.4,"data_analytics,ai_ml","[{""name"": ""python"", ""level"": ""advanced""}, {""name"": ""postgresql"", ""level"": ""intermediate""}, {""name"": ""mysql"", ""level"": ""intermediate""}, {""name"": ""git"", ""level"": ""beginner""}, {""name"": ""mongodb"", ""level"": ""beginner""}]",2,1,DATA_ANALYTICS
SKIT/2023/CSE/0293,CSE (IoT),7,9.8,93.1,87.9,99.0,99.0,90.0,92.4,99.0,"iot_embedded,cybersecurity,ai_ml","[{""name"": ""cpp"", ""level"": ""advanced""}, {""name"": ""esp32"", ""level"": ""intermediate""}, {""name"": ""arduino"", ""level"": ""advanced""}, {""name"": ""c"", ""level"": ""intermediate""}]",6,3,IOT_EMBEDDED_SYSTEMS
SKIT/2023/CSE/0980,CSE,6,6.55,62.2,51.4,78.4,68.4,60.1,72.4,81.9,"cybersecurity,cloud_devops","[{""name"": ""linux"", ""level"": ""advanced""}, {""name"": ""python"", ""level"": ""intermediate""}, {""name"": ""cpp"", ""level"": ""intermediate""}, {""name"": ""git"", ""level"": ""intermediate""}, {""name"": ""docker"", ""level"": ""beginner""}, {""name"": ""aws"", ""level"": ""intermediate""}]",0,3,CYBERSECURITY
SKIT/2023/CSE/0861,CSE,6,9.8,99.0,89.6,99.0,95.6,93.0,99.0,99.0,"cybersecurity,cloud_devops","[{""name"": ""python"", ""level"": ""intermediate""}, {""name"": ""git"", ""level"": ""intermediate""}, {""name"": ""docker"", ""level"": ""beginner""}, {""name"": ""c"", ""level"": ""beginner""}]",1,1,CYBERSECURITY
SKIT/2023/CSE/0372,CSE (IoT),5,6.75,75.5,62.9,70.1,94.4,61.2,72.4,74.0,iot_embedded,"[{""name"": ""cpp"", ""level"": ""advanced""}, {""name"": ""esp32"", ""level"": ""intermediate""}, {""name"": ""arduino"", ""level"": ""advanced""}, {""name"": ""mqtt"", ""level"": ""intermediate""}, {""name"": ""c"", ""level"": ""intermediate""}, {""name"": ""python"", ""level"": ""intermediate""}, {""name"": ""influxdb"", ""level"": ""beginner""}, {""name"": ""raspberry_pi"", ""level"": ""intermediate""}]",3,0,IOT_EMBEDDED_SYSTEMS
SKIT/2023/CSE/0753,CSE (AI/ML),6,5.89,55.9,74.1,63.1,57.6,73.2,64.4,52.5,"data_analytics,web_development,ai_ml","[{""name"": ""python"", ""level"": ""advanced""}, {""name"": ""sql"", ""level"": ""advanced""}, {""name"": ""postgresql"", ""level"": ""intermediate""}, {""name"": ""mysql"", ""level"": ""intermediate""}]",4,2,DATA_ANALYTICS
SKIT/2023/CSE/0614,CSE (IoT),5,7.22,82.2,70.4,87.4,68.4,66.9,68.6,66.5,"mobile_dev,web_development","[{""name"": ""flutter"", ""level"": ""advanced""}, {""name"": ""java"", ""level"": ""intermediate""}, {""name"": ""javascript"", ""level"": ""intermediate""}, {""name"": ""git"", ""level"": ""intermediate""}, {""name"": ""typescript"", ""level"": ""beginner""}, {""name"": ""react"", ""level"": ""beginner""}, {""name"": ""sql"", ""level"": ""intermediate""}]",2,1,MOBILE_APP_DEV
SKIT/2023/CSE/0784,CSE (IoT),6,8.16,78.3,99.0,87.4,75.2,96.9,72.0,79.1,data_analytics,"[{""name"": ""python"", ""level"": ""advanced""}, {""name"": ""sql"", ""level"": ""advanced""}, {""name"": ""postgresql"", ""level"": ""intermediate""}, {""name"": ""mysql"", ""level"": ""intermediate""}, {""name"": ""git"", ""level"": ""intermediate""}]",3,1,DATA_ANALYTICS
SKIT/2023/CSE/0771,CSE,7,7.48,83.4,89.5,76.3,71.7,89.9,67.4,70.3,"data_analytics,ai_ml","[{""name"": ""python"", ""level"": ""advanced""}, {""name"": ""sql"", ""level"": ""advanced""}, {""name"": ""postgresql"", ""level"": ""intermediate""}, {""name"": ""mysql"", ""level"": ""intermediate""}]",4,1,DATA_ANALYTICS
SKIT/2023/CSE/0924,CSE (IoT),6,7.48,70.0,75.6,77.2,73.1,73.6,84.3,99.0,"cybersecurity,iot_embedded","[{""name"": ""linux"", ""level"": ""advanced""}, {""name"": ""python"", ""level"": ""intermediate""}, {""name"": ""cpp"", ""level"": ""intermediate""}, {""name"": ""git"", ""level"": ""intermediate""}, {""name"": ""c"", ""level"": ""beginner""}]",5,1,CYBERSECURITY
SKIT/2023/CSE/0073,CSE (IoT),6,8.35,98.2,87.1,86.3,84.7,74.2,80.0,75.8,"web_development,mobile_dev","[{""name"": ""javascript"", ""level"": ""advanced""}, {""name"": ""react"", ""level"": ""intermediate""}, {""name"": ""html_css"", ""level"": ""advanced""}, {""name"": ""nodejs"", ""level"": ""intermediate""}, {""name"": ""mongodb"", ""level"": ""intermediate""}, {""name"": ""typescript"", ""level"": ""intermediate""}]",2,4,MERN_FULL_STACK
SKIT/2023/CSE/0954,CSE,5,7.26,67.9,77.1,73.9,57.4,66.0,79.3,86.5,"cybersecurity,iot_embedded","[{""name"": ""linux"", ""level"": ""advanced""}, {""name"": ""python"", ""level"": ""intermediate""}, {""name"": ""cpp"", ""level"": ""intermediate""}, {""name"": ""git"", ""level"": ""intermediate""}, {""name"": ""docker"", ""level"": ""intermediate""}, {""name"": ""c"", ""level"": ""beginner""}, {""name"": ""aws"", ""level"": ""beginner""}]",1,0,CYBERSECURITY
SKIT/2023/CSE/0817,Information Technology,5,6.65,57.8,84.3,81.8,59.0,75.9,68.6,63.1,"data_analytics,web_development","[{""name"": ""python"", ""level"": ""advanced""}, {""name"": ""sql"", ""level"": ""advanced""}, {""name"": ""postgresql"", ""level"": ""intermediate""}, {""name"": ""mysql"", ""level"": ""intermediate""}, {""name"": ""git"", ""level"": ""intermediate""}, {""name"": ""mongodb"", ""level"": ""beginner""}]",1,1,DATA_ANALYTICS
SKIT/2023/CSE/0080,CSE (AI/ML),5,7.64,86.9,83.5,73.3,77.5,75.7,70.1,70.3,"web_development,cloud_devops","[{""name"": ""javascript"", ""level"": ""advanced""}, {""name"": ""react"", ""level"": ""intermediate""}, {""name"": ""html_css"", ""level"": ""advanced""}, {""name"": ""nodejs"", ""level"": ""intermediate""}, {""name"": ""mongodb"", ""level"": ""intermediate""}, {""name"": ""typescript"", ""level"": ""beginner""}, {""name"": ""express"", ""level"": ""beginner""}, {""name"": ""docker"", ""level"": ""intermediate""}]",1,1,MERN_FULL_STACK
SKIT/2023/CSE/0125,CSE,5,7.89,87.3,76.2,75.8,76.2,75.4,78.5,75.5,"web_development,cloud_devops","[{""name"": ""javascript"", ""level"": ""advanced""}, {""name"": ""react"", ""level"": ""intermediate""}, {""name"": ""html_css"", ""level"": ""advanced""}, {""name"": ""nodejs"", ""level"": ""intermediate""}, {""name"": ""mongodb"", ""level"": ""intermediate""}, {""name"": ""express"", ""level"": ""beginner""}, {""name"": ""git"", ""level"": ""intermediate""}, {""name"": ""docker"", ""level"": ""beginner""}]",0,1,MERN_FULL_STACK
SKIT/2023/CSE/0473,CSE,5,8.77,77.1,85.2,88.2,76.5,82.5,99.0,99.0,"cloud_devops,cybersecurity","[{""name"": ""docker"", ""level"": ""advanced""}, {""name"": ""linux"", ""level"": ""advanced""}, {""name"": ""aws"", ""level"": ""intermediate""}, {""name"": ""kubernetes"", ""level"": ""intermediate""}, {""name"": ""git"", ""level"": ""advanced""}]",1,0,CLOUD_DEVOPS
SKIT/2023/CSE/0833,CSE,7,7.1,66.4,89.1,72.7,68.2,84.4,72.3,71.4,"data_analytics,web_development","[{""name"": ""python"", ""level"": ""advanced""}, {""name"": ""sql"", ""level"": ""advanced""}, {""name"": ""mysql"", ""level"": ""intermediate""}, {""name"": ""mongodb"", ""level"": ""beginner""}]",1,0,DATA_ANALYTICS
SKIT/2023/CSE/0702,CSE (IoT),6,6.84,69.3,80.3,82.9,69.0,63.9,56.3,75.5,"mobile_dev,web_development","[{""name"": ""flutter"", ""level"": ""advanced""}, {""name"": ""java"", ""level"": ""intermediate""}, {""name"": ""javascript"", ""level"": ""intermediate""}, {""name"": ""git"", ""level"": ""intermediate""}, {""name"": ""typescript"", ""level"": ""beginner""}, {""name"": ""sql"", ""level"": ""intermediate""}]",3,1,MOBILE_APP_DEV
SKIT/2023/CSE/0332,Information Technology,5,7.94,75.2,75.8,67.9,98.7,77.8,82.1,89.3,"iot_embedded,cybersecurity","[{""name"": ""cpp"", ""level"": ""advanced""}, {""name"": ""esp32"", ""level"": ""intermediate""}, {""name"": ""arduino"", ""level"": ""advanced""}, {""name"": ""mqtt"", ""level"": ""intermediate""}, {""name"": ""c"", ""level"": ""intermediate""}, {""name"": ""raspberry_pi"", ""level"": ""beginner""}]",3,2,IOT_EMBEDDED_SYSTEMS
SKIT/2023/CSE/0755,CSE (IoT),7,6.72,61.7,81.9,78.6,63.7,73.3,66.7,61.8,"data_analytics,web_development","[{""name"": ""sql"", ""level"": ""advanced""}, {""name"": ""postgresql"", ""level"": ""intermediate""}, {""name"": ""mysql"", ""level"": ""intermediate""}, {""name"": ""git"", ""level"": ""beginner""}]",3,3,DATA_ANALYTICS
SKIT/2023/CSE/0097,Information Technology,6,8.02,90.2,97.3,76.0,78.8,72.5,74.4,78.4,web_development,"[{""name"": ""javascript"", ""level"": ""advanced""}, {""name"": ""html_css"", ""level"": ""advanced""}, {""name"": ""nodejs"", ""level"": ""intermediate""}, {""name"": ""docker"", ""level"": ""beginner""}]",1,2,MERN_FULL_STACK
SKIT/2023/CSE/0392,CSE (IoT),6,7.32,70.3,69.8,81.8,99.0,75.2,67.3,79.1,"iot_embedded,cloud_devops","[{""name"": ""cpp"", ""level"": ""advanced""}, {""name"": ""esp32"", ""level"": ""intermediate""}, {""name"": ""arduino"", ""level"": ""advanced""}, {""name"": ""mqtt"", ""level"": ""intermediate""}, {""name"": ""c"", ""level"": ""intermediate""}, {""name"": ""influxdb"", ""level"": ""intermediate""}, {""name"": ""linux"", ""level"": ""beginner""}]",2,0,IOT_EMBEDDED_SYSTEMS
SKIT/2023/CSE/0368,CSE (IoT),6,7.44,72.3,68.2,72.5,91.3,68.2,68.5,88.6,"iot_embedded,cloud_devops","[{""name"": ""cpp"", ""level"": ""advanced""}, {""name"": ""esp32"", ""level"": ""intermediate""}, {""name"": ""arduino"", ""level"": ""advanced""}, {""name"": ""mqtt"", ""level"": ""intermediate""}, {""name"": ""c"", ""level"": ""intermediate""}]",1,2,IOT_EMBEDDED_SYSTEMS
SKIT/2023/CSE/0194,CSE (AI/ML),6,7.02,66.0,76.3,77.7,58.7,84.5,75.1,64.2,ai_ml,"[{""name"": ""python"", ""level"": ""advanced""}, {""name"": ""scikit_learn"", ""level"": ""intermediate""}, {""name"": ""pytorch"", ""level"": ""intermediate""}, {""name"": ""sql"", ""level"": ""intermediate""}, {""name"": ""tensorflow"", ""level"": ""intermediate""}, {""name"": ""fastapi"", ""level"": ""intermediate""}, {""name"": ""git"", ""level"": ""intermediate""}]",0,2,AI_ML_ENGINEERING
SKIT/2023/CSE/0726,CSE (AI/ML),5,6.55,61.7,83.1,70.5,68.9,75.5,52.8,80.0,data_analytics,"[{""name"": ""python"", ""level"": ""advanced""}, {""name"": ""sql"", ""level"": ""advanced""}, {""name"": ""postgresql"", ""level"": ""intermediate""}, {""name"": ""mysql"", ""level"": ""intermediate""}]",5,1,DATA_ANALYTICS
SKIT/2023/CSE/0265,Information Technology,5,7.39,61.5,83.4,81.9,68.7,89.0,82.9,67.0,"ai_ml,cloud_devops","[{""name"": ""scikit_learn"", ""level"": ""intermediate""}, {""name"": ""pytorch"", ""level"": ""intermediate""}, {""name"": ""sql"", ""level"": ""intermediate""}, {""name"": ""git"", ""level"": ""intermediate""}, {""name"": ""linux"", ""level"": ""beginner""}, {""name"": ""docker"", ""level"": ""intermediate""}]",1,0,AI_ML_ENGINEERING
SKIT/2023/CSE/0128,Information Technology,6,8.19,99.0,76.0,78.8,80.9,88.1,77.9,74.2,web_development,"[{""name"": ""javascript"", ""level"": ""advanced""}, {""name"": ""react"", ""level"": ""intermediate""}, {""name"": ""html_css"", ""level"": ""advanced""}, {""name"": ""nodejs"", ""level"": ""intermediate""}, {""name"": ""mongodb"", ""level"": ""intermediate""}, {""name"": ""git"", ""level"": ""beginner""}]",2,1,MERN_FULL_STACK
SKIT/2023/CSE/0256,CSE (IoT),6,7.97,77.8,84.8,92.1,70.9,92.3,71.8,79.8,"ai_ml,data_analytics","[{""name"": ""python"", ""level"": ""advanced""}, {""name"": ""scikit_learn"", ""level"": ""intermediate""}, {""name"": ""pytorch"", ""level"": ""intermediate""}, {""name"": ""sql"", ""level"": ""intermediate""}, {""name"": ""tensorflow"", ""level"": ""intermediate""}, {""name"": ""fastapi"", ""level"": ""intermediate""}, {""name"": ""linux"", ""level"": ""beginner""}, {""name"": ""docker"", ""level"": ""intermediate""}]",2,3,AI_ML_ENGINEERING
SKIT/2023/CSE/0766,CSE (AI/ML),6,7.96,74.8,99.0,89.8,68.0,86.6,79.7,73.3,"data_analytics,web_development","[{""name"": ""python"", ""level"": ""advanced""}, {""name"": ""sql"", ""level"": ""advanced""}, {""name"": ""postgresql"", ""level"": ""intermediate""}, {""name"": ""mysql"", ""level"": ""intermediate""}, {""name"": ""scikit_learn"", ""level"": ""intermediate""}, {""name"": ""mongodb"", ""level"": ""beginner""}]",3,0,DATA_ANALYTICS
SKIT/2023/CSE/0960,CSE (AI/ML),7,9.05,87.9,81.8,99.0,86.0,86.1,91.9,99.0,cybersecurity,"[{""name"": ""linux"", ""level"": ""advanced""}, {""name"": ""python"", ""level"": ""intermediate""}, {""name"": ""cpp"", ""level"": ""intermediate""}, {""name"": ""git"", ""level"": ""intermediate""}, {""name"": ""c"", ""level"": ""beginner""}, {""name"": ""aws"", ""level"": ""intermediate""}]",1,0,CYBERSECURITY
SKIT/2023/CSE/0527,CSE (AI/ML),6,8.25,78.4,84.1,79.4,81.3,75.1,99.0,99.0,"cloud_devops,cybersecurity","[{""name"": ""docker"", ""level"": ""advanced""}, {""name"": ""linux"", ""level"": ""advanced""}, {""name"": ""aws"", ""level"": ""intermediate""}, {""name"": ""kubernetes"", ""level"": ""intermediate""}, {""name"": ""git"", ""level"": ""advanced""}, {""name"": ""nodejs"", ""level"": ""intermediate""}, {""name"": ""sql"", ""level"": ""beginner""}]",1,2,CLOUD_DEVOPS
SKIT/2023/CSE/0515,CSE,5,7.83,76.5,81.1,67.7,80.6,76.0,90.0,92.5,"cloud_devops,cybersecurity","[{""name"": ""docker"", ""level"": ""advanced""}, {""name"": ""aws"", ""level"": ""intermediate""}, {""name"": ""kubernetes"", ""level"": ""intermediate""}, {""name"": ""git"", ""level"": ""advanced""}, {""name"": ""python"", ""level"": ""beginner""}, {""name"": ""sql"", ""level"": ""intermediate""}]",4,2,CLOUD_DEVOPS
SKIT/2023/CSE/0480,CSE (IoT),5,7.8,66.4,84.6,78.3,71.1,79.9,87.8,82.6,"cloud_devops,web_development","[{""name"": ""docker"", ""level"": ""advanced""}, {""name"": ""linux"", ""level"": ""advanced""}, {""name"": ""aws"", ""level"": ""intermediate""}, {""name"": ""kubernetes"", ""level"": ""intermediate""}, {""name"": ""git"", ""level"": ""advanced""}, {""name"": ""python"", ""level"": ""intermediate""}]",1,2,CLOUD_DEVOPS
SKIT/2023/CSE/0133,Information Technology,5,7.63,95.4,88.4,91.4,75.4,74.1,73.5,70.7,"web_development,cloud_devops","[{""name"": ""javascript"", ""level"": ""advanced""}, {""name"": ""react"", ""level"": ""intermediate""}, {""name"": ""html_css"", ""level"": ""advanced""}, {""name"": ""nodejs"", ""level"": ""intermediate""}, {""name"": ""mongodb"", ""level"": ""intermediate""}]",3,1,MERN_FULL_STACK
SKIT/2023/CSE/0699,CSE (AI/ML),5,7.77,90.3,93.5,80.8,73.3,67.9,81.8,70.9,mobile_dev,"[{""name"": ""flutter"", ""level"": ""advanced""}, {""name"": ""java"", ""level"": ""intermediate""}, {""name"": ""javascript"", ""level"": ""intermediate""}, {""name"": ""git"", ""level"": ""intermediate""}, {""name"": ""typescript"", ""level"": ""beginner""}, {""name"": ""react"", ""level"": ""intermediate""}, {""name"": ""sql"", ""level"": ""intermediate""}]",6,3,MOBILE_APP_DEV
SKIT/2023/CSE/0500,CSE (AI/ML),6,8.77,78.0,88.0,88.1,69.8,82.6,98.2,97.0,"cloud_devops,cybersecurity","[{""name"": ""linux"", ""level"": ""advanced""}, {""name"": ""aws"", ""level"": ""intermediate""}, {""name"": ""kubernetes"", ""level"": ""intermediate""}, {""name"": ""git"", ""level"": ""advanced""}, {""name"": ""python"", ""level"": ""beginner""}, {""name"": ""nodejs"", ""level"": ""intermediate""}, {""name"": ""sql"", ""level"": ""beginner""}]",1,0,CLOUD_DEVOPS
SKIT/2023/CSE/0134,CSE,6,8.99,99.0,84.8,88.3,91.8,85.2,80.4,82.8,"web_development,cloud_devops","[{""name"": ""javascript"", ""level"": ""advanced""}, {""name"": ""react"", ""level"": ""intermediate""}, {""name"": ""html_css"", ""level"": ""advanced""}, {""name"": ""nodejs"", ""level"": ""intermediate""}, {""name"": ""mongodb"", ""level"": ""intermediate""}, {""name"": ""typescript"", ""level"": ""intermediate""}]",2,0,MERN_FULL_STACK
SKIT/2023/CSE/0671,CSE,6,8.51,95.1,92.6,94.3,89.6,87.0,78.5,84.9,mobile_dev,"[{""name"": ""flutter"", ""level"": ""advanced""}, {""name"": ""java"", ""level"": ""intermediate""}, {""name"": ""javascript"", ""level"": ""intermediate""}, {""name"": ""sql"", ""level"": ""beginner""}]",5,3,MOBILE_APP_DEV
SKIT/2023/CSE/0545,CSE (AI/ML),6,8.06,80.3,84.4,81.8,80.7,77.0,98.0,97.2,cloud_devops,"[{""name"": ""docker"", ""level"": ""advanced""}, {""name"": ""linux"", ""level"": ""advanced""}, {""name"": ""aws"", ""level"": ""intermediate""}, {""name"": ""kubernetes"", ""level"": ""intermediate""}, {""name"": ""git"", ""level"": ""advanced""}, {""name"": ""python"", ""level"": ""intermediate""}, {""name"": ""sql"", ""level"": ""beginner""}]",2,0,CLOUD_DEVOPS
SKIT/2023/CSE/0465,Information Technology,5,7.83,76.9,77.4,67.3,74.9,72.8,99.0,90.0,cloud_devops,"[{""name"": ""linux"", ""level"": ""advanced""}, {""name"": ""kubernetes"", ""level"": ""intermediate""}, {""name"": ""python"", ""level"": ""intermediate""}, {""name"": ""nodejs"", ""level"": ""beginner""}]",2,1,CLOUD_DEVOPS
SKIT/2023/CSE/0737,CSE (IoT),6,8.53,79.9,97.3,85.7,77.7,99.0,81.8,75.4,"data_analytics,web_development","[{""name"": ""python"", ""level"": ""advanced""}, {""name"": ""sql"", ""level"": ""advanced""}, {""name"": ""postgresql"", ""level"": ""intermediate""}]",1,0,DATA_ANALYTICS
SKIT/2023/CSE/0655,CSE (IoT),7,8.22,91.4,87.5,91.2,78.6,77.0,69.0,91.3,"mobile_dev,cloud_devops","[{""name"": ""flutter"", ""level"": ""advanced""}, {""name"": ""java"", ""level"": ""intermediate""}, {""name"": ""javascript"", ""level"": ""intermediate""}, {""name"": ""git"", ""level"": ""intermediate""}, {""name"": ""typescript"", ""level"": ""intermediate""}]",2,1,MOBILE_APP_DEV
SKIT/2023/CSE/0064,Information Technology,6,6.86,89.6,73.9,71.9,67.2,55.5,61.9,70.4,"web_development,mobile_dev","[{""name"": ""javascript"", ""level"": ""advanced""}, {""name"": ""html_css"", ""level"": ""advanced""}, {""name"": ""nodejs"", ""level"": ""intermediate""}, {""name"": ""mongodb"", ""level"": ""intermediate""}, {""name"": ""docker"", ""level"": ""beginner""}]",3,0,MERN_FULL_STACK
SKIT/2023/CSE/0271,Information Technology,5,7.04,70.3,75.3,73.5,71.9,88.2,57.7,71.5,"ai_ml,data_analytics","[{""name"": ""python"", ""level"": ""advanced""}, {""name"": ""scikit_learn"", ""level"": ""intermediate""}, {""name"": ""pytorch"", ""level"": ""intermediate""}, {""name"": ""sql"", ""level"": ""intermediate""}, {""name"": ""git"", ""level"": ""intermediate""}, {""name"": ""linux"", ""level"": ""beginner""}, {""name"": ""docker"", ""level"": ""beginner""}]",2,2,AI_ML_ENGINEERING
SKIT/2023/CSE/0428,Information Technology,6,8.39,80.2,80.6,80.9,99.0,85.4,71.6,88.2,"iot_embedded,cybersecurity","[{""name"": ""esp32"", ""level"": ""intermediate""}, {""name"": ""arduino"", ""level"": ""advanced""}, {""name"": ""mqtt"", ""level"": ""intermediate""}, {""name"": ""c"", ""level"": ""intermediate""}, {""name"": ""python"", ""level"": ""beginner""}, {""name"": ""linux"", ""level"": ""beginner""}, {""name"": ""raspberry_pi"", ""level"": ""beginner""}]",2,0,IOT_EMBEDDED_SYSTEMS
SKIT/2023/CSE/0624,CSE,5,7.44,82.7,79.2,76.3,84.2,73.2,71.7,73.7,"mobile_dev,cloud_devops","[{""name"": ""flutter"", ""level"": ""advanced""}, {""name"": ""java"", ""level"": ""intermediate""}, {""name"": ""javascript"", ""level"": ""intermediate""}, {""name"": ""git"", ""level"": ""intermediate""}, {""name"": ""react"", ""level"": ""beginner""}]",3,0,MOBILE_APP_DEV
SKIT/2023/CSE/0648,CSE (AI/ML),7,8.88,96.3,92.0,98.7,86.1,79.6,83.0,86.2,"mobile_dev,cloud_devops","[{""name"": ""flutter"", ""level"": ""advanced""}, {""name"": ""java"", ""level"": ""intermediate""}, {""name"": ""javascript"", ""level"": ""intermediate""}, {""name"": ""git"", ""level"": ""intermediate""}]",4,1,MOBILE_APP_DEV
SKIT/2023/CSE/0955,Information Technology,7,6.26,64.7,62.6,63.3,48.1,54.6,70.3,92.4,cybersecurity,"[{""name"": ""linux"", ""level"": ""advanced""}, {""name"": ""python"", ""level"": ""intermediate""}, {""name"": ""cpp"", ""level"": ""intermediate""}, {""name"": ""git"", ""level"": ""intermediate""}, {""name"": ""docker"", ""level"": ""intermediate""}, {""name"": ""c"", ""level"": ""intermediate""}, {""name"": ""aws"", ""level"": ""intermediate""}]",3,1,CYBERSECURITY
SKIT/2023/CSE/0708,Information Technology,6,8.08,89.1,83.4,91.2,79.2,78.1,78.7,83.5,mobile_dev,"[{""name"": ""flutter"", ""level"": ""advanced""}, {""name"": ""java"", ""level"": ""intermediate""}, {""name"": ""javascript"", ""level"": ""intermediate""}, {""name"": ""git"", ""level"": ""intermediate""}, {""name"": ""typescript"", ""level"": ""beginner""}, {""name"": ""react"", ""level"": ""beginner""}, {""name"": ""sql"", ""level"": ""beginner""}]",2,1,MOBILE_APP_DEV
SKIT/2023/CSE/0940,CSE,5,7.04,75.6,65.8,71.8,65.1,60.4,86.0,83.4,cybersecurity,"[{""name"": ""linux"", ""level"": ""advanced""}, {""name"": ""python"", ""level"": ""intermediate""}, {""name"": ""git"", ""level"": ""intermediate""}, {""name"": ""aws"", ""level"": ""intermediate""}]",2,2,CYBERSECURITY
SKIT/2023/CSE/0411,CSE (AI/ML),6,6.55,70.7,61.6,66.5,88.6,56.6,58.4,74.5,"iot_embedded,cloud_devops","[{""name"": ""cpp"", ""level"": ""advanced""}, {""name"": ""esp32"", ""level"": ""intermediate""}, {""name"": ""arduino"", ""level"": ""advanced""}, {""name"": ""mqtt"", ""level"": ""intermediate""}, {""name"": ""c"", ""level"": ""intermediate""}, {""name"": ""python"", ""level"": ""intermediate""}, {""name"": ""raspberry_pi"", ""level"": ""beginner""}]",8,1,IOT_EMBEDDED_SYSTEMS
SKIT/2023/CSE/0703,CSE,7,8.83,90.6,94.6,99.0,85.5,86.2,90.6,79.9,"mobile_dev,web_development","[{""name"": ""flutter"", ""level"": ""advanced""}, {""name"": ""java"", ""level"": ""intermediate""}, {""name"": ""javascript"", ""level"": ""intermediate""}, {""name"": ""git"", ""level"": ""intermediate""}]",2,0,MOBILE_APP_DEV
SKIT/2023/CSE/0580,CSE (IoT),6,9.51,99.0,99.0,99.0,87.9,89.1,89.5,93.3,mobile_dev,"[{""name"": ""flutter"", ""level"": ""advanced""}, {""name"": ""java"", ""level"": ""intermediate""}, {""name"": ""javascript"", ""level"": ""intermediate""}, {""name"": ""git"", ""level"": ""intermediate""}, {""name"": ""sql"", ""level"": ""beginner""}]",4,0,MOBILE_APP_DEV
SKIT/2023/CSE/0584,Information Technology,6,9.28,99.0,99.0,99.0,94.4,91.3,90.1,87.5,"mobile_dev,cloud_devops","[{""name"": ""flutter"", ""level"": ""advanced""}, {""name"": ""java"", ""level"": ""intermediate""}, {""name"": ""javascript"", ""level"": ""intermediate""}, {""name"": ""git"", ""level"": ""intermediate""}, {""name"": ""typescript"", ""level"": ""beginner""}, {""name"": ""react"", ""level"": ""intermediate""}, {""name"": ""sql"", ""level"": ""intermediate""}]",3,0,MOBILE_APP_DEV
SKIT/2023/CSE/0694,CSE,6,9.16,99.0,89.5,95.2,93.4,81.4,89.6,84.0,"mobile_dev,web_development","[{""name"": ""flutter"", ""level"": ""advanced""}, {""name"": ""java"", ""level"": ""intermediate""}, {""name"": ""javascript"", ""level"": ""intermediate""}, {""name"": ""git"", ""level"": ""intermediate""}, {""name"": ""typescript"", ""level"": ""beginner""}]",1,3,MOBILE_APP_DEV
SKIT/2023/CSE/0095,CSE (AI/ML),5,8.3,92.0,89.3,78.1,75.8,80.4,70.8,81.0,"web_development,mobile_dev","[{""name"": ""javascript"", ""level"": ""advanced""}, {""name"": ""react"", ""level"": ""intermediate""}, {""name"": ""html_css"", ""level"": ""advanced""}, {""name"": ""nodejs"", ""level"": ""intermediate""}, {""name"": ""mongodb"", ""level"": ""intermediate""}, {""name"": ""express"", ""level"": ""intermediate""}, {""name"": ""git"", ""level"": ""beginner""}, {""name"": ""docker"", ""level"": ""beginner""}]",4,3,MERN_FULL_STACK
SKIT/2023/CSE/0270,Information Technology,6,8.16,78.2,85.1,81.5,84.8,99.0,69.1,72.4,"ai_ml,cloud_devops","[{""name"": ""python"", ""level"": ""advanced""}, {""name"": ""scikit_learn"", ""level"": ""intermediate""}, {""name"": ""pytorch"", ""level"": ""intermediate""}]",1,0,AI_ML_ENGINEERING
SKIT/2023/CSE/0474,CSE (AI/ML),7,7.23,69.7,78.5,64.1,75.0,63.8,82.6,86.6,"cloud_devops,web_development","[{""name"": ""docker"", ""level"": ""advanced""}, {""name"": ""linux"", ""level"": ""advanced""}, {""name"": ""aws"", ""level"": ""intermediate""}, {""name"": ""kubernetes"", ""level"": ""intermediate""}, {""name"": ""git"", ""level"": ""advanced""}, {""name"": ""python"", ""level"": ""beginner""}]",1,1,CLOUD_DEVOPS
SKIT/2023/CSE/0910,CSE (AI/ML),7,8.04,75.0,78.3,88.5,69.8,83.5,88.7,99.0,"cybersecurity,iot_embedded","[{""name"": ""linux"", ""level"": ""advanced""}, {""name"": ""python"", ""level"": ""intermediate""}, {""name"": ""cpp"", ""level"": ""intermediate""}, {""name"": ""git"", ""level"": ""intermediate""}, {""name"": ""aws"", ""level"": ""intermediate""}]",2,1,CYBERSECURITY
SKIT/2023/CSE/0326,CSE (IoT),6,6.91,62.5,66.6,73.1,81.7,70.9,68.5,74.1,"iot_embedded,cybersecurity","[{""name"": ""cpp"", ""level"": ""advanced""}, {""name"": ""arduino"", ""level"": ""advanced""}, {""name"": ""mqtt"", ""level"": ""intermediate""}, {""name"": ""c"", ""level"": ""intermediate""}, {""name"": ""influxdb"", ""level"": ""intermediate""}, {""name"": ""raspberry_pi"", ""level"": ""intermediate""}]",2,0,IOT_EMBEDDED_SYSTEMS
SKIT/2023/CSE/0970,Information Technology,6,7.92,78.5,76.4,94.7,74.1,66.6,88.3,93.0,"cybersecurity,iot_embedded","[{""name"": ""linux"", ""level"": ""advanced""}, {""name"": ""python"", ""level"": ""intermediate""}, {""name"": ""cpp"", ""level"": ""intermediate""}, {""name"": ""git"", ""level"": ""intermediate""}, {""name"": ""c"", ""level"": ""beginner""}, {""name"": ""aws"", ""level"": ""beginner""}]",2,2,CYBERSECURITY
SKIT/2023/CSE/0320,CSE (IoT),7,9.8,87.5,94.3,88.7,99.0,90.4,99.0,99.0,"iot_embedded,cybersecurity","[{""name"": ""cpp"", ""level"": ""advanced""}, {""name"": ""esp32"", ""level"": ""intermediate""}, {""name"": ""arduino"", ""level"": ""advanced""}, {""name"": ""mqtt"", ""level"": ""intermediate""}, {""name"": ""c"", ""level"": ""intermediate""}]",2,2,IOT_EMBEDDED_SYSTEMS
SKIT/2023/CSE/0396,CSE (IoT),6,6.99,68.0,73.1,63.1,89.0,70.7,64.3,72.8,"iot_embedded,cybersecurity","[{""name"": ""cpp"", ""level"": ""advanced""}, {""name"": ""esp32"", ""level"": ""intermediate""}, {""name"": ""arduino"", ""level"": ""advanced""}, {""name"": ""mqtt"", ""level"": ""intermediate""}, {""name"": ""c"", ""level"": ""intermediate""}, {""name"": ""linux"", ""level"": ""beginner""}, {""name"": ""raspberry_pi"", ""level"": ""intermediate""}]",6,3,IOT_EMBEDDED_SYSTEMS
SKIT/2023/CSE/0009,CSE (IoT),7,8.25,99.0,89.7,86.0,85.2,79.3,76.8,81.8,"web_development,cloud_devops,iot_embedded","[{""name"": ""javascript"", ""level"": ""advanced""}, {""name"": ""react"", ""level"": ""intermediate""}, {""name"": ""html_css"", ""level"": ""advanced""}, {""name"": ""nodejs"", ""level"": ""intermediate""}, {""name"": ""mongodb"", ""level"": ""intermediate""}, {""name"": ""express"", ""level"": ""intermediate""}]",1,2,MERN_FULL_STACK
SKIT/2023/CSE/0403,CSE (AI/ML),7,8.08,85.7,68.6,83.0,95.2,79.4,75.9,82.0,"iot_embedded,cloud_devops","[{""name"": ""cpp"", ""level"": ""advanced""}, {""name"": ""esp32"", ""level"": ""intermediate""}, {""name"": ""arduino"", ""level"": ""advanced""}, {""name"": ""mqtt"", ""level"": ""intermediate""}, {""name"": ""c"", ""level"": ""intermediate""}, {""name"": ""linux"", ""level"": ""intermediate""}]",1,3,IOT_EMBEDDED_SYSTEMS
SKIT/2023/CSE/0935,CSE,5,9.14,85.3,88.2,99.0,76.2,83.4,99.0,99.0,cybersecurity,"[{""name"": ""linux"", ""level"": ""advanced""}, {""name"": ""python"", ""level"": ""intermediate""}, {""name"": ""cpp"", ""level"": ""intermediate""}, {""name"": ""git"", ""level"": ""intermediate""}, {""name"": ""docker"", ""level"": ""intermediate""}, {""name"": ""c"", ""level"": ""intermediate""}, {""name"": ""aws"", ""level"": ""intermediate""}]",2,0,CYBERSECURITY
SKIT/2023/CSE/0317,CSE (IoT),6,8.71,80.0,74.5,96.2,99.0,82.3,87.0,92.9,"iot_embedded,cybersecurity","[{""name"": ""cpp"", ""level"": ""advanced""}, {""name"": ""esp32"", ""level"": ""intermediate""}, {""name"": ""arduino"", ""level"": ""advanced""}, {""name"": ""mqtt"", ""level"": ""intermediate""}, {""name"": ""c"", ""level"": ""intermediate""}, {""name"": ""linux"", ""level"": ""intermediate""}, {""name"": ""raspberry_pi"", ""level"": ""intermediate""}]",1,1,IOT_EMBEDDED_SYSTEMS
SKIT/2023/CSE/0637,CSE (IoT),6,7.33,93.6,83.9,87.1,71.8,71.1,71.1,70.4,mobile_dev,"[{""name"": ""flutter"", ""level"": ""advanced""}, {""name"": ""java"", ""level"": ""intermediate""}, {""name"": ""javascript"", ""level"": ""intermediate""}, {""name"": ""git"", ""level"": ""intermediate""}, {""name"": ""typescript"", ""level"": ""intermediate""}, {""name"": ""react"", ""level"": ""intermediate""}, {""name"": ""sql"", ""level"": ""intermediate""}]",2,0,MOBILE_APP_DEV
SKIT/2023/CSE/0654,CSE (IoT),5,7.0,77.7,69.4,82.2,65.3,66.6,72.2,60.6,"mobile_dev,cloud_devops","[{""name"": ""flutter"", ""level"": ""advanced""}, {""name"": ""java"", ""level"": ""intermediate""}, {""name"": ""javascript"", ""level"": ""intermediate""}, {""name"": ""git"", ""level"": ""intermediate""}]",4,3,MOBILE_APP_DEV
SKIT/2023/CSE/0315,CSE (IoT),5,8.65,81.9,91.5,89.3,99.0,74.2,80.9,92.5,"iot_embedded,cloud_devops","[{""name"": ""cpp"", ""level"": ""advanced""}, {""name"": ""esp32"", ""level"": ""intermediate""}, {""name"": ""arduino"", ""level"": ""advanced""}, {""name"": ""mqtt"", ""level"": ""intermediate""}, {""name"": ""c"", ""level"": ""intermediate""}, {""name"": ""influxdb"", ""level"": ""intermediate""}, {""name"": ""raspberry_pi"", ""level"": ""intermediate""}]",0,0,IOT_EMBEDDED_SYSTEMS
SKIT/2023/CSE/0439,CSE,5,9.6,96.9,98.7,88.8,97.9,96.2,99.0,99.0,cloud_devops,"[{""name"": ""docker"", ""level"": ""advanced""}, {""name"": ""linux"", ""level"": ""advanced""}, {""name"": ""aws"", ""level"": ""intermediate""}, {""name"": ""kubernetes"", ""level"": ""intermediate""}, {""name"": ""git"", ""level"": ""advanced""}, {""name"": ""python"", ""level"": ""beginner""}]",1,0,CLOUD_DEVOPS
SKIT/2023/CSE/0309,Information Technology,6,7.5,75.3,65.7,83.0,94.0,68.4,68.3,76.4,iot_embedded,"[{""name"": ""cpp"", ""level"": ""advanced""}, {""name"": ""esp32"", ""level"": ""intermediate""}, {""name"": ""arduino"", ""level"": ""advanced""}, {""name"": ""c"", ""level"": ""intermediate""}, {""name"": ""raspberry_pi"", ""level"": ""beginner""}]",0,0,IOT_EMBEDDED_SYSTEMS
SKIT/2023/CSE/0834,CSE (IoT),7,6.68,59.9,84.1,65.8,68.8,88.9,62.0,60.2,data_analytics,"[{""name"": ""python"", ""level"": ""advanced""}, {""name"": ""sql"", ""level"": ""advanced""}, {""name"": ""postgresql"", ""level"": ""intermediate""}, {""name"": ""mysql"", ""level"": ""intermediate""}, {""name"": ""scikit_learn"", ""level"": ""beginner""}, {""name"": ""git"", ""level"": ""beginner""}]",0,1,DATA_ANALYTICS
SKIT/2023/CSE/0774,CSE (IoT),6,9.15,86.5,96.4,94.0,87.4,96.8,90.6,79.6,"data_analytics,cloud_devops","[{""name"": ""python"", ""level"": ""advanced""}, {""name"": ""sql"", ""level"": ""advanced""}, {""name"": ""postgresql"", ""level"": ""intermediate""}, {""name"": ""mysql"", ""level"": ""intermediate""}, {""name"": ""scikit_learn"", ""level"": ""intermediate""}, {""name"": ""git"", ""level"": ""beginner""}]",2,4,DATA_ANALYTICS
SKIT/2023/CSE/0107,Information Technology,7,8.65,92.8,79.4,92.9,75.4,81.1,76.4,73.2,"web_development,mobile_dev","[{""name"": ""javascript"", ""level"": ""advanced""}, {""name"": ""react"", ""level"": ""intermediate""}, {""name"": ""html_css"", ""level"": ""advanced""}, {""name"": ""nodejs"", ""level"": ""intermediate""}, {""name"": ""mongodb"", ""level"": ""intermediate""}, {""name"": ""typescript"", ""level"": ""intermediate""}, {""name"": ""express"", ""level"": ""intermediate""}, {""name"": ""docker"", ""level"": ""intermediate""}]",3,1,MERN_FULL_STACK
SKIT/2023/CSE/0943,Information Technology,7,8.07,68.4,79.9,94.0,72.0,75.4,85.7,99.0,"cybersecurity,cloud_devops","[{""name"": ""linux"", ""level"": ""advanced""}, {""name"": ""python"", ""level"": ""intermediate""}, {""name"": ""cpp"", ""level"": ""intermediate""}, {""name"": ""git"", ""level"": ""intermediate""}]",6,0,CYBERSECURITY
SKIT/2023/CSE/1000,CSE,5,6.54,61.1,60.1,74.0,59.3,56.0,74.0,76.8,cybersecurity,"[{""name"": ""linux"", ""level"": ""advanced""}, {""name"": ""python"", ""level"": ""intermediate""}, {""name"": ""cpp"", ""level"": ""intermediate""}]",2,1,CYBERSECURITY
SKIT/2023/CSE/0904,CSE (AI/ML),5,8.05,80.5,82.0,92.7,85.9,74.0,84.9,99.0,"cybersecurity,iot_embedded","[{""name"": ""python"", ""level"": ""intermediate""}, {""name"": ""cpp"", ""level"": ""intermediate""}, {""name"": ""git"", ""level"": ""intermediate""}, {""name"": ""aws"", ""level"": ""intermediate""}]",1,0,CYBERSECURITY
SKIT/2023/CSE/0564,CSE,6,8.81,84.8,94.1,81.9,84.6,86.3,99.0,99.0,"cloud_devops,cybersecurity","[{""name"": ""docker"", ""level"": ""advanced""}, {""name"": ""linux"", ""level"": ""advanced""}, {""name"": ""aws"", ""level"": ""intermediate""}, {""name"": ""kubernetes"", ""level"": ""intermediate""}, {""name"": ""nodejs"", ""level"": ""beginner""}, {""name"": ""sql"", ""level"": ""intermediate""}]",2,2,CLOUD_DEVOPS
SKIT/2023/CSE/0649,Information Technology,5,6.83,71.0,70.7,76.4,62.2,67.2,65.3,63.4,"mobile_dev,web_development","[{""name"": ""flutter"", ""level"": ""advanced""}, {""name"": ""javascript"", ""level"": ""intermediate""}, {""name"": ""git"", ""level"": ""intermediate""}, {""name"": ""react"", ""level"": ""beginner""}, {""name"": ""sql"", ""level"": ""beginner""}]",2,3,MOBILE_APP_DEV
SKIT/2023/CSE/0732,CSE (AI/ML),5,8.48,82.8,99.0,90.7,89.8,97.3,85.9,79.0,"data_analytics,web_development","[{""name"": ""python"", ""level"": ""advanced""}, {""name"": ""sql"", ""level"": ""advanced""}, {""name"": ""postgresql"", ""level"": ""intermediate""}, {""name"": ""mysql"", ""level"": ""intermediate""}, {""name"": ""scikit_learn"", ""level"": ""intermediate""}, {""name"": ""git"", ""level"": ""beginner""}]",5,2,DATA_ANALYTICS
SKIT/2023/CSE/0587,CSE (IoT),6,8.55,94.1,87.6,94.9,83.4,71.2,85.6,93.4,"mobile_dev,web_development","[{""name"": ""flutter"", ""level"": ""advanced""}, {""name"": ""java"", ""level"": ""intermediate""}, {""name"": ""javascript"", ""level"": ""intermediate""}, {""name"": ""git"", ""level"": ""intermediate""}, {""name"": ""react"", ""level"": ""beginner""}, {""name"": ""sql"", ""level"": ""intermediate""}]",4,1,MOBILE_APP_DEV
SKIT/2023/CSE/0723,CSE,6,6.79,69.4,81.5,72.4,63.9,78.4,66.9,59.4,"data_analytics,ai_ml","[{""name"": ""python"", ""level"": ""advanced""}, {""name"": ""sql"", ""level"": ""advanced""}, {""name"": ""postgresql"", ""level"": ""intermediate""}, {""name"": ""mysql"", ""level"": ""intermediate""}]",4,1,DATA_ANALYTICS
SKIT/2023/CSE/0374,CSE,7,8.53,81.7,79.9,94.0,99.0,89.1,74.1,92.9,iot_embedded,"[{""name"": ""cpp"", ""level"": ""advanced""}, {""name"": ""esp32"", ""level"": ""intermediate""}, {""name"": ""arduino"", ""level"": ""advanced""}, {""name"": ""mqtt"", ""level"": ""intermediate""}, {""name"": ""c"", ""level"": ""intermediate""}, {""name"": ""python"", ""level"": ""beginner""}, {""name"": ""influxdb"", ""level"": ""beginner""}, {""name"": ""linux"", ""level"": ""beginner""}, {""name"": ""raspberry_pi"", ""level"": ""beginner""}]",3,3,IOT_EMBEDDED_SYSTEMS
SKIT/2023/CSE/0968,CSE (IoT),5,7.79,75.4,71.1,77.4,71.0,75.1,89.4,94.8,"cybersecurity,iot_embedded","[{""name"": ""python"", ""level"": ""intermediate""}, {""name"": ""cpp"", ""level"": ""intermediate""}, {""name"": ""git"", ""level"": ""intermediate""}, {""name"": ""docker"", ""level"": ""intermediate""}, {""name"": ""c"", ""level"": ""beginner""}, {""name"": ""aws"", ""level"": ""intermediate""}]",1,2,CYBERSECURITY
SKIT/2023/CSE/0662,CSE (IoT),5,7.6,77.5,72.0,91.0,74.9,74.5,76.8,69.8,mobile_dev,"[{""name"": ""flutter"", ""level"": ""advanced""}, {""name"": ""java"", ""level"": ""intermediate""}, {""name"": ""javascript"", ""level"": ""intermediate""}, {""name"": ""git"", ""level"": ""intermediate""}]",2,0,MOBILE_APP_DEV
SKIT/2023/CSE/0402,CSE (IoT),6,7.88,73.1,89.9,84.0,93.5,73.7,70.4,74.8,"iot_embedded,cloud_devops","[{""name"": ""cpp"", ""level"": ""advanced""}, {""name"": ""esp32"", ""level"": ""intermediate""}, {""name"": ""arduino"", ""level"": ""advanced""}, {""name"": ""mqtt"", ""level"": ""intermediate""}, {""name"": ""c"", ""level"": ""intermediate""}, {""name"": ""influxdb"", ""level"": ""beginner""}, {""name"": ""linux"", ""level"": ""intermediate""}, {""name"": ""raspberry_pi"", ""level"": ""intermediate""}]",0,0,IOT_EMBEDDED_SYSTEMS
SKIT/2023/CSE/0556,CSE,5,7.09,70.9,80.3,65.9,64.1,75.2,86.4,77.4,cloud_devops,"[{""name"": ""docker"", ""level"": ""advanced""}, {""name"": ""linux"", ""level"": ""advanced""}, {""name"": ""aws"", ""level"": ""intermediate""}, {""name"": ""kubernetes"", ""level"": ""intermediate""}, {""name"": ""nodejs"", ""level"": ""beginner""}, {""name"": ""sql"", ""level"": ""beginner""}]",1,1,CLOUD_DEVOPS
SKIT/2023/CSE/0799,CSE,6,9.4,90.8,99.0,92.8,87.5,99.0,86.4,96.7,"data_analytics,ai_ml","[{""name"": ""python"", ""level"": ""advanced""}, {""name"": ""sql"", ""level"": ""advanced""}, {""name"": ""postgresql"", ""level"": ""intermediate""}, {""name"": ""mysql"", ""level"": ""intermediate""}, {""name"": ""mongodb"", ""level"": ""beginner""}]",4,0,DATA_ANALYTICS
SKIT/2023/CSE/0159,CSE (IoT),6,7.0,63.0,71.8,80.7,69.0,90.0,68.6,63.5,"ai_ml,cloud_devops","[{""name"": ""python"", ""level"": ""advanced""}, {""name"": ""scikit_learn"", ""level"": ""intermediate""}, {""name"": ""pytorch"", ""level"": ""intermediate""}, {""name"": ""sql"", ""level"": ""intermediate""}, {""name"": ""fastapi"", ""level"": ""beginner""}, {""name"": ""docker"", ""level"": ""beginner""}]",5,1,AI_ML_ENGINEERING
SKIT/2023/CSE/0375,CSE (IoT),5,7.52,66.7,72.6,73.4,99.0,70.0,68.6,81.0,iot_embedded,"[{""name"": ""cpp"", ""level"": ""advanced""}, {""name"": ""esp32"", ""level"": ""intermediate""}, {""name"": ""arduino"", ""level"": ""advanced""}, {""name"": ""mqtt"", ""level"": ""intermediate""}, {""name"": ""influxdb"", ""level"": ""intermediate""}, {""name"": ""linux"", ""level"": ""beginner""}]",4,0,IOT_EMBEDDED_SYSTEMS
SKIT/2023/CSE/0534,CSE,6,8.2,77.9,90.8,69.4,78.9,74.0,99.0,97.4,"cloud_devops,web_development","[{""name"": ""docker"", ""level"": ""advanced""}, {""name"": ""linux"", ""level"": ""advanced""}, {""name"": ""aws"", ""level"": ""intermediate""}, {""name"": ""kubernetes"", ""level"": ""intermediate""}, {""name"": ""git"", ""level"": ""advanced""}, {""name"": ""python"", ""level"": ""beginner""}, {""name"": ""nodejs"", ""level"": ""intermediate""}, {""name"": ""sql"", ""level"": ""beginner""}]",5,2,CLOUD_DEVOPS
SKIT/2023/CSE/0379,Information Technology,5,7.25,71.9,70.9,76.7,91.3,68.7,80.8,86.8,"iot_embedded,cybersecurity","[{""name"": ""cpp"", ""level"": ""advanced""}, {""name"": ""esp32"", ""level"": ""intermediate""}, {""name"": ""arduino"", ""level"": ""advanced""}, {""name"": ""mqtt"", ""level"": ""intermediate""}, {""name"": ""c"", ""level"": ""intermediate""}, {""name"": ""influxdb"", ""level"": ""intermediate""}]",1,1,IOT_EMBEDDED_SYSTEMS
SKIT/2023/CSE/0738,CSE,7,7.72,81.4,88.6,72.3,76.4,89.1,68.3,65.7,"data_analytics,iot_embedded","[{""name"": ""python"", ""level"": ""advanced""}, {""name"": ""sql"", ""level"": ""advanced""}, {""name"": ""postgresql"", ""level"": ""intermediate""}, {""name"": ""mysql"", ""level"": ""intermediate""}, {""name"": ""scikit_learn"", ""level"": ""intermediate""}, {""name"": ""git"", ""level"": ""beginner""}, {""name"": ""mongodb"", ""level"": ""beginner""}]",3,3,DATA_ANALYTICS
SKIT/2023/CSE/0809,CSE,7,6.68,61.9,83.7,71.9,73.5,76.4,64.9,55.3,"data_analytics,ai_ml","[{""name"": ""python"", ""level"": ""advanced""}, {""name"": ""sql"", ""level"": ""advanced""}, {""name"": ""postgresql"", ""level"": ""intermediate""}, {""name"": ""mysql"", ""level"": ""intermediate""}, {""name"": ""git"", ""level"": ""intermediate""}]",1,2,DATA_ANALYTICS
SKIT/2023/CSE/0276,CSE (IoT),5,8.79,93.2,98.5,96.3,75.8,99.0,80.6,84.7,"ai_ml,data_analytics,cloud_devops","[{""name"": ""python"", ""level"": ""advanced""}, {""name"": ""scikit_learn"", ""level"": ""intermediate""}, {""name"": ""pytorch"", ""level"": ""intermediate""}, {""name"": ""sql"", ""level"": ""intermediate""}, {""name"": ""tensorflow"", ""level"": ""beginner""}, {""name"": ""fastapi"", ""level"": ""intermediate""}, {""name"": ""linux"", ""level"": ""intermediate""}, {""name"": ""docker"", ""level"": ""intermediate""}]",1,0,AI_ML_ENGINEERING
SKIT/2023/CSE/0858,Information Technology,5,7.46,61.5,87.5,72.1,73.3,87.1,69.4,61.4,data_analytics,"[{""name"": ""sql"", ""level"": ""advanced""}, {""name"": ""postgresql"", ""level"": ""intermediate""}, {""name"": ""mysql"", ""level"": ""intermediate""}, {""name"": ""scikit_learn"", ""level"": ""intermediate""}, {""name"": ""git"", ""level"": ""intermediate""}, {""name"": ""mongodb"", ""level"": ""intermediate""}]",1,1,DATA_ANALYTICS
SKIT/2023/CSE/0795,CSE (IoT),5,6.87,66.4,76.7,78.5,65.5,76.7,61.1,64.1,"data_analytics,cloud_devops","[{""name"": ""python"", ""level"": ""advanced""}, {""name"": ""sql"", ""level"": ""advanced""}, {""name"": ""mysql"", ""level"": ""intermediate""}, {""name"": ""scikit_learn"", ""level"": ""beginner""}, {""name"": ""mongodb"", ""level"": ""intermediate""}]",5,0,DATA_ANALYTICS
SKIT/2023/CSE/0242,Information Technology,6,8.17,76.7,87.3,97.4,77.5,95.0,71.9,76.0,ai_ml,"[{""name"": ""python"", ""level"": ""advanced""}, {""name"": ""scikit_learn"", ""level"": ""intermediate""}, {""name"": ""pytorch"", ""level"": ""intermediate""}, {""name"": ""sql"", ""level"": ""intermediate""}, {""name"": ""git"", ""level"": ""intermediate""}, {""name"": ""docker"", ""level"": ""beginner""}]",4,1,AI_ML_ENGINEERING
SKIT/2023/CSE/0126,Information Technology,5,8.51,92.6,92.4,80.1,83.2,80.7,72.8,86.7,web_development,"[{""name"": ""javascript"", ""level"": ""advanced""}, {""name"": ""react"", ""level"": ""intermediate""}, {""name"": ""html_css"", ""level"": ""advanced""}, {""name"": ""nodejs"", ""level"": ""intermediate""}, {""name"": ""mongodb"", ""level"": ""intermediate""}, {""name"": ""express"", ""level"": ""beginner""}, {""name"": ""git"", ""level"": ""beginner""}]",1,0,MERN_FULL_STACK
SKIT/2023/CSE/0530,CSE (AI/ML),6,9.3,87.1,99.0,90.7,95.4,86.6,99.0,99.0,"cloud_devops,cybersecurity","[{""name"": ""docker"", ""level"": ""advanced""}, {""name"": ""linux"", ""level"": ""advanced""}, {""name"": ""aws"", ""level"": ""intermediate""}, {""name"": ""kubernetes"", ""level"": ""intermediate""}, {""name"": ""git"", ""level"": ""advanced""}, {""name"": ""nodejs"", ""level"": ""beginner""}]",4,0,CLOUD_DEVOPS
SKIT/2023/CSE/0415,Information Technology,7,8.52,75.0,80.4,91.9,96.8,83.0,80.7,84.1,"iot_embedded,cloud_devops,web_development","[{""name"": ""cpp"", ""level"": ""advanced""}, {""name"": ""arduino"", ""level"": ""advanced""}, {""name"": ""mqtt"", ""level"": ""intermediate""}, {""name"": ""c"", ""level"": ""intermediate""}]",1,1,IOT_EMBEDDED_SYSTEMS
SKIT/2023/CSE/0616,CSE (AI/ML),6,7.03,74.3,78.3,75.9,65.6,74.1,62.4,74.5,"mobile_dev,cloud_devops","[{""name"": ""flutter"", ""level"": ""advanced""}, {""name"": ""java"", ""level"": ""intermediate""}, {""name"": ""javascript"", ""level"": ""intermediate""}, {""name"": ""git"", ""level"": ""intermediate""}, {""name"": ""react"", ""level"": ""intermediate""}]",1,2,MOBILE_APP_DEV
SKIT/2023/CSE/0721,CSE,5,8.4,72.1,98.0,89.3,82.5,99.0,77.8,87.2,data_analytics,"[{""name"": ""python"", ""level"": ""advanced""}, {""name"": ""sql"", ""level"": ""advanced""}, {""name"": ""postgresql"", ""level"": ""intermediate""}, {""name"": ""mysql"", ""level"": ""intermediate""}]",2,2,DATA_ANALYTICS
SKIT/2023/CSE/0371,CSE (IoT),7,7.49,73.6,74.6,73.0,93.5,61.0,78.4,80.6,"iot_embedded,cybersecurity","[{""name"": ""cpp"", ""level"": ""advanced""}, {""name"": ""esp32"", ""level"": ""intermediate""}, {""name"": ""mqtt"", ""level"": ""intermediate""}, {""name"": ""c"", ""level"": ""intermediate""}, {""name"": ""python"", ""level"": ""intermediate""}, {""name"": ""raspberry_pi"", ""level"": ""intermediate""}]",1,0,IOT_EMBEDDED_SYSTEMS
SKIT/2023/CSE/0990,CSE (IoT),7,8.26,81.8,66.7,81.9,76.9,81.3,92.9,99.0,cybersecurity,"[{""name"": ""linux"", ""level"": ""advanced""}, {""name"": ""python"", ""level"": ""intermediate""}, {""name"": ""git"", ""level"": ""intermediate""}, {""name"": ""docker"", ""level"": ""beginner""}]",1,0,CYBERSECURITY
SKIT/2023/CSE/0849,Information Technology,6,6.71,65.8,78.2,73.9,62.8,75.4,65.7,62.4,"data_analytics,web_development,cybersecurity","[{""name"": ""python"", ""level"": ""advanced""}, {""name"": ""sql"", ""level"": ""advanced""}, {""name"": ""postgresql"", ""level"": ""intermediate""}, {""name"": ""mysql"", ""level"": ""intermediate""}, {""name"": ""scikit_learn"", ""level"": ""intermediate""}, {""name"": ""git"", ""level"": ""intermediate""}, {""name"": ""mongodb"", ""level"": ""intermediate""}]",0,0,DATA_ANALYTICS
SKIT/2023/CSE/0354,CSE (IoT),7,7.46,80.2,70.4,73.7,96.8,70.6,64.0,88.1,"iot_embedded,cloud_devops","[{""name"": ""cpp"", ""level"": ""advanced""}, {""name"": ""esp32"", ""level"": ""intermediate""}, {""name"": ""arduino"", ""level"": ""advanced""}, {""name"": ""mqtt"", ""level"": ""intermediate""}, {""name"": ""c"", ""level"": ""intermediate""}, {""name"": ""python"", ""level"": ""beginner""}, {""name"": ""influxdb"", ""level"": ""beginner""}, {""name"": ""linux"", ""level"": ""beginner""}, {""name"": ""raspberry_pi"", ""level"": ""intermediate""}]",1,2,IOT_EMBEDDED_SYSTEMS
SKIT/2023/CSE/0387,CSE (IoT),7,6.55,63.7,60.4,70.3,82.5,66.6,57.5,80.0,"iot_embedded,cloud_devops","[{""name"": ""esp32"", ""level"": ""intermediate""}, {""name"": ""arduino"", ""level"": ""advanced""}, {""name"": ""mqtt"", ""level"": ""intermediate""}, {""name"": ""c"", ""level"": ""intermediate""}, {""name"": ""influxdb"", ""level"": ""intermediate""}, {""name"": ""raspberry_pi"", ""level"": ""beginner""}]",2,1,IOT_EMBEDDED_SYSTEMS
SKIT/2023/CSE/0252,CSE (IoT),7,5.5,50.4,55.1,54.1,46.1,72.8,58.9,53.8,"ai_ml,data_analytics","[{""name"": ""python"", ""level"": ""advanced""}, {""name"": ""scikit_learn"", ""level"": ""intermediate""}, {""name"": ""pytorch"", ""level"": ""intermediate""}, {""name"": ""sql"", ""level"": ""intermediate""}, {""name"": ""tensorflow"", ""level"": ""intermediate""}, {""name"": ""git"", ""level"": ""intermediate""}, {""name"": ""linux"", ""level"": ""beginner""}]",2,0,AI_ML_ENGINEERING
SKIT/2023/CSE/0558,CSE,5,6.68,65.7,67.9,60.8,59.9,57.8,85.3,72.1,"cloud_devops,web_development","[{""name"": ""docker"", ""level"": ""advanced""}, {""name"": ""linux"", ""level"": ""advanced""}, {""name"": ""aws"", ""level"": ""intermediate""}, {""name"": ""kubernetes"", ""level"": ""intermediate""}, {""name"": ""python"", ""level"": ""intermediate""}, {""name"": ""nodejs"", ""level"": ""beginner""}]",0,3,CLOUD_DEVOPS
SKIT/2023/CSE/0003,CSE (AI/ML),5,9.8,99.0,99.0,96.5,90.1,97.8,94.6,89.9,web_development,"[{""name"": ""react"", ""level"": ""intermediate""}, {""name"": ""html_css"", ""level"": ""advanced""}, {""name"": ""nodejs"", ""level"": ""intermediate""}, {""name"": ""mongodb"", ""level"": ""intermediate""}, {""name"": ""docker"", ""level"": ""beginner""}]",1,1,MERN_FULL_STACK
SKIT/2023/CSE/0958,CSE,7,7.46,72.2,74.8,78.0,67.7,79.2,87.8,94.8,cybersecurity,"[{""name"": ""linux"", ""level"": ""advanced""}, {""name"": ""python"", ""level"": ""intermediate""}, {""name"": ""cpp"", ""level"": ""intermediate""}, {""name"": ""git"", ""level"": ""intermediate""}, {""name"": ""docker"", ""level"": ""intermediate""}, {""name"": ""c"", ""level"": ""intermediate""}, {""name"": ""aws"", ""level"": ""beginner""}]",2,2,CYBERSECURITY
SKIT/2023/CSE/0604,CSE (IoT),5,8.91,98.9,93.9,99.0,83.3,80.7,81.6,84.6,"mobile_dev,data_analytics","[{""name"": ""flutter"", ""level"": ""advanced""}, {""name"": ""javascript"", ""level"": ""intermediate""}, {""name"": ""git"", ""level"": ""intermediate""}]",1,1,MOBILE_APP_DEV
SKIT/2023/CSE/0567,Information Technology,6,7.55,71.7,77.6,67.5,68.0,72.4,92.9,90.3,"cloud_devops,web_development,ai_ml","[{""name"": ""docker"", ""level"": ""advanced""}, {""name"": ""linux"", ""level"": ""advanced""}, {""name"": ""aws"", ""level"": ""intermediate""}, {""name"": ""kubernetes"", ""level"": ""intermediate""}, {""name"": ""python"", ""level"": ""intermediate""}, {""name"": ""nodejs"", ""level"": ""beginner""}]",6,4,CLOUD_DEVOPS
SKIT/2023/CSE/0796,CSE (IoT),6,8.37,81.3,93.1,95.4,75.7,92.8,88.2,69.2,"data_analytics,web_development","[{""name"": ""python"", ""level"": ""advanced""}, {""name"": ""sql"", ""level"": ""advanced""}, {""name"": ""postgresql"", ""level"": ""intermediate""}, {""name"": ""git"", ""level"": ""intermediate""}, {""name"": ""mongodb"", ""level"": ""beginner""}]",2,1,DATA_ANALYTICS
SKIT/2023/CSE/0917,CSE (AI/ML),6,7.11,75.1,65.9,85.2,64.3,57.4,81.5,88.8,"cybersecurity,iot_embedded","[{""name"": ""linux"", ""level"": ""advanced""}, {""name"": ""python"", ""level"": ""intermediate""}, {""name"": ""cpp"", ""level"": ""intermediate""}, {""name"": ""git"", ""level"": ""intermediate""}, {""name"": ""docker"", ""level"": ""beginner""}, {""name"": ""c"", ""level"": ""intermediate""}, {""name"": ""aws"", ""level"": ""intermediate""}]",0,1,CYBERSECURITY
SKIT/2023/CSE/0520,CSE (IoT),7,7.4,67.4,78.5,74.0,74.9,68.7,84.2,81.1,"cloud_devops,cybersecurity","[{""name"": ""docker"", ""level"": ""advanced""}, {""name"": ""linux"", ""level"": ""advanced""}, {""name"": ""aws"", ""level"": ""intermediate""}, {""name"": ""kubernetes"", ""level"": ""intermediate""}, {""name"": ""git"", ""level"": ""advanced""}, {""name"": ""nodejs"", ""level"": ""intermediate""}]",1,1,CLOUD_DEVOPS
SKIT/2023/CSE/0042,CSE (AI/ML),7,7.27,82.7,79.3,70.9,70.4,68.8,67.8,64.5,"web_development,mobile_dev","[{""name"": ""javascript"", ""level"": ""advanced""}, {""name"": ""react"", ""level"": ""intermediate""}, {""name"": ""html_css"", ""level"": ""advanced""}, {""name"": ""nodejs"", ""level"": ""intermediate""}, {""name"": ""mongodb"", ""level"": ""intermediate""}, {""name"": ""typescript"", ""level"": ""beginner""}, {""name"": ""git"", ""level"": ""intermediate""}]",4,3,MERN_FULL_STACK
SKIT/2023/CSE/0481,CSE (IoT),5,8.43,77.5,89.4,80.7,88.8,75.2,99.0,93.1,"cloud_devops,cybersecurity","[{""name"": ""docker"", ""level"": ""advanced""}, {""name"": ""linux"", ""level"": ""advanced""}, {""name"": ""aws"", ""level"": ""intermediate""}, {""name"": ""kubernetes"", ""level"": ""intermediate""}, {""name"": ""git"", ""level"": ""advanced""}, {""name"": ""nodejs"", ""level"": ""beginner""}, {""name"": ""sql"", ""level"": ""beginner""}]",2,3,CLOUD_DEVOPS
SKIT/2023/CSE/0607,CSE (IoT),5,8.68,94.0,89.5,99.0,81.1,88.2,92.6,78.0,"mobile_dev,cloud_devops","[{""name"": ""flutter"", ""level"": ""advanced""}, {""name"": ""java"", ""level"": ""intermediate""}, {""name"": ""javascript"", ""level"": ""intermediate""}, {""name"": ""git"", ""level"": ""intermediate""}, {""name"": ""react"", ""level"": ""intermediate""}, {""name"": ""sql"", ""level"": ""intermediate""}]",1,1,MOBILE_APP_DEV
SKIT/2023/CSE/0322,CSE (AI/ML),5,7.36,73.1,70.0,68.9,87.0,70.9,69.5,79.0,iot_embedded,"[{""name"": ""cpp"", ""level"": ""advanced""}, {""name"": ""arduino"", ""level"": ""advanced""}, {""name"": ""mqtt"", ""level"": ""intermediate""}, {""name"": ""c"", ""level"": ""intermediate""}, {""name"": ""python"", ""level"": ""beginner""}]",3,1,IOT_EMBEDDED_SYSTEMS
SKIT/2023/CSE/0044,CSE (AI/ML),6,7.67,88.8,79.8,82.6,78.4,76.7,69.2,85.0,"web_development,mobile_dev","[{""name"": ""javascript"", ""level"": ""advanced""}, {""name"": ""html_css"", ""level"": ""advanced""}, {""name"": ""nodejs"", ""level"": ""intermediate""}, {""name"": ""mongodb"", ""level"": ""intermediate""}, {""name"": ""typescript"", ""level"": ""beginner""}, {""name"": ""express"", ""level"": ""intermediate""}, {""name"": ""git"", ""level"": ""beginner""}, {""name"": ""docker"", ""level"": ""intermediate""}]",5,2,MERN_FULL_STACK
SKIT/2023/CSE/0514,CSE (AI/ML),7,6.02,56.4,63.3,54.9,58.7,53.8,81.2,73.9,"cloud_devops,web_development","[{""name"": ""docker"", ""level"": ""advanced""}, {""name"": ""linux"", ""level"": ""advanced""}, {""name"": ""aws"", ""level"": ""intermediate""}, {""name"": ""kubernetes"", ""level"": ""intermediate""}, {""name"": ""git"", ""level"": ""advanced""}, {""name"": ""python"", ""level"": ""intermediate""}]",1,3,CLOUD_DEVOPS
SKIT/2023/CSE/0296,CSE,7,7.87,75.7,67.8,84.7,99.0,71.1,69.6,85.2,"iot_embedded,cloud_devops","[{""name"": ""cpp"", ""level"": ""advanced""}, {""name"": ""esp32"", ""level"": ""intermediate""}, {""name"": ""arduino"", ""level"": ""advanced""}, {""name"": ""mqtt"", ""level"": ""intermediate""}, {""name"": ""c"", ""level"": ""intermediate""}, {""name"": ""python"", ""level"": ""beginner""}, {""name"": ""influxdb"", ""level"": ""intermediate""}]",0,2,IOT_EMBEDDED_SYSTEMS
SKIT/2023/CSE/0869,CSE,6,7.16,69.1,67.5,79.1,65.7,66.3,80.5,89.0,cybersecurity,"[{""name"": ""linux"", ""level"": ""advanced""}, {""name"": ""python"", ""level"": ""intermediate""}, {""name"": ""cpp"", ""level"": ""intermediate""}, {""name"": ""git"", ""level"": ""intermediate""}, {""name"": ""c"", ""level"": ""beginner""}]",3,1,CYBERSECURITY
SKIT/2023/CSE/0155,CSE,7,7.38,69.6,91.3,72.6,71.4,92.5,75.6,70.6,"ai_ml,data_analytics","[{""name"": ""python"", ""level"": ""advanced""}, {""name"": ""scikit_learn"", ""level"": ""intermediate""}, {""name"": ""pytorch"", ""level"": ""intermediate""}, {""name"": ""sql"", ""level"": ""intermediate""}, {""name"": ""fastapi"", ""level"": ""intermediate""}, {""name"": ""git"", ""level"": ""beginner""}, {""name"": ""linux"", ""level"": ""intermediate""}, {""name"": ""docker"", ""level"": ""beginner""}]",2,1,AI_ML_ENGINEERING
SKIT/2023/CSE/0804,CSE (AI/ML),5,8.54,85.9,99.0,86.4,71.3,92.7,79.6,79.6,"data_analytics,web_development","[{""name"": ""python"", ""level"": ""advanced""}, {""name"": ""postgresql"", ""level"": ""intermediate""}, {""name"": ""mysql"", ""level"": ""intermediate""}, {""name"": ""scikit_learn"", ""level"": ""beginner""}]",2,0,DATA_ANALYTICS
SKIT/2023/CSE/0967,Information Technology,7,9.31,76.7,92.8,99.0,90.1,91.4,99.0,99.0,"cybersecurity,iot_embedded","[{""name"": ""linux"", ""level"": ""advanced""}, {""name"": ""python"", ""level"": ""intermediate""}, {""name"": ""cpp"", ""level"": ""intermediate""}, {""name"": ""git"", ""level"": ""intermediate""}, {""name"": ""docker"", ""level"": ""intermediate""}, {""name"": ""aws"", ""level"": ""beginner""}]",4,1,CYBERSECURITY
SKIT/2023/CSE/0870,CSE (AI/ML),6,6.8,63.2,62.7,76.0,61.8,61.6,83.7,86.0,cybersecurity,"[{""name"": ""linux"", ""level"": ""advanced""}, {""name"": ""cpp"", ""level"": ""intermediate""}, {""name"": ""git"", ""level"": ""intermediate""}, {""name"": ""docker"", ""level"": ""beginner""}, {""name"": ""c"", ""level"": ""beginner""}]",1,2,CYBERSECURITY
SKIT/2023/CSE/0939,CSE (IoT),5,8.81,83.2,93.7,94.0,89.4,85.2,98.7,95.4,"cybersecurity,iot_embedded","[{""name"": ""linux"", ""level"": ""advanced""}, {""name"": ""python"", ""level"": ""intermediate""}, {""name"": ""cpp"", ""level"": ""intermediate""}, {""name"": ""git"", ""level"": ""intermediate""}, {""name"": ""c"", ""level"": ""beginner""}, {""name"": ""aws"", ""level"": ""intermediate""}]",2,0,CYBERSECURITY
SKIT/2023/CSE/0914,CSE (AI/ML),7,8.33,79.4,81.5,89.0,72.0,72.0,90.1,98.3,cybersecurity,"[{""name"": ""linux"", ""level"": ""advanced""}, {""name"": ""python"", ""level"": ""intermediate""}, {""name"": ""cpp"", ""level"": ""intermediate""}, {""name"": ""git"", ""level"": ""intermediate""}, {""name"": ""c"", ""level"": ""intermediate""}, {""name"": ""aws"", ""level"": ""beginner""}]",5,2,CYBERSECURITY
SKIT/2023/CSE/0553,CSE (AI/ML),5,7.64,70.4,82.8,68.9,66.9,73.2,96.6,82.7,"cloud_devops,web_development","[{""name"": ""docker"", ""level"": ""advanced""}, {""name"": ""linux"", ""level"": ""advanced""}, {""name"": ""aws"", ""level"": ""intermediate""}, {""name"": ""kubernetes"", ""level"": ""intermediate""}, {""name"": ""git"", ""level"": ""advanced""}, {""name"": ""sql"", ""level"": ""beginner""}]",2,0,CLOUD_DEVOPS
SKIT/2023/CSE/0641,Information Technology,7,7.2,80.0,76.7,84.0,78.3,72.0,65.8,68.4,"mobile_dev,cloud_devops","[{""name"": ""flutter"", ""level"": ""advanced""}, {""name"": ""java"", ""level"": ""intermediate""}, {""name"": ""javascript"", ""level"": ""intermediate""}, {""name"": ""git"", ""level"": ""intermediate""}, {""name"": ""typescript"", ""level"": ""beginner""}, {""name"": ""react"", ""level"": ""beginner""}, {""name"": ""sql"", ""level"": ""intermediate""}]",4,0,MOBILE_APP_DEV
SKIT/2023/CSE/0088,Information Technology,5,8.45,98.6,94.0,85.9,80.7,70.3,84.9,82.1,"web_development,cloud_devops","[{""name"": ""javascript"", ""level"": ""advanced""}, {""name"": ""react"", ""level"": ""intermediate""}, {""name"": ""html_css"", ""level"": ""advanced""}, {""name"": ""mongodb"", ""level"": ""intermediate""}, {""name"": ""git"", ""level"": ""beginner""}, {""name"": ""docker"", ""level"": ""intermediate""}]",3,0,MERN_FULL_STACK
SKIT/2023/CSE/0164,Information Technology,5,8.54,76.8,85.9,89.6,74.4,97.1,78.8,85.5,"ai_ml,cloud_devops","[{""name"": ""python"", ""level"": ""advanced""}, {""name"": ""scikit_learn"", ""level"": ""intermediate""}, {""name"": ""pytorch"", ""level"": ""intermediate""}, {""name"": ""sql"", ""level"": ""intermediate""}, {""name"": ""tensorflow"", ""level"": ""intermediate""}, {""name"": ""linux"", ""level"": ""intermediate""}, {""name"": ""docker"", ""level"": ""beginner""}]",6,2,AI_ML_ENGINEERING
SKIT/2023/CSE/0663,Information Technology,6,7.41,93.3,77.2,88.1,70.4,61.2,60.2,67.5,"mobile_dev,web_development","[{""name"": ""flutter"", ""level"": ""advanced""}, {""name"": ""java"", ""level"": ""intermediate""}, {""name"": ""javascript"", ""level"": ""intermediate""}, {""name"": ""git"", ""level"": ""intermediate""}]",6,3,MOBILE_APP_DEV
SKIT/2023/CSE/0300,CSE (IoT),7,9.11,90.6,86.0,90.3,99.0,92.0,96.1,95.5,iot_embedded,"[{""name"": ""cpp"", ""level"": ""advanced""}, {""name"": ""esp32"", ""level"": ""intermediate""}, {""name"": ""arduino"", ""level"": ""advanced""}, {""name"": ""mqtt"", ""level"": ""intermediate""}, {""name"": ""c"", ""level"": ""intermediate""}, {""name"": ""python"", ""level"": ""beginner""}, {""name"": ""linux"", ""level"": ""intermediate""}]",3,3,IOT_EMBEDDED_SYSTEMS
SKIT/2023/CSE/0944,Information Technology,5,7.74,77.1,72.6,78.3,73.5,68.1,75.9,97.1,cybersecurity,"[{""name"": ""linux"", ""level"": ""advanced""}, {""name"": ""python"", ""level"": ""intermediate""}, {""name"": ""cpp"", ""level"": ""intermediate""}, {""name"": ""git"", ""level"": ""intermediate""}, {""name"": ""docker"", ""level"": ""intermediate""}]",0,3,CYBERSECURITY
SKIT/2023/CSE/0517,CSE (IoT),7,8.46,76.9,90.2,80.8,87.8,75.2,99.0,93.2,"cloud_devops,cybersecurity,mobile_dev","[{""name"": ""docker"", ""level"": ""advanced""}, {""name"": ""linux"", ""level"": ""advanced""}, {""name"": ""aws"", ""level"": ""intermediate""}, {""name"": ""git"", ""level"": ""advanced""}, {""name"": ""python"", ""level"": ""intermediate""}, {""name"": ""sql"", ""level"": ""intermediate""}]",3,2,CLOUD_DEVOPS
SKIT/2023/CSE/0118,CSE,5,9.35,99.0,99.0,99.0,81.8,80.1,81.2,95.2,"web_development,cloud_devops","[{""name"": ""javascript"", ""level"": ""advanced""}, {""name"": ""react"", ""level"": ""intermediate""}, {""name"": ""html_css"", ""level"": ""advanced""}, {""name"": ""nodejs"", ""level"": ""intermediate""}, {""name"": ""mongodb"", ""level"": ""intermediate""}, {""name"": ""express"", ""level"": ""beginner""}, {""name"": ""git"", ""level"": ""beginner""}, {""name"": ""docker"", ""level"": ""intermediate""}]",1,1,MERN_FULL_STACK
SKIT/2023/CSE/0389,CSE (IoT),6,8.33,82.2,69.6,85.6,98.8,75.3,85.9,87.9,"iot_embedded,cybersecurity","[{""name"": ""cpp"", ""level"": ""advanced""}, {""name"": ""esp32"", ""level"": ""intermediate""}, {""name"": ""arduino"", ""level"": ""advanced""}, {""name"": ""mqtt"", ""level"": ""intermediate""}, {""name"": ""c"", ""level"": ""intermediate""}, {""name"": ""influxdb"", ""level"": ""beginner""}, {""name"": ""linux"", ""level"": ""beginner""}, {""name"": ""raspberry_pi"", ""level"": ""intermediate""}]",1,0,IOT_EMBEDDED_SYSTEMS
SKIT/2023/CSE/0321,CSE (IoT),7,5.94,56.6,46.1,60.8,86.7,58.2,52.1,68.3,"iot_embedded,cybersecurity","[{""name"": ""cpp"", ""level"": ""advanced""}, {""name"": ""arduino"", ""level"": ""advanced""}, {""name"": ""mqtt"", ""level"": ""intermediate""}, {""name"": ""c"", ""level"": ""intermediate""}, {""name"": ""linux"", ""level"": ""intermediate""}]",3,1,IOT_EMBEDDED_SYSTEMS
SKIT/2023/CSE/0969,CSE (AI/ML),7,8.48,76.7,87.5,92.7,79.4,82.3,99.0,99.0,"cybersecurity,cloud_devops","[{""name"": ""linux"", ""level"": ""advanced""}, {""name"": ""python"", ""level"": ""intermediate""}, {""name"": ""git"", ""level"": ""intermediate""}, {""name"": ""docker"", ""level"": ""beginner""}, {""name"": ""aws"", ""level"": ""beginner""}]",2,0,CYBERSECURITY
SKIT/2023/CSE/0154,CSE (IoT),7,6.66,59.0,71.6,75.8,68.1,74.2,62.5,57.8,"ai_ml,cloud_devops","[{""name"": ""python"", ""level"": ""advanced""}, {""name"": ""scikit_learn"", ""level"": ""intermediate""}, {""name"": ""pytorch"", ""level"": ""intermediate""}, {""name"": ""sql"", ""level"": ""intermediate""}, {""name"": ""fastapi"", ""level"": ""beginner""}, {""name"": ""git"", ""level"": ""beginner""}, {""name"": ""linux"", ""level"": ""intermediate""}]",5,2,AI_ML_ENGINEERING
SKIT/2023/CSE/0027,CSE,7,5.92,83.1,64.7,66.2,59.3,63.0,54.1,57.2,"web_development,mobile_dev","[{""name"": ""javascript"", ""level"": ""advanced""}, {""name"": ""react"", ""level"": ""intermediate""}, {""name"": ""html_css"", ""level"": ""advanced""}, {""name"": ""nodejs"", ""level"": ""intermediate""}, {""name"": ""mongodb"", ""level"": ""intermediate""}, {""name"": ""typescript"", ""level"": ""intermediate""}]",2,0,MERN_FULL_STACK
SKIT/2023/CSE/0059,CSE,6,8.03,99.0,94.6,87.4,67.1,69.9,73.2,76.4,"web_development,mobile_dev","[{""name"": ""javascript"", ""level"": ""advanced""}, {""name"": ""react"", ""level"": ""intermediate""}, {""name"": ""html_css"", ""level"": ""advanced""}, {""name"": ""nodejs"", ""level"": ""intermediate""}, {""name"": ""mongodb"", ""level"": ""intermediate""}, {""name"": ""typescript"", ""level"": ""intermediate""}, {""name"": ""git"", ""level"": ""intermediate""}]",2,1,MERN_FULL_STACK
SKIT/2023/CSE/0381,CSE (IoT),6,6.73,63.7,58.7,72.3,87.4,68.7,60.0,76.1,"iot_embedded,cloud_devops","[{""name"": ""cpp"", ""level"": ""advanced""}, {""name"": ""esp32"", ""level"": ""intermediate""}, {""name"": ""arduino"", ""level"": ""advanced""}, {""name"": ""mqtt"", ""level"": ""intermediate""}, {""name"": ""c"", ""level"": ""intermediate""}, {""name"": ""raspberry_pi"", ""level"": ""intermediate""}]",5,2,IOT_EMBEDDED_SYSTEMS
SKIT/2023/CSE/0829,Information Technology,7,8.69,84.8,99.0,90.9,82.2,90.1,77.5,86.3,"data_analytics,web_development","[{""name"": ""python"", ""level"": ""advanced""}, {""name"": ""sql"", ""level"": ""advanced""}, {""name"": ""postgresql"", ""level"": ""intermediate""}, {""name"": ""scikit_learn"", ""level"": ""intermediate""}, {""name"": ""git"", ""level"": ""beginner""}, {""name"": ""mongodb"", ""level"": ""beginner""}]",0,2,DATA_ANALYTICS
SKIT/2023/CSE/0450,CSE (AI/ML),6,9.51,95.5,99.0,92.3,96.2,86.7,99.0,92.7,"cloud_devops,cybersecurity","[{""name"": ""docker"", ""level"": ""advanced""}, {""name"": ""linux"", ""level"": ""advanced""}, {""name"": ""aws"", ""level"": ""intermediate""}, {""name"": ""kubernetes"", ""level"": ""intermediate""}, {""name"": ""git"", ""level"": ""advanced""}, {""name"": ""python"", ""level"": ""intermediate""}, {""name"": ""nodejs"", ""level"": ""intermediate""}, {""name"": ""sql"", ""level"": ""beginner""}]",1,2,CLOUD_DEVOPS
SKIT/2023/CSE/0101,Information Technology,5,8.78,99.0,88.0,87.8,89.5,84.1,95.0,85.4,web_development,"[{""name"": ""javascript"", ""level"": ""advanced""}, {""name"": ""react"", ""level"": ""intermediate""}, {""name"": ""html_css"", ""level"": ""advanced""}, {""name"": ""nodejs"", ""level"": ""intermediate""}, {""name"": ""mongodb"", ""level"": ""intermediate""}, {""name"": ""express"", ""level"": ""beginner""}]",1,0,MERN_FULL_STACK
SKIT/2023/CSE/0847,CSE (AI/ML),5,6.86,60.9,77.5,66.9,57.8,74.0,59.8,67.2,data_analytics,"[{""name"": ""python"", ""level"": ""advanced""}, {""name"": ""sql"", ""level"": ""advanced""}, {""name"": ""postgresql"", ""level"": ""intermediate""}, {""name"": ""mysql"", ""level"": ""intermediate""}, {""name"": ""scikit_learn"", ""level"": ""intermediate""}, {""name"": ""git"", ""level"": ""beginner""}]",4,0,DATA_ANALYTICS
SKIT/2023/CSE/0195,CSE,5,8.53,76.1,90.8,93.8,77.5,96.7,89.5,79.5,"ai_ml,data_analytics","[{""name"": ""python"", ""level"": ""advanced""}, {""name"": ""pytorch"", ""level"": ""intermediate""}, {""name"": ""sql"", ""level"": ""intermediate""}, {""name"": ""tensorflow"", ""level"": ""beginner""}, {""name"": ""linux"", ""level"": ""intermediate""}]",2,5,AI_ML_ENGINEERING
SKIT/2023/CSE/0085,CSE (IoT),6,8.09,93.4,78.6,82.6,76.1,82.2,65.7,78.0,"web_development,mobile_dev","[{""name"": ""javascript"", ""level"": ""advanced""}, {""name"": ""react"", ""level"": ""intermediate""}, {""name"": ""html_css"", ""level"": ""advanced""}, {""name"": ""nodejs"", ""level"": ""intermediate""}, {""name"": ""mongodb"", ""level"": ""intermediate""}, {""name"": ""express"", ""level"": ""intermediate""}, {""name"": ""git"", ""level"": ""intermediate""}, {""name"": ""docker"", ""level"": ""beginner""}]",2,1,MERN_FULL_STACK
SKIT/2023/CSE/0084,CSE (IoT),7,7.71,99.0,75.0,76.3,77.2,74.1,75.9,66.9,"web_development,cloud_devops","[{""name"": ""javascript"", ""level"": ""advanced""}, {""name"": ""react"", ""level"": ""intermediate""}, {""name"": ""html_css"", ""level"": ""advanced""}, {""name"": ""nodejs"", ""level"": ""intermediate""}, {""name"": ""mongodb"", ""level"": ""intermediate""}, {""name"": ""typescript"", ""level"": ""intermediate""}, {""name"": ""docker"", ""level"": ""intermediate""}]",2,2,MERN_FULL_STACK
SKIT/2023/CSE/0588,CSE (IoT),7,6.85,76.7,72.7,82.9,61.2,71.9,74.9,64.9,"mobile_dev,web_development","[{""name"": ""flutter"", ""level"": ""advanced""}, {""name"": ""java"", ""level"": ""intermediate""}, {""name"": ""javascript"", ""level"": ""intermediate""}, {""name"": ""git"", ""level"": ""intermediate""}]",4,2,MOBILE_APP_DEV
SKIT/2023/CSE/0331,CSE (IoT),5,8.66,83.3,83.8,82.8,99.0,91.3,78.6,99.0,"iot_embedded,cybersecurity","[{""name"": ""cpp"", ""level"": ""advanced""}, {""name"": ""esp32"", ""level"": ""intermediate""}, {""name"": ""arduino"", ""level"": ""advanced""}, {""name"": ""mqtt"", ""level"": ""intermediate""}, {""name"": ""c"", ""level"": ""intermediate""}, {""name"": ""linux"", ""level"": ""beginner""}]",1,2,IOT_EMBEDDED_SYSTEMS
SKIT/2023/CSE/0615,CSE,5,7.95,95.0,76.9,91.5,71.5,73.0,71.5,71.8,"mobile_dev,cloud_devops","[{""name"": ""flutter"", ""level"": ""advanced""}, {""name"": ""java"", ""level"": ""intermediate""}, {""name"": ""typescript"", ""level"": ""beginner""}]",3,2,MOBILE_APP_DEV
SKIT/2023/CSE/0032,CSE (IoT),6,6.61,90.0,78.7,66.5,54.2,69.6,62.2,69.0,"web_development,mobile_dev","[{""name"": ""javascript"", ""level"": ""advanced""}, {""name"": ""react"", ""level"": ""intermediate""}, {""name"": ""html_css"", ""level"": ""advanced""}, {""name"": ""nodejs"", ""level"": ""intermediate""}, {""name"": ""mongodb"", ""level"": ""intermediate""}, {""name"": ""git"", ""level"": ""beginner""}]",2,5,MERN_FULL_STACK
SKIT/2023/CSE/0025,Information Technology,7,8.95,99.0,97.8,90.0,83.9,90.5,89.2,89.1,"web_development,mobile_dev","[{""name"": ""javascript"", ""level"": ""advanced""}, {""name"": ""react"", ""level"": ""intermediate""}, {""name"": ""html_css"", ""level"": ""advanced""}, {""name"": ""nodejs"", ""level"": ""intermediate""}, {""name"": ""mongodb"", ""level"": ""intermediate""}, {""name"": ""docker"", ""level"": ""intermediate""}]",2,1,MERN_FULL_STACK
SKIT/2023/CSE/0727,CSE,7,7.55,71.4,90.6,80.9,70.3,86.0,72.5,71.5,data_analytics,"[{""name"": ""python"", ""level"": ""advanced""}, {""name"": ""sql"", ""level"": ""advanced""}, {""name"": ""postgresql"", ""level"": ""intermediate""}, {""name"": ""mysql"", ""level"": ""intermediate""}, {""name"": ""scikit_learn"", ""level"": ""beginner""}]",1,1,DATA_ANALYTICS
SKIT/2023/CSE/0777,Information Technology,5,6.3,56.5,83.6,71.7,57.5,72.7,59.7,58.7,"data_analytics,web_development","[{""name"": ""python"", ""level"": ""advanced""}, {""name"": ""sql"", ""level"": ""advanced""}, {""name"": ""postgresql"", ""level"": ""intermediate""}, {""name"": ""mysql"", ""level"": ""intermediate""}, {""name"": ""git"", ""level"": ""beginner""}, {""name"": ""mongodb"", ""level"": ""beginner""}]",3,2,DATA_ANALYTICS
SKIT/2023/CSE/0034,Information Technology,5,8.38,99.0,84.8,89.0,84.9,70.8,73.7,69.4,web_development,"[{""name"": ""javascript"", ""level"": ""advanced""}, {""name"": ""react"", ""level"": ""intermediate""}, {""name"": ""html_css"", ""level"": ""advanced""}, {""name"": ""nodejs"", ""level"": ""intermediate""}, {""name"": ""mongodb"", ""level"": ""intermediate""}, {""name"": ""express"", ""level"": ""intermediate""}, {""name"": ""git"", ""level"": ""beginner""}, {""name"": ""docker"", ""level"": ""intermediate""}]",4,3,MERN_FULL_STACK
SKIT/2023/CSE/0031,CSE,7,9.77,99.0,98.6,95.8,82.2,90.2,89.0,93.6,"web_development,mobile_dev","[{""name"": ""javascript"", ""level"": ""advanced""}, {""name"": ""react"", ""level"": ""intermediate""}, {""name"": ""html_css"", ""level"": ""advanced""}, {""name"": ""nodejs"", ""level"": ""intermediate""}, {""name"": ""mongodb"", ""level"": ""intermediate""}, {""name"": ""express"", ""level"": ""beginner""}, {""name"": ""git"", ""level"": ""beginner""}]",6,0,MERN_FULL_STACK
SKIT/2023/CSE/0346,CSE (IoT),7,7.23,72.4,67.7,72.4,90.9,60.0,71.2,82.6,"iot_embedded,cloud_devops","[{""name"": ""cpp"", ""level"": ""advanced""}, {""name"": ""esp32"", ""level"": ""intermediate""}, {""name"": ""arduino"", ""level"": ""advanced""}, {""name"": ""mqtt"", ""level"": ""intermediate""}, {""name"": ""c"", ""level"": ""intermediate""}]",3,0,IOT_EMBEDDED_SYSTEMS
SKIT/2023/CSE/0916,CSE (IoT),5,7.55,71.9,68.1,81.0,69.3,71.2,81.5,94.3,"cybersecurity,cloud_devops","[{""name"": ""linux"", ""level"": ""advanced""}, {""name"": ""python"", ""level"": ""intermediate""}, {""name"": ""cpp"", ""level"": ""intermediate""}, {""name"": ""git"", ""level"": ""intermediate""}, {""name"": ""docker"", ""level"": ""intermediate""}, {""name"": ""aws"", ""level"": ""intermediate""}]",3,0,CYBERSECURITY
SKIT/2023/CSE/0728,CSE (AI/ML),5,7.47,73.6,92.0,75.5,77.2,79.0,65.8,74.3,"data_analytics,ai_ml","[{""name"": ""python"", ""level"": ""advanced""}, {""name"": ""sql"", ""level"": ""advanced""}, {""name"": ""postgresql"", ""level"": ""intermediate""}, {""name"": ""mysql"", ""level"": ""intermediate""}, {""name"": ""git"", ""level"": ""intermediate""}]",1,0,DATA_ANALYTICS
SKIT/2023/CSE/0709,Information Technology,6,8.92,99.0,90.7,96.4,80.0,86.3,88.4,82.2,"mobile_dev,web_development","[{""name"": ""flutter"", ""level"": ""advanced""}, {""name"": ""java"", ""level"": ""intermediate""}, {""name"": ""git"", ""level"": ""intermediate""}, {""name"": ""typescript"", ""level"": ""intermediate""}, {""name"": ""sql"", ""level"": ""intermediate""}]",3,1,MOBILE_APP_DEV
SKIT/2023/CSE/0330,CSE (IoT),5,8.83,80.0,91.7,82.2,99.0,82.0,82.7,86.4,"iot_embedded,cybersecurity","[{""name"": ""cpp"", ""level"": ""advanced""}, {""name"": ""esp32"", ""level"": ""intermediate""}, {""name"": ""arduino"", ""level"": ""advanced""}, {""name"": ""mqtt"", ""level"": ""intermediate""}, {""name"": ""c"", ""level"": ""intermediate""}, {""name"": ""raspberry_pi"", ""level"": ""intermediate""}]",1,1,IOT_EMBEDDED_SYSTEMS
SKIT/2023/CSE/0083,Information Technology,6,7.35,88.9,85.3,75.3,74.5,74.2,60.5,65.3,"web_development,cloud_devops","[{""name"": ""javascript"", ""level"": ""advanced""}, {""name"": ""react"", ""level"": ""intermediate""}, {""name"": ""html_css"", ""level"": ""advanced""}, {""name"": ""nodejs"", ""level"": ""intermediate""}, {""name"": ""mongodb"", ""level"": ""intermediate""}, {""name"": ""typescript"", ""level"": ""beginner""}]",2,2,MERN_FULL_STACK
SKIT/2023/CSE/0560,CSE,7,7.18,74.0,81.6,61.8,62.8,81.0,99.0,84.1,"cloud_devops,cybersecurity,mobile_dev","[{""name"": ""docker"", ""level"": ""advanced""}, {""name"": ""linux"", ""level"": ""advanced""}, {""name"": ""aws"", ""level"": ""intermediate""}, {""name"": ""kubernetes"", ""level"": ""intermediate""}, {""name"": ""git"", ""level"": ""advanced""}, {""name"": ""python"", ""level"": ""beginner""}, {""name"": ""nodejs"", ""level"": ""intermediate""}]",1,1,CLOUD_DEVOPS
SKIT/2023/CSE/0433,Information Technology,6,6.81,64.4,74.9,68.4,77.6,53.5,89.8,77.9,cloud_devops,"[{""name"": ""docker"", ""level"": ""advanced""}, {""name"": ""linux"", ""level"": ""advanced""}, {""name"": ""aws"", ""level"": ""intermediate""}, {""name"": ""kubernetes"", ""level"": ""intermediate""}, {""name"": ""git"", ""level"": ""advanced""}, {""name"": ""python"", ""level"": ""beginner""}, {""name"": ""sql"", ""level"": ""beginner""}]",1,1,CLOUD_DEVOPS
SKIT/2023/CSE/0074,CSE (AI/ML),6,9.21,99.0,94.7,99.0,80.2,76.5,89.7,85.0,"web_development,cloud_devops","[{""name"": ""javascript"", ""level"": ""advanced""}, {""name"": ""react"", ""level"": ""intermediate""}, {""name"": ""html_css"", ""level"": ""advanced""}, {""name"": ""nodejs"", ""level"": ""intermediate""}, {""name"": ""mongodb"", ""level"": ""intermediate""}, {""name"": ""typescript"", ""level"": ""beginner""}]",2,2,MERN_FULL_STACK
SKIT/2023/CSE/0453,Information Technology,5,8.73,83.4,88.4,70.2,82.1,81.4,99.0,98.2,"cloud_devops,cybersecurity","[{""name"": ""docker"", ""level"": ""advanced""}, {""name"": ""linux"", ""level"": ""advanced""}, {""name"": ""aws"", ""level"": ""intermediate""}, {""name"": ""kubernetes"", ""level"": ""intermediate""}, {""name"": ""git"", ""level"": ""advanced""}, {""name"": ""python"", ""level"": ""beginner""}, {""name"": ""nodejs"", ""level"": ""beginner""}, {""name"": ""sql"", ""level"": ""intermediate""}]",3,3,CLOUD_DEVOPS
SKIT/2023/CSE/0152,CSE (AI/ML),7,8.29,78.8,84.6,88.2,78.3,96.9,77.5,86.8,ai_ml,"[{""name"": ""python"", ""level"": ""advanced""}, {""name"": ""scikit_learn"", ""level"": ""intermediate""}, {""name"": ""pytorch"", ""level"": ""intermediate""}, {""name"": ""sql"", ""level"": ""intermediate""}, {""name"": ""tensorflow"", ""level"": ""beginner""}]",2,1,AI_ML_ENGINEERING
SKIT/2023/CSE/0628,CSE,6,8.77,96.4,87.2,97.1,73.7,86.7,84.2,82.3,"mobile_dev,web_development","[{""name"": ""flutter"", ""level"": ""advanced""}, {""name"": ""java"", ""level"": ""intermediate""}, {""name"": ""javascript"", ""level"": ""intermediate""}]",4,1,MOBILE_APP_DEV
SKIT/2023/CSE/0092,Information Technology,7,7.95,90.1,91.0,89.2,64.3,72.1,75.8,81.2,web_development,"[{""name"": ""javascript"", ""level"": ""advanced""}, {""name"": ""react"", ""level"": ""intermediate""}, {""name"": ""html_css"", ""level"": ""advanced""}, {""name"": ""nodejs"", ""level"": ""intermediate""}, {""name"": ""mongodb"", ""level"": ""intermediate""}, {""name"": ""typescript"", ""level"": ""intermediate""}, {""name"": ""express"", ""level"": ""intermediate""}, {""name"": ""git"", ""level"": ""beginner""}, {""name"": ""docker"", ""level"": ""intermediate""}]",1,1,MERN_FULL_STACK
SKIT/2023/CSE/0909,CSE,7,8.62,83.9,81.5,87.9,83.8,85.3,94.6,99.0,"cybersecurity,iot_embedded","[{""name"": ""linux"", ""level"": ""advanced""}, {""name"": ""python"", ""level"": ""intermediate""}, {""name"": ""cpp"", ""level"": ""intermediate""}, {""name"": ""git"", ""level"": ""intermediate""}, {""name"": ""docker"", ""level"": ""intermediate""}]",5,2,CYBERSECURITY
SKIT/2023/CSE/0144,CSE (IoT),7,7.52,67.7,81.1,88.2,62.1,92.0,70.7,74.8,ai_ml,"[{""name"": ""python"", ""level"": ""advanced""}, {""name"": ""scikit_learn"", ""level"": ""intermediate""}, {""name"": ""pytorch"", ""level"": ""intermediate""}, {""name"": ""sql"", ""level"": ""intermediate""}, {""name"": ""linux"", ""level"": ""intermediate""}]",1,0,AI_ML_ENGINEERING
SKIT/2023/CSE/0211,Information Technology,7,8.26,83.6,83.2,92.7,73.0,99.0,79.3,81.2,"ai_ml,cloud_devops","[{""name"": ""python"", ""level"": ""advanced""}, {""name"": ""scikit_learn"", ""level"": ""intermediate""}, {""name"": ""pytorch"", ""level"": ""intermediate""}, {""name"": ""sql"", ""level"": ""intermediate""}, {""name"": ""tensorflow"", ""level"": ""intermediate""}]",2,1,AI_ML_ENGINEERING
SKIT/2023/CSE/0503,CSE (IoT),5,7.97,80.6,80.1,71.4,73.5,82.2,99.0,91.6,"cloud_devops,cybersecurity","[{""name"": ""docker"", ""level"": ""advanced""}, {""name"": ""linux"", ""level"": ""advanced""}, {""name"": ""aws"", ""level"": ""intermediate""}, {""name"": ""kubernetes"", ""level"": ""intermediate""}, {""name"": ""git"", ""level"": ""advanced""}, {""name"": ""python"", ""level"": ""beginner""}, {""name"": ""nodejs"", ""level"": ""beginner""}, {""name"": ""sql"", ""level"": ""intermediate""}]",2,0,CLOUD_DEVOPS
SKIT/2023/CSE/0735,Information Technology,6,7.34,71.8,93.0,78.8,74.7,86.6,68.2,67.4,"data_analytics,ai_ml","[{""name"": ""python"", ""level"": ""advanced""}, {""name"": ""sql"", ""level"": ""advanced""}, {""name"": ""postgresql"", ""level"": ""intermediate""}, {""name"": ""mysql"", ""level"": ""intermediate""}, {""name"": ""scikit_learn"", ""level"": ""intermediate""}]",5,2,DATA_ANALYTICS
SKIT/2023/CSE/0793,CSE (AI/ML),6,8.36,78.9,95.9,83.4,80.6,89.2,85.0,86.4,data_analytics,"[{""name"": ""python"", ""level"": ""advanced""}, {""name"": ""sql"", ""level"": ""advanced""}, {""name"": ""mysql"", ""level"": ""intermediate""}, {""name"": ""mongodb"", ""level"": ""intermediate""}]",2,0,DATA_ANALYTICS
SKIT/2023/CSE/0183,CSE (AI/ML),6,9.37,93.9,97.4,94.9,84.8,99.0,91.1,96.0,"ai_ml,cloud_devops","[{""name"": ""scikit_learn"", ""level"": ""intermediate""}, {""name"": ""pytorch"", ""level"": ""intermediate""}, {""name"": ""sql"", ""level"": ""intermediate""}, {""name"": ""fastapi"", ""level"": ""intermediate""}, {""name"": ""git"", ""level"": ""beginner""}, {""name"": ""linux"", ""level"": ""beginner""}]",1,0,AI_ML_ENGINEERING
SKIT/2023/CSE/0140,CSE (AI/ML),5,8.66,99.0,91.7,87.4,82.6,88.0,77.6,83.4,"web_development,mobile_dev","[{""name"": ""javascript"", ""level"": ""advanced""}, {""name"": ""react"", ""level"": ""intermediate""}, {""name"": ""html_css"", ""level"": ""advanced""}, {""name"": ""nodejs"", ""level"": ""intermediate""}, {""name"": ""mongodb"", ""level"": ""intermediate""}, {""name"": ""git"", ""level"": ""intermediate""}, {""name"": ""docker"", ""level"": ""intermediate""}]",2,3,MERN_FULL_STACK
SKIT/2023/CSE/0563,CSE,7,8.71,76.1,85.6,74.7,78.6,76.5,99.0,95.5,"cloud_devops,cybersecurity","[{""name"": ""docker"", ""level"": ""advanced""}, {""name"": ""linux"", ""level"": ""advanced""}, {""name"": ""aws"", ""level"": ""intermediate""}, {""name"": ""kubernetes"", ""level"": ""intermediate""}, {""name"": ""git"", ""level"": ""advanced""}, {""name"": ""python"", ""level"": ""intermediate""}, {""name"": ""sql"", ""level"": ""beginner""}]",2,1,CLOUD_DEVOPS
SKIT/2023/CSE/0341,CSE (IoT),5,7.27,72.5,69.2,67.3,91.9,80.0,71.5,80.8,"iot_embedded,cybersecurity","[{""name"": ""cpp"", ""level"": ""advanced""}, {""name"": ""esp32"", ""level"": ""intermediate""}, {""name"": ""arduino"", ""level"": ""advanced""}, {""name"": ""mqtt"", ""level"": ""intermediate""}, {""name"": ""c"", ""level"": ""intermediate""}, {""name"": ""python"", ""level"": ""beginner""}, {""name"": ""influxdb"", ""level"": ""beginner""}, {""name"": ""linux"", ""level"": ""beginner""}, {""name"": ""raspberry_pi"", ""level"": ""beginner""}]",2,2,IOT_EMBEDDED_SYSTEMS
SKIT/2023/CSE/0268,CSE (AI/ML),7,8.49,85.7,94.8,84.8,87.8,97.8,69.4,74.8,"ai_ml,cloud_devops","[{""name"": ""scikit_learn"", ""level"": ""intermediate""}, {""name"": ""pytorch"", ""level"": ""intermediate""}, {""name"": ""sql"", ""level"": ""intermediate""}, {""name"": ""fastapi"", ""level"": ""intermediate""}, {""name"": ""git"", ""level"": ""beginner""}, {""name"": ""docker"", ""level"": ""beginner""}]",2,2,AI_ML_ENGINEERING
SKIT/2023/CSE/0266,CSE (IoT),7,7.98,71.3,76.0,87.1,81.3,98.2,75.8,72.8,ai_ml,"[{""name"": ""python"", ""level"": ""advanced""}, {""name"": ""scikit_learn"", ""level"": ""intermediate""}, {""name"": ""pytorch"", ""level"": ""intermediate""}, {""name"": ""git"", ""level"": ""beginner""}, {""name"": ""linux"", ""level"": ""beginner""}]",2,3,AI_ML_ENGINEERING
SKIT/2023/CSE/0763,Information Technology,7,8.34,79.6,99.0,94.0,82.1,94.2,70.0,75.3,data_analytics,"[{""name"": ""python"", ""level"": ""advanced""}, {""name"": ""sql"", ""level"": ""advanced""}, {""name"": ""postgresql"", ""level"": ""intermediate""}, {""name"": ""mysql"", ""level"": ""intermediate""}, {""name"": ""scikit_learn"", ""level"": ""beginner""}, {""name"": ""git"", ""level"": ""beginner""}, {""name"": ""mongodb"", ""level"": ""intermediate""}]",4,0,DATA_ANALYTICS
SKIT/2023/CSE/0551,CSE (IoT),5,6.98,69.8,72.4,59.8,68.5,59.1,84.1,71.8,cloud_devops,"[{""name"": ""docker"", ""level"": ""advanced""}, {""name"": ""linux"", ""level"": ""advanced""}, {""name"": ""aws"", ""level"": ""intermediate""}, {""name"": ""kubernetes"", ""level"": ""intermediate""}, {""name"": ""git"", ""level"": ""advanced""}, {""name"": ""python"", ""level"": ""intermediate""}, {""name"": ""sql"", ""level"": ""beginner""}]",2,2,CLOUD_DEVOPS
SKIT/2023/CSE/0538,CSE,7,8.39,85.2,89.5,76.3,83.0,79.3,99.0,91.0,"cloud_devops,cybersecurity","[{""name"": ""docker"", ""level"": ""advanced""}, {""name"": ""linux"", ""level"": ""advanced""}, {""name"": ""aws"", ""level"": ""intermediate""}, {""name"": ""kubernetes"", ""level"": ""intermediate""}, {""name"": ""git"", ""level"": ""advanced""}, {""name"": ""python"", ""level"": ""intermediate""}]",5,2,CLOUD_DEVOPS
SKIT/2023/CSE/0348,CSE (AI/ML),6,8.18,85.5,76.7,74.9,99.0,68.7,78.6,94.5,"iot_embedded,cloud_devops","[{""name"": ""esp32"", ""level"": ""intermediate""}, {""name"": ""arduino"", ""level"": ""advanced""}, {""name"": ""mqtt"", ""level"": ""intermediate""}, {""name"": ""c"", ""level"": ""intermediate""}, {""name"": ""influxdb"", ""level"": ""beginner""}]",2,0,IOT_EMBEDDED_SYSTEMS
SKIT/2023/CSE/0086,CSE (AI/ML),7,6.63,86.8,70.7,70.8,62.8,65.4,63.4,56.6,"web_development,mobile_dev","[{""name"": ""javascript"", ""level"": ""advanced""}, {""name"": ""react"", ""level"": ""intermediate""}, {""name"": ""html_css"", ""level"": ""advanced""}, {""name"": ""nodejs"", ""level"": ""intermediate""}, {""name"": ""mongodb"", ""level"": ""intermediate""}, {""name"": ""express"", ""level"": ""intermediate""}, {""name"": ""git"", ""level"": ""intermediate""}, {""name"": ""docker"", ""level"": ""beginner""}]",3,2,MERN_FULL_STACK
SKIT/2023/CSE/0566,CSE (IoT),7,7.55,68.4,73.5,69.0,64.7,82.2,93.6,87.4,cloud_devops,"[{""name"": ""docker"", ""level"": ""advanced""}, {""name"": ""linux"", ""level"": ""advanced""}, {""name"": ""aws"", ""level"": ""intermediate""}, {""name"": ""kubernetes"", ""level"": ""intermediate""}, {""name"": ""git"", ""level"": ""advanced""}, {""name"": ""python"", ""level"": ""intermediate""}, {""name"": ""nodejs"", ""level"": ""intermediate""}, {""name"": ""sql"", ""level"": ""beginner""}]",5,0,CLOUD_DEVOPS
SKIT/2023/CSE/0656,Information Technology,5,7.23,77.0,69.5,80.4,74.1,68.6,71.9,77.0,"mobile_dev,web_development","[{""name"": ""flutter"", ""level"": ""advanced""}, {""name"": ""java"", ""level"": ""intermediate""}, {""name"": ""javascript"", ""level"": ""intermediate""}, {""name"": ""git"", ""level"": ""intermediate""}, {""name"": ""typescript"", ""level"": ""beginner""}, {""name"": ""react"", ""level"": ""beginner""}]",1,0,MOBILE_APP_DEV
SKIT/2023/CSE/0875,CSE (IoT),7,7.77,76.5,72.2,85.2,66.3,70.4,82.5,92.0,"cybersecurity,cloud_devops","[{""name"": ""linux"", ""level"": ""advanced""}, {""name"": ""python"", ""level"": ""intermediate""}, {""name"": ""cpp"", ""level"": ""intermediate""}, {""name"": ""git"", ""level"": ""intermediate""}, {""name"": ""docker"", ""level"": ""beginner""}, {""name"": ""c"", ""level"": ""beginner""}, {""name"": ""aws"", ""level"": ""beginner""}]",1,1,CYBERSECURITY
SKIT/2023/CSE/0076,CSE (IoT),5,6.67,88.6,73.0,75.0,65.1,65.7,66.2,65.6,web_development,"[{""name"": ""javascript"", ""level"": ""advanced""}, {""name"": ""react"", ""level"": ""intermediate""}, {""name"": ""html_css"", ""level"": ""advanced""}, {""name"": ""nodejs"", ""level"": ""intermediate""}, {""name"": ""mongodb"", ""level"": ""intermediate""}, {""name"": ""express"", ""level"": ""beginner""}, {""name"": ""git"", ""level"": ""beginner""}]",2,0,MERN_FULL_STACK
SKIT/2023/CSE/0557,Information Technology,6,5.82,50.9,63.1,56.4,63.8,63.0,69.3,61.8,"cloud_devops,cybersecurity","[{""name"": ""docker"", ""level"": ""advanced""}, {""name"": ""linux"", ""level"": ""advanced""}, {""name"": ""aws"", ""level"": ""intermediate""}, {""name"": ""kubernetes"", ""level"": ""intermediate""}, {""name"": ""git"", ""level"": ""advanced""}, {""name"": ""python"", ""level"": ""intermediate""}, {""name"": ""sql"", ""level"": ""beginner""}]",0,1,CLOUD_DEVOPS
SKIT/2023/CSE/0521,CSE (IoT),7,8.36,71.0,90.7,78.7,86.9,73.7,98.6,93.5,"cloud_devops,cybersecurity","[{""name"": ""docker"", ""level"": ""advanced""}, {""name"": ""linux"", ""level"": ""advanced""}, {""name"": ""aws"", ""level"": ""intermediate""}, {""name"": ""kubernetes"", ""level"": ""intermediate""}, {""name"": ""git"", ""level"": ""advanced""}, {""name"": ""python"", ""level"": ""beginner""}, {""name"": ""nodejs"", ""level"": ""intermediate""}, {""name"": ""sql"", ""level"": ""intermediate""}]",0,1,CLOUD_DEVOPS
SKIT/2023/CSE/0052,Information Technology,5,7.59,93.6,91.4,83.8,70.8,66.6,85.0,72.4,"web_development,cloud_devops","[{""name"": ""javascript"", ""level"": ""advanced""}, {""name"": ""react"", ""level"": ""intermediate""}, {""name"": ""html_css"", ""level"": ""advanced""}, {""name"": ""nodejs"", ""level"": ""intermediate""}, {""name"": ""mongodb"", ""level"": ""intermediate""}, {""name"": ""typescript"", ""level"": ""intermediate""}, {""name"": ""git"", ""level"": ""beginner""}, {""name"": ""docker"", ""level"": ""beginner""}]",0,1,MERN_FULL_STACK
SKIT/2023/CSE/0758,CSE (AI/ML),7,7.81,73.4,93.0,77.8,66.3,91.3,76.8,71.1,"data_analytics,web_development","[{""name"": ""python"", ""level"": ""advanced""}, {""name"": ""sql"", ""level"": ""advanced""}, {""name"": ""postgresql"", ""level"": ""intermediate""}, {""name"": ""scikit_learn"", ""level"": ""beginner""}, {""name"": ""git"", ""level"": ""beginner""}]",2,1,DATA_ANALYTICS
SKIT/2023/CSE/0639,CSE (IoT),6,8.08,81.4,87.8,97.5,75.9,83.6,75.8,81.0,mobile_dev,"[{""name"": ""flutter"", ""level"": ""advanced""}, {""name"": ""java"", ""level"": ""intermediate""}, {""name"": ""git"", ""level"": ""intermediate""}, {""name"": ""typescript"", ""level"": ""intermediate""}, {""name"": ""sql"", ""level"": ""intermediate""}]",4,1,MOBILE_APP_DEV
SKIT/2023/CSE/0238,CSE (IoT),7,8.29,79.7,88.1,95.1,82.4,99.0,70.5,73.9,ai_ml,"[{""name"": ""python"", ""level"": ""advanced""}, {""name"": ""scikit_learn"", ""level"": ""intermediate""}, {""name"": ""pytorch"", ""level"": ""intermediate""}, {""name"": ""sql"", ""level"": ""intermediate""}, {""name"": ""tensorflow"", ""level"": ""intermediate""}, {""name"": ""linux"", ""level"": ""intermediate""}]",0,2,AI_ML_ENGINEERING
SKIT/2023/CSE/0552,CSE (AI/ML),7,7.8,71.4,92.0,83.2,69.7,76.9,99.0,87.1,"cloud_devops,web_development","[{""name"": ""docker"", ""level"": ""advanced""}, {""name"": ""linux"", ""level"": ""advanced""}, {""name"": ""aws"", ""level"": ""intermediate""}, {""name"": ""kubernetes"", ""level"": ""intermediate""}, {""name"": ""git"", ""level"": ""advanced""}, {""name"": ""python"", ""level"": ""beginner""}, {""name"": ""nodejs"", ""level"": ""beginner""}]",2,0,CLOUD_DEVOPS
SKIT/2023/CSE/0185,CSE (IoT),5,7.32,72.2,71.0,73.4,74.8,94.2,72.7,70.0,"ai_ml,mobile_dev","[{""name"": ""python"", ""level"": ""advanced""}, {""name"": ""scikit_learn"", ""level"": ""intermediate""}, {""name"": ""pytorch"", ""level"": ""intermediate""}, {""name"": ""sql"", ""level"": ""intermediate""}, {""name"": ""tensorflow"", ""level"": ""intermediate""}, {""name"": ""fastapi"", ""level"": ""beginner""}, {""name"": ""git"", ""level"": ""intermediate""}, {""name"": ""docker"", ""level"": ""beginner""}]",2,2,AI_ML_ENGINEERING
SKIT/2023/CSE/0531,CSE,6,8.25,78.2,90.0,81.4,78.2,75.8,99.0,96.7,cloud_devops,"[{""name"": ""docker"", ""level"": ""advanced""}, {""name"": ""aws"", ""level"": ""intermediate""}, {""name"": ""git"", ""level"": ""advanced""}, {""name"": ""python"", ""level"": ""intermediate""}]",0,2,CLOUD_DEVOPS
SKIT/2023/CSE/0055,Information Technology,6,8.44,99.0,88.4,92.0,74.8,83.3,83.1,78.6,web_development,"[{""name"": ""javascript"", ""level"": ""advanced""}, {""name"": ""react"", ""level"": ""intermediate""}, {""name"": ""nodejs"", ""level"": ""intermediate""}, {""name"": ""typescript"", ""level"": ""beginner""}, {""name"": ""git"", ""level"": ""intermediate""}, {""name"": ""docker"", ""level"": ""beginner""}]",0,0,MERN_FULL_STACK
SKIT/2023/CSE/0786,CSE,5,6.41,64.0,73.0,70.9,60.8,78.0,55.9,58.2,"data_analytics,ai_ml","[{""name"": ""python"", ""level"": ""advanced""}, {""name"": ""sql"", ""level"": ""advanced""}, {""name"": ""postgresql"", ""level"": ""intermediate""}, {""name"": ""mysql"", ""level"": ""intermediate""}, {""name"": ""git"", ""level"": ""beginner""}]",4,0,DATA_ANALYTICS
SKIT/2023/CSE/0595,Information Technology,6,8.22,93.1,88.9,94.1,82.7,80.0,76.5,74.1,"mobile_dev,cloud_devops,iot_embedded","[{""name"": ""java"", ""level"": ""intermediate""}, {""name"": ""javascript"", ""level"": ""intermediate""}, {""name"": ""git"", ""level"": ""intermediate""}, {""name"": ""typescript"", ""level"": ""beginner""}]",2,2,MOBILE_APP_DEV
SKIT/2023/CSE/0405,CSE (AI/ML),6,5.58,44.6,43.8,64.2,75.0,46.7,55.4,69.9,iot_embedded,"[{""name"": ""cpp"", ""level"": ""advanced""}, {""name"": ""esp32"", ""level"": ""intermediate""}, {""name"": ""mqtt"", ""level"": ""intermediate""}, {""name"": ""c"", ""level"": ""intermediate""}, {""name"": ""python"", ""level"": ""intermediate""}, {""name"": ""influxdb"", ""level"": ""intermediate""}, {""name"": ""raspberry_pi"", ""level"": ""intermediate""}]",3,0,IOT_EMBEDDED_SYSTEMS
SKIT/2023/CSE/0491,Information Technology,7,9.19,88.9,99.0,88.0,86.9,85.7,99.0,95.6,"cloud_devops,cybersecurity,ai_ml","[{""name"": ""docker"", ""level"": ""advanced""}, {""name"": ""linux"", ""level"": ""advanced""}, {""name"": ""aws"", ""level"": ""intermediate""}, {""name"": ""kubernetes"", ""level"": ""intermediate""}, {""name"": ""git"", ""level"": ""advanced""}, {""name"": ""python"", ""level"": ""beginner""}]",0,1,CLOUD_DEVOPS
SKIT/2023/CSE/0574,CSE (AI/ML),7,6.65,70.0,70.8,90.8,54.8,66.2,59.6,62.0,mobile_dev,"[{""name"": ""flutter"", ""level"": ""advanced""}, {""name"": ""javascript"", ""level"": ""intermediate""}, {""name"": ""git"", ""level"": ""intermediate""}, {""name"": ""typescript"", ""level"": ""intermediate""}]",0,0,MOBILE_APP_DEV
SKIT/2023/CSE/0116,CSE (AI/ML),7,7.24,89.2,77.5,74.7,72.9,64.1,75.2,66.7,"web_development,cloud_devops","[{""name"": ""javascript"", ""level"": ""advanced""}, {""name"": ""nodejs"", ""level"": ""intermediate""}, {""name"": ""mongodb"", ""level"": ""intermediate""}, {""name"": ""express"", ""level"": ""intermediate""}, {""name"": ""git"", ""level"": ""intermediate""}, {""name"": ""docker"", ""level"": ""intermediate""}]",3,0,MERN_FULL_STACK
SKIT/2023/CSE/0547,Information Technology,7,8.62,84.1,89.9,81.8,83.1,83.9,99.0,99.0,"cloud_devops,web_development","[{""name"": ""docker"", ""level"": ""advanced""}, {""name"": ""aws"", ""level"": ""intermediate""}, {""name"": ""kubernetes"", ""level"": ""intermediate""}, {""name"": ""git"", ""level"": ""advanced""}]",3,2,CLOUD_DEVOPS
SKIT/2023/CSE/0236,CSE (IoT),6,8.37,73.9,79.0,81.8,78.2,99.0,74.0,84.2,"ai_ml,data_analytics,iot_embedded","[{""name"": ""python"", ""level"": ""advanced""}, {""name"": ""scikit_learn"", ""level"": ""intermediate""}, {""name"": ""pytorch"", ""level"": ""intermediate""}, {""name"": ""sql"", ""level"": ""intermediate""}, {""name"": ""tensorflow"", ""level"": ""intermediate""}, {""name"": ""fastapi"", ""level"": ""intermediate""}]",1,1,AI_ML_ENGINEERING
SKIT/2023/CSE/0056,Information Technology,7,8.09,88.6,91.5,82.0,74.3,82.1,73.4,69.8,"web_development,cybersecurity","[{""name"": ""react"", ""level"": ""intermediate""}, {""name"": ""html_css"", ""level"": ""advanced""}, {""name"": ""nodejs"", ""level"": ""intermediate""}, {""name"": ""mongodb"", ""level"": ""intermediate""}, {""name"": ""git"", ""level"": ""intermediate""}]",3,1,MERN_FULL_STACK
SKIT/2023/CSE/0130,CSE (IoT),5,8.59,99.0,90.7,99.0,83.1,77.9,79.5,87.4,web_development,"[{""name"": ""javascript"", ""level"": ""advanced""}, {""name"": ""react"", ""level"": ""intermediate""}, {""name"": ""html_css"", ""level"": ""advanced""}, {""name"": ""nodejs"", ""level"": ""intermediate""}, {""name"": ""mongodb"", ""level"": ""intermediate""}, {""name"": ""typescript"", ""level"": ""beginner""}, {""name"": ""express"", ""level"": ""beginner""}, {""name"": ""git"", ""level"": ""beginner""}]",3,0,MERN_FULL_STACK
SKIT/2023/CSE/0119,Information Technology,7,7.29,88.2,87.0,85.3,79.6,75.3,74.4,72.2,"web_development,mobile_dev","[{""name"": ""javascript"", ""level"": ""advanced""}, {""name"": ""react"", ""level"": ""intermediate""}, {""name"": ""html_css"", ""level"": ""advanced""}, {""name"": ""nodejs"", ""level"": ""intermediate""}, {""name"": ""mongodb"", ""level"": ""intermediate""}, {""name"": ""docker"", ""level"": ""beginner""}]",3,0,MERN_FULL_STACK
SKIT/2023/CSE/0596,CSE,7,8.2,94.0,92.3,92.2,71.3,76.1,78.1,68.7,"mobile_dev,web_development","[{""name"": ""flutter"", ""level"": ""advanced""}, {""name"": ""java"", ""level"": ""intermediate""}, {""name"": ""javascript"", ""level"": ""intermediate""}, {""name"": ""git"", ""level"": ""intermediate""}, {""name"": ""react"", ""level"": ""beginner""}]",5,0,MOBILE_APP_DEV
SKIT/2023/CSE/0094,CSE (AI/ML),5,6.28,77.1,64.7,60.1,60.5,66.6,64.2,51.8,web_development,"[{""name"": ""javascript"", ""level"": ""advanced""}, {""name"": ""react"", ""level"": ""intermediate""}, {""name"": ""html_css"", ""level"": ""advanced""}, {""name"": ""nodejs"", ""level"": ""intermediate""}, {""name"": ""mongodb"", ""level"": ""intermediate""}, {""name"": ""typescript"", ""level"": ""intermediate""}, {""name"": ""express"", ""level"": ""beginner""}, {""name"": ""git"", ""level"": ""beginner""}, {""name"": ""docker"", ""level"": ""beginner""}]",2,0,MERN_FULL_STACK
SKIT/2023/CSE/0477,CSE (IoT),5,7.69,73.6,72.8,67.9,78.5,74.1,93.1,91.5,"cloud_devops,data_analytics","[{""name"": ""docker"", ""level"": ""advanced""}, {""name"": ""linux"", ""level"": ""advanced""}, {""name"": ""kubernetes"", ""level"": ""intermediate""}, {""name"": ""git"", ""level"": ""advanced""}]",3,0,CLOUD_DEVOPS
SKIT/2023/CSE/0549,CSE (AI/ML),6,8.88,84.4,92.7,83.0,87.8,82.3,99.0,94.7,"cloud_devops,web_development","[{""name"": ""docker"", ""level"": ""advanced""}, {""name"": ""aws"", ""level"": ""intermediate""}, {""name"": ""kubernetes"", ""level"": ""intermediate""}, {""name"": ""git"", ""level"": ""advanced""}, {""name"": ""python"", ""level"": ""intermediate""}, {""name"": ""nodejs"", ""level"": ""beginner""}]",2,1,CLOUD_DEVOPS
SKIT/2023/CSE/0385,CSE (IoT),7,7.74,80.8,69.9,78.0,91.1,70.9,64.1,83.6,"iot_embedded,cloud_devops","[{""name"": ""cpp"", ""level"": ""advanced""}, {""name"": ""esp32"", ""level"": ""intermediate""}, {""name"": ""arduino"", ""level"": ""advanced""}, {""name"": ""mqtt"", ""level"": ""intermediate""}, {""name"": ""c"", ""level"": ""intermediate""}, {""name"": ""python"", ""level"": ""beginner""}, {""name"": ""linux"", ""level"": ""intermediate""}, {""name"": ""raspberry_pi"", ""level"": ""beginner""}]",0,1,IOT_EMBEDDED_SYSTEMS
SKIT/2023/CSE/0710,Information Technology,7,8.14,90.5,85.5,91.6,72.2,75.7,82.1,83.6,mobile_dev,"[{""name"": ""flutter"", ""level"": ""advanced""}, {""name"": ""java"", ""level"": ""intermediate""}, {""name"": ""javascript"", ""level"": ""intermediate""}, {""name"": ""git"", ""level"": ""intermediate""}, {""name"": ""typescript"", ""level"": ""beginner""}, {""name"": ""react"", ""level"": ""intermediate""}]",0,1,MOBILE_APP_DEV
SKIT/2023/CSE/0416,CSE (IoT),7,6.06,54.2,70.3,66.8,75.2,64.6,52.6,66.8,"iot_embedded,cybersecurity","[{""name"": ""cpp"", ""level"": ""advanced""}, {""name"": ""esp32"", ""level"": ""intermediate""}, {""name"": ""arduino"", ""level"": ""advanced""}, {""name"": ""mqtt"", ""level"": ""intermediate""}, {""name"": ""c"", ""level"": ""intermediate""}, {""name"": ""python"", ""level"": ""intermediate""}, {""name"": ""raspberry_pi"", ""level"": ""intermediate""}]",2,2,IOT_EMBEDDED_SYSTEMS
SKIT/2023/CSE/0734,CSE,6,7.63,77.7,89.4,84.4,72.4,85.6,73.7,70.5,"data_analytics,web_development","[{""name"": ""python"", ""level"": ""advanced""}, {""name"": ""sql"", ""level"": ""advanced""}, {""name"": ""postgresql"", ""level"": ""intermediate""}, {""name"": ""mysql"", ""level"": ""intermediate""}, {""name"": ""mongodb"", ""level"": ""intermediate""}]",2,0,DATA_ANALYTICS
SKIT/2023/CSE/0857,CSE,5,7.69,74.1,90.0,73.2,70.4,85.2,73.9,78.6,"data_analytics,ai_ml","[{""name"": ""python"", ""level"": ""advanced""}, {""name"": ""sql"", ""level"": ""advanced""}, {""name"": ""postgresql"", ""level"": ""intermediate""}, {""name"": ""mysql"", ""level"": ""intermediate""}, {""name"": ""scikit_learn"", ""level"": ""intermediate""}, {""name"": ""git"", ""level"": ""intermediate""}, {""name"": ""mongodb"", ""level"": ""beginner""}]",4,2,DATA_ANALYTICS
SKIT/2023/CSE/0840,CSE,5,7.18,64.0,86.9,72.7,64.1,88.0,74.3,73.0,"data_analytics,ai_ml","[{""name"": ""python"", ""level"": ""advanced""}, {""name"": ""mysql"", ""level"": ""intermediate""}, {""name"": ""scikit_learn"", ""level"": ""intermediate""}]",2,3,DATA_ANALYTICS
SKIT/2023/CSE/0621,Information Technology,5,7.62,92.6,83.9,90.4,80.4,76.9,66.7,76.8,"mobile_dev,cloud_devops","[{""name"": ""flutter"", ""level"": ""advanced""}, {""name"": ""java"", ""level"": ""intermediate""}, {""name"": ""javascript"", ""level"": ""intermediate""}, {""name"": ""git"", ""level"": ""intermediate""}, {""name"": ""typescript"", ""level"": ""intermediate""}, {""name"": ""react"", ""level"": ""intermediate""}, {""name"": ""sql"", ""level"": ""beginner""}]",3,2,MOBILE_APP_DEV
SKIT/2023/CSE/0267,CSE,5,7.08,74.1,72.6,88.1,70.2,82.6,57.1,71.3,"ai_ml,data_analytics","[{""name"": ""python"", ""level"": ""advanced""}, {""name"": ""scikit_learn"", ""level"": ""intermediate""}, {""name"": ""pytorch"", ""level"": ""intermediate""}, {""name"": ""sql"", ""level"": ""intermediate""}, {""name"": ""fastapi"", ""level"": ""beginner""}, {""name"": ""docker"", ""level"": ""intermediate""}]",1,1,AI_ML_ENGINEERING
SKIT/2023/CSE/0324,CSE,5,8.27,77.4,78.4,81.1,99.0,82.3,70.4,92.0,"iot_embedded,cybersecurity","[{""name"": ""cpp"", ""level"": ""advanced""}, {""name"": ""esp32"", ""level"": ""intermediate""}, {""name"": ""arduino"", ""level"": ""advanced""}, {""name"": ""mqtt"", ""level"": ""intermediate""}, {""name"": ""c"", ""level"": ""intermediate""}, {""name"": ""linux"", ""level"": ""beginner""}, {""name"": ""raspberry_pi"", ""level"": ""beginner""}]",4,0,IOT_EMBEDDED_SYSTEMS
SKIT/2023/CSE/0286,CSE (AI/ML),7,8.66,82.6,91.4,97.7,83.4,99.0,80.8,88.9,"ai_ml,data_analytics","[{""name"": ""python"", ""level"": ""advanced""}, {""name"": ""scikit_learn"", ""level"": ""intermediate""}, {""name"": ""pytorch"", ""level"": ""intermediate""}, {""name"": ""sql"", ""level"": ""intermediate""}, {""name"": ""tensorflow"", ""level"": ""intermediate""}, {""name"": ""fastapi"", ""level"": ""intermediate""}, {""name"": ""git"", ""level"": ""beginner""}, {""name"": ""linux"", ""level"": ""beginner""}, {""name"": ""docker"", ""level"": ""intermediate""}]",3,0,AI_ML_ENGINEERING
SKIT/2023/CSE/0456,CSE,7,7.7,65.1,79.8,77.6,71.2,74.4,96.4,89.1,"cloud_devops,cybersecurity","[{""name"": ""docker"", ""level"": ""advanced""}, {""name"": ""linux"", ""level"": ""advanced""}, {""name"": ""aws"", ""level"": ""intermediate""}, {""name"": ""kubernetes"", ""level"": ""intermediate""}, {""name"": ""python"", ""level"": ""beginner""}]",2,0,CLOUD_DEVOPS
SKIT/2023/CSE/0626,Information Technology,7,8.53,98.7,88.8,87.9,80.4,88.3,88.7,82.0,"mobile_dev,web_development","[{""name"": ""flutter"", ""level"": ""advanced""}, {""name"": ""java"", ""level"": ""intermediate""}, {""name"": ""javascript"", ""level"": ""intermediate""}, {""name"": ""git"", ""level"": ""intermediate""}, {""name"": ""react"", ""level"": ""beginner""}, {""name"": ""sql"", ""level"": ""intermediate""}]",3,1,MOBILE_APP_DEV
SKIT/2023/CSE/0719,CSE (IoT),5,7.67,74.6,87.9,80.1,71.9,87.8,74.5,75.7,"data_analytics,cybersecurity","[{""name"": ""python"", ""level"": ""advanced""}, {""name"": ""sql"", ""level"": ""advanced""}, {""name"": ""postgresql"", ""level"": ""intermediate""}, {""name"": ""mysql"", ""level"": ""intermediate""}, {""name"": ""scikit_learn"", ""level"": ""beginner""}, {""name"": ""git"", ""level"": ""intermediate""}, {""name"": ""mongodb"", ""level"": ""intermediate""}]",2,0,DATA_ANALYTICS
SKIT/2023/CSE/0839,CSE,7,8.92,83.4,99.0,97.4,78.8,99.0,86.2,78.7,"data_analytics,web_development","[{""name"": ""sql"", ""level"": ""advanced""}, {""name"": ""postgresql"", ""level"": ""intermediate""}, {""name"": ""mysql"", ""level"": ""intermediate""}, {""name"": ""mongodb"", ""level"": ""beginner""}]",3,0,DATA_ANALYTICS
SKIT/2023/CSE/0460,CSE (IoT),7,7.27,68.7,67.0,71.8,80.8,66.3,92.9,89.3,"cloud_devops,cybersecurity","[{""name"": ""docker"", ""level"": ""advanced""}, {""name"": ""linux"", ""level"": ""advanced""}, {""name"": ""aws"", ""level"": ""intermediate""}, {""name"": ""kubernetes"", ""level"": ""intermediate""}, {""name"": ""git"", ""level"": ""advanced""}, {""name"": ""python"", ""level"": ""intermediate""}]",3,1,CLOUD_DEVOPS
SKIT/2023/CSE/0221,CSE (AI/ML),7,7.2,67.5,73.1,74.9,59.8,87.2,59.9,66.1,"ai_ml,data_analytics,cybersecurity","[{""name"": ""python"", ""level"": ""advanced""}, {""name"": ""scikit_learn"", ""level"": ""intermediate""}, {""name"": ""pytorch"", ""level"": ""intermediate""}, {""name"": ""sql"", ""level"": ""intermediate""}, {""name"": ""tensorflow"", ""level"": ""intermediate""}, {""name"": ""git"", ""level"": ""beginner""}, {""name"": ""linux"", ""level"": ""intermediate""}, {""name"": ""docker"", ""level"": ""intermediate""}]",2,0,AI_ML_ENGINEERING
SKIT/2023/CSE/0877,CSE (IoT),7,7.77,71.2,68.7,82.4,81.9,67.0,94.3,92.5,cybersecurity,"[{""name"": ""linux"", ""level"": ""advanced""}, {""name"": ""python"", ""level"": ""intermediate""}, {""name"": ""cpp"", ""level"": ""intermediate""}, {""name"": ""git"", ""level"": ""intermediate""}, {""name"": ""c"", ""level"": ""intermediate""}]",1,0,CYBERSECURITY
SKIT/2023/CSE/0872,Information Technology,7,8.01,73.0,72.6,87.4,81.9,80.6,83.4,91.9,"cybersecurity,iot_embedded","[{""name"": ""linux"", ""level"": ""advanced""}, {""name"": ""python"", ""level"": ""intermediate""}, {""name"": ""cpp"", ""level"": ""intermediate""}, {""name"": ""git"", ""level"": ""intermediate""}, {""name"": ""c"", ""level"": ""intermediate""}]",1,1,CYBERSECURITY
SKIT/2023/CSE/0609,Information Technology,7,8.11,98.6,77.4,85.3,81.3,78.3,83.6,76.9,mobile_dev,"[{""name"": ""flutter"", ""level"": ""advanced""}, {""name"": ""java"", ""level"": ""intermediate""}, {""name"": ""javascript"", ""level"": ""intermediate""}, {""name"": ""git"", ""level"": ""intermediate""}, {""name"": ""typescript"", ""level"": ""beginner""}, {""name"": ""react"", ""level"": ""beginner""}]",1,0,MOBILE_APP_DEV
SKIT/2023/CSE/0681,CSE (AI/ML),6,8.19,92.8,77.9,98.3,81.1,74.4,70.1,77.4,mobile_dev,"[{""name"": ""flutter"", ""level"": ""advanced""}, {""name"": ""javascript"", ""level"": ""intermediate""}, {""name"": ""git"", ""level"": ""intermediate""}, {""name"": ""typescript"", ""level"": ""intermediate""}]",1,1,MOBILE_APP_DEV
SKIT/2023/CSE/0731,CSE (AI/ML),5,8.11,80.7,99.0,74.9,74.7,86.2,75.5,76.5,"data_analytics,web_development","[{""name"": ""python"", ""level"": ""advanced""}, {""name"": ""sql"", ""level"": ""advanced""}, {""name"": ""postgresql"", ""level"": ""intermediate""}, {""name"": ""mysql"", ""level"": ""intermediate""}, {""name"": ""git"", ""level"": ""intermediate""}, {""name"": ""mongodb"", ""level"": ""intermediate""}]",5,0,DATA_ANALYTICS
SKIT/2023/CSE/0338,CSE (IoT),7,7.62,66.5,63.8,78.7,91.4,71.1,71.5,86.5,"iot_embedded,cloud_devops,data_analytics","[{""name"": ""cpp"", ""level"": ""advanced""}, {""name"": ""esp32"", ""level"": ""intermediate""}, {""name"": ""arduino"", ""level"": ""advanced""}, {""name"": ""mqtt"", ""level"": ""intermediate""}, {""name"": ""c"", ""level"": ""intermediate""}, {""name"": ""linux"", ""level"": ""beginner""}]",2,2,IOT_EMBEDDED_SYSTEMS
SKIT/2023/CSE/0600,CSE,6,8.31,90.3,83.3,97.7,77.8,84.8,80.9,81.0,"mobile_dev,data_analytics","[{""name"": ""flutter"", ""level"": ""advanced""}, {""name"": ""java"", ""level"": ""intermediate""}, {""name"": ""javascript"", ""level"": ""intermediate""}, {""name"": ""git"", ""level"": ""intermediate""}, {""name"": ""react"", ""level"": ""intermediate""}]",2,0,MOBILE_APP_DEV
SKIT/2023/CSE/0606,CSE (IoT),6,7.94,81.4,79.5,89.8,80.1,82.9,74.8,68.6,mobile_dev,"[{""name"": ""flutter"", ""level"": ""advanced""}, {""name"": ""java"", ""level"": ""intermediate""}, {""name"": ""javascript"", ""level"": ""intermediate""}, {""name"": ""git"", ""level"": ""intermediate""}, {""name"": ""sql"", ""level"": ""intermediate""}]",3,3,MOBILE_APP_DEV
SKIT/2023/CSE/0544,Information Technology,7,7.35,75.8,73.8,68.7,64.6,78.8,99.0,81.4,"cloud_devops,web_development","[{""name"": ""docker"", ""level"": ""advanced""}, {""name"": ""linux"", ""level"": ""advanced""}, {""name"": ""aws"", ""level"": ""intermediate""}, {""name"": ""kubernetes"", ""level"": ""intermediate""}, {""name"": ""sql"", ""level"": ""beginner""}]",0,3,CLOUD_DEVOPS
SKIT/2023/CSE/0569,Information Technology,6,6.57,59.8,72.9,57.5,70.5,68.6,76.6,73.8,"cloud_devops,cybersecurity","[{""name"": ""docker"", ""level"": ""advanced""}, {""name"": ""linux"", ""level"": ""advanced""}, {""name"": ""aws"", ""level"": ""intermediate""}, {""name"": ""kubernetes"", ""level"": ""intermediate""}, {""name"": ""git"", ""level"": ""advanced""}, {""name"": ""nodejs"", ""level"": ""beginner""}]",4,3,CLOUD_DEVOPS
SKIT/2023/CSE/0533,Information Technology,6,7.61,66.4,87.6,69.1,63.1,78.9,91.7,85.2,"cloud_devops,web_development","[{""name"": ""docker"", ""level"": ""advanced""}, {""name"": ""linux"", ""level"": ""advanced""}, {""name"": ""aws"", ""level"": ""intermediate""}, {""name"": ""kubernetes"", ""level"": ""intermediate""}, {""name"": ""git"", ""level"": ""advanced""}, {""name"": ""python"", ""level"": ""intermediate""}, {""name"": ""nodejs"", ""level"": ""beginner""}]",3,2,CLOUD_DEVOPS
SKIT/2023/CSE/0273,CSE,7,8.24,81.2,87.3,87.8,80.5,85.6,81.7,78.9,"ai_ml,data_analytics","[{""name"": ""python"", ""level"": ""advanced""}, {""name"": ""scikit_learn"", ""level"": ""intermediate""}, {""name"": ""pytorch"", ""level"": ""intermediate""}, {""name"": ""sql"", ""level"": ""intermediate""}, {""name"": ""tensorflow"", ""level"": ""beginner""}, {""name"": ""fastapi"", ""level"": ""intermediate""}, {""name"": ""git"", ""level"": ""beginner""}]",4,1,AI_ML_ENGINEERING
SKIT/2023/CSE/0171,CSE (AI/ML),5,7.13,63.8,84.1,77.2,64.3,87.5,70.4,68.0,"ai_ml,data_analytics","[{""name"": ""python"", ""level"": ""advanced""}, {""name"": ""scikit_learn"", ""level"": ""intermediate""}, {""name"": ""pytorch"", ""level"": ""intermediate""}, {""name"": ""tensorflow"", ""level"": ""beginner""}, {""name"": ""fastapi"", ""level"": ""beginner""}]",0,1,AI_ML_ENGINEERING
SKIT/2023/CSE/0841,CSE (IoT),6,6.93,63.3,93.7,77.6,67.9,70.1,62.2,74.5,"data_analytics,ai_ml","[{""name"": ""python"", ""level"": ""advanced""}, {""name"": ""sql"", ""level"": ""advanced""}, {""name"": ""postgresql"", ""level"": ""intermediate""}, {""name"": ""mysql"", ""level"": ""intermediate""}]",2,1,DATA_ANALYTICS
SKIT/2023/CSE/0446,Information Technology,5,7.6,69.0,81.9,80.3,74.5,78.7,91.3,88.2,"cloud_devops,web_development","[{""name"": ""docker"", ""level"": ""advanced""}, {""name"": ""linux"", ""level"": ""advanced""}, {""name"": ""aws"", ""level"": ""intermediate""}, {""name"": ""kubernetes"", ""level"": ""intermediate""}, {""name"": ""git"", ""level"": ""advanced""}]",2,1,CLOUD_DEVOPS
SKIT/2023/CSE/0683,CSE (IoT),5,7.1,85.5,74.9,81.7,75.6,63.8,70.9,64.3,"mobile_dev,cloud_devops","[{""name"": ""flutter"", ""level"": ""advanced""}, {""name"": ""java"", ""level"": ""intermediate""}, {""name"": ""javascript"", ""level"": ""intermediate""}, {""name"": ""git"", ""level"": ""intermediate""}, {""name"": ""sql"", ""level"": ""beginner""}]",3,1,MOBILE_APP_DEV
SKIT/2023/CSE/0426,CSE (IoT),6,7.45,61.5,80.9,79.6,96.6,65.9,72.2,84.1,"iot_embedded,cloud_devops,data_analytics","[{""name"": ""cpp"", ""level"": ""advanced""}, {""name"": ""esp32"", ""level"": ""intermediate""}, {""name"": ""arduino"", ""level"": ""advanced""}, {""name"": ""mqtt"", ""level"": ""intermediate""}, {""name"": ""c"", ""level"": ""intermediate""}, {""name"": ""influxdb"", ""level"": ""intermediate""}, {""name"": ""raspberry_pi"", ""level"": ""intermediate""}]",1,1,IOT_EMBEDDED_SYSTEMS
SKIT/2023/CSE/0695,CSE (IoT),6,8.83,96.8,93.1,88.0,72.9,82.8,85.1,78.2,mobile_dev,"[{""name"": ""flutter"", ""level"": ""advanced""}, {""name"": ""java"", ""level"": ""intermediate""}, {""name"": ""javascript"", ""level"": ""intermediate""}, {""name"": ""git"", ""level"": ""intermediate""}, {""name"": ""typescript"", ""level"": ""beginner""}, {""name"": ""sql"", ""level"": ""beginner""}]",2,1,MOBILE_APP_DEV
SKIT/2023/CSE/0792,CSE,5,7.84,73.3,88.5,84.7,77.2,83.0,73.8,72.8,data_analytics,"[{""name"": ""python"", ""level"": ""advanced""}, {""name"": ""sql"", ""level"": ""advanced""}, {""name"": ""postgresql"", ""level"": ""intermediate""}, {""name"": ""mysql"", ""level"": ""intermediate""}]",2,1,DATA_ANALYTICS
SKIT/2023/CSE/0217,CSE,5,8.3,78.1,86.9,82.5,84.4,99.0,72.3,83.2,"ai_ml,data_analytics","[{""name"": ""python"", ""level"": ""advanced""}, {""name"": ""scikit_learn"", ""level"": ""intermediate""}, {""name"": ""pytorch"", ""level"": ""intermediate""}, {""name"": ""sql"", ""level"": ""intermediate""}, {""name"": ""tensorflow"", ""level"": ""beginner""}, {""name"": ""git"", ""level"": ""beginner""}, {""name"": ""linux"", ""level"": ""intermediate""}, {""name"": ""docker"", ""level"": ""intermediate""}]",2,0,AI_ML_ENGINEERING
SKIT/2023/CSE/0162,Information Technology,5,7.81,79.2,93.1,77.7,70.9,95.1,68.6,78.1,"ai_ml,data_analytics","[{""name"": ""python"", ""level"": ""advanced""}, {""name"": ""scikit_learn"", ""level"": ""intermediate""}, {""name"": ""pytorch"", ""level"": ""intermediate""}, {""name"": ""sql"", ""level"": ""intermediate""}, {""name"": ""tensorflow"", ""level"": ""intermediate""}, {""name"": ""fastapi"", ""level"": ""intermediate""}]",5,1,AI_ML_ENGINEERING
SKIT/2023/CSE/0087,CSE (AI/ML),6,8.56,99.0,97.4,86.9,83.2,87.8,79.8,83.2,"web_development,cloud_devops","[{""name"": ""javascript"", ""level"": ""advanced""}, {""name"": ""react"", ""level"": ""intermediate""}, {""name"": ""html_css"", ""level"": ""advanced""}, {""name"": ""nodejs"", ""level"": ""intermediate""}, {""name"": ""mongodb"", ""level"": ""intermediate""}]",1,0,MERN_FULL_STACK
SKIT/2023/CSE/0844,CSE (IoT),7,7.8,85.5,93.8,81.7,79.1,87.8,83.3,77.5,data_analytics,"[{""name"": ""python"", ""level"": ""advanced""}, {""name"": ""sql"", ""level"": ""advanced""}, {""name"": ""postgresql"", ""level"": ""intermediate""}, {""name"": ""mysql"", ""level"": ""intermediate""}, {""name"": ""scikit_learn"", ""level"": ""intermediate""}]",3,0,DATA_ANALYTICS
SKIT/2023/CSE/0431,CSE (IoT),6,6.0,57.2,68.1,58.9,57.8,62.8,76.3,77.5,"cloud_devops,web_development","[{""name"": ""docker"", ""level"": ""advanced""}, {""name"": ""linux"", ""level"": ""advanced""}, {""name"": ""aws"", ""level"": ""intermediate""}, {""name"": ""kubernetes"", ""level"": ""intermediate""}, {""name"": ""git"", ""level"": ""advanced""}, {""name"": ""sql"", ""level"": ""intermediate""}]",2,0,CLOUD_DEVOPS
SKIT/2023/CSE/0180,CSE,7,7.81,77.7,88.5,82.4,71.8,99.0,79.4,77.9,"ai_ml,data_analytics","[{""name"": ""python"", ""level"": ""advanced""}, {""name"": ""scikit_learn"", ""level"": ""intermediate""}, {""name"": ""pytorch"", ""level"": ""intermediate""}, {""name"": ""sql"", ""level"": ""intermediate""}, {""name"": ""fastapi"", ""level"": ""beginner""}, {""name"": ""docker"", ""level"": ""beginner""}]",3,0,AI_ML_ENGINEERING
SKIT/2023/CSE/0812,CSE (AI/ML),7,7.91,74.3,94.8,85.7,69.3,89.4,69.5,76.0,"data_analytics,web_development","[{""name"": ""python"", ""level"": ""advanced""}, {""name"": ""sql"", ""level"": ""advanced""}, {""name"": ""postgresql"", ""level"": ""intermediate""}, {""name"": ""mysql"", ""level"": ""intermediate""}, {""name"": ""scikit_learn"", ""level"": ""intermediate""}]",4,1,DATA_ANALYTICS
SKIT/2023/CSE/0036,CSE,5,8.13,90.5,84.7,77.9,76.9,82.0,72.3,79.8,web_development,"[{""name"": ""javascript"", ""level"": ""advanced""}, {""name"": ""react"", ""level"": ""intermediate""}, {""name"": ""html_css"", ""level"": ""advanced""}, {""name"": ""mongodb"", ""level"": ""intermediate""}, {""name"": ""typescript"", ""level"": ""intermediate""}, {""name"": ""express"", ""level"": ""beginner""}, {""name"": ""docker"", ""level"": ""intermediate""}]",1,0,MERN_FULL_STACK
SKIT/2023/CSE/0384,CSE (IoT),5,7.85,77.7,79.9,78.9,80.2,70.4,80.6,86.4,"iot_embedded,cloud_devops","[{""name"": ""cpp"", ""level"": ""advanced""}, {""name"": ""esp32"", ""level"": ""intermediate""}, {""name"": ""mqtt"", ""level"": ""intermediate""}, {""name"": ""c"", ""level"": ""intermediate""}, {""name"": ""python"", ""level"": ""beginner""}, {""name"": ""raspberry_pi"", ""level"": ""beginner""}]",3,1,IOT_EMBEDDED_SYSTEMS
SKIT/2023/CSE/0176,CSE (IoT),7,9.14,88.6,93.2,96.8,80.5,99.0,91.2,84.5,"ai_ml,data_analytics","[{""name"": ""python"", ""level"": ""advanced""}, {""name"": ""scikit_learn"", ""level"": ""intermediate""}, {""name"": ""pytorch"", ""level"": ""intermediate""}, {""name"": ""sql"", ""level"": ""intermediate""}, {""name"": ""tensorflow"", ""level"": ""intermediate""}, {""name"": ""git"", ""level"": ""beginner""}]",1,1,AI_ML_ENGINEERING
SKIT/2023/CSE/0008,CSE (AI/ML),5,7.88,91.3,85.3,70.9,73.7,76.6,82.2,72.3,"web_development,cloud_devops","[{""name"": ""react"", ""level"": ""intermediate""}, {""name"": ""html_css"", ""level"": ""advanced""}, {""name"": ""nodejs"", ""level"": ""intermediate""}, {""name"": ""mongodb"", ""level"": ""intermediate""}, {""name"": ""git"", ""level"": ""beginner""}, {""name"": ""docker"", ""level"": ""beginner""}]",1,0,MERN_FULL_STACK
SKIT/2023/CSE/0982,CSE (AI/ML),7,7.22,57.5,69.2,84.6,70.1,66.8,81.8,97.8,"cybersecurity,iot_embedded","[{""name"": ""linux"", ""level"": ""advanced""}, {""name"": ""python"", ""level"": ""intermediate""}, {""name"": ""cpp"", ""level"": ""intermediate""}, {""name"": ""git"", ""level"": ""intermediate""}, {""name"": ""docker"", ""level"": ""intermediate""}, {""name"": ""aws"", ""level"": ""beginner""}]",1,2,CYBERSECURITY
SKIT/2023/CSE/0486,Information Technology,5,7.67,77.7,82.1,74.8,85.3,71.5,93.3,89.4,"cloud_devops,web_development","[{""name"": ""docker"", ""level"": ""advanced""}, {""name"": ""linux"", ""level"": ""advanced""}, {""name"": ""aws"", ""level"": ""intermediate""}, {""name"": ""kubernetes"", ""level"": ""intermediate""}, {""name"": ""git"", ""level"": ""advanced""}, {""name"": ""nodejs"", ""level"": ""intermediate""}]",2,0,CLOUD_DEVOPS
SKIT/2023/CSE/0953,Information Technology,7,6.77,68.0,62.7,74.1,62.5,63.1,71.3,86.0,cybersecurity,"[{""name"": ""linux"", ""level"": ""advanced""}, {""name"": ""python"", ""level"": ""intermediate""}, {""name"": ""cpp"", ""level"": ""intermediate""}, {""name"": ""git"", ""level"": ""intermediate""}, {""name"": ""c"", ""level"": ""intermediate""}, {""name"": ""aws"", ""level"": ""beginner""}]",4,2,CYBERSECURITY
SKIT/2023/CSE/0878,CSE (AI/ML),5,7.57,66.0,73.9,78.2,80.6,59.7,85.1,92.1,"cybersecurity,iot_embedded","[{""name"": ""linux"", ""level"": ""advanced""}, {""name"": ""python"", ""level"": ""intermediate""}, {""name"": ""git"", ""level"": ""intermediate""}, {""name"": ""c"", ""level"": ""beginner""}, {""name"": ""aws"", ""level"": ""beginner""}]",1,1,CYBERSECURITY
SKIT/2023/CSE/0158,Information Technology,6,8.33,64.5,90.5,90.1,79.1,97.2,84.8,83.9,"ai_ml,cloud_devops","[{""name"": ""python"", ""level"": ""advanced""}, {""name"": ""scikit_learn"", ""level"": ""intermediate""}, {""name"": ""pytorch"", ""level"": ""intermediate""}, {""name"": ""tensorflow"", ""level"": ""beginner""}, {""name"": ""fastapi"", ""level"": ""beginner""}, {""name"": ""git"", ""level"": ""intermediate""}]",2,1,AI_ML_ENGINEERING
SKIT/2023/CSE/0443,CSE,5,8.46,80.7,89.9,81.8,77.2,71.6,96.3,95.9,"cloud_devops,web_development","[{""name"": ""docker"", ""level"": ""advanced""}, {""name"": ""linux"", ""level"": ""advanced""}, {""name"": ""kubernetes"", ""level"": ""intermediate""}, {""name"": ""git"", ""level"": ""advanced""}, {""name"": ""python"", ""level"": ""intermediate""}, {""name"": ""nodejs"", ""level"": ""beginner""}, {""name"": ""sql"", ""level"": ""beginner""}]",0,1,CLOUD_DEVOPS
SKIT/2023/CSE/0307,CSE (IoT),7,8.86,86.6,83.2,87.6,99.0,77.1,79.4,94.2,"iot_embedded,cloud_devops","[{""name"": ""cpp"", ""level"": ""advanced""}, {""name"": ""esp32"", ""level"": ""intermediate""}, {""name"": ""arduino"", ""level"": ""advanced""}, {""name"": ""mqtt"", ""level"": ""intermediate""}, {""name"": ""c"", ""level"": ""intermediate""}, {""name"": ""influxdb"", ""level"": ""intermediate""}, {""name"": ""linux"", ""level"": ""intermediate""}, {""name"": ""raspberry_pi"", ""level"": ""beginner""}]",3,0,IOT_EMBEDDED_SYSTEMS
SKIT/2023/CSE/0725,Information Technology,6,7.64,68.2,94.9,79.5,79.3,83.3,81.8,73.9,"data_analytics,ai_ml,web_development","[{""name"": ""python"", ""level"": ""advanced""}, {""name"": ""sql"", ""level"": ""advanced""}, {""name"": ""postgresql"", ""level"": ""intermediate""}, {""name"": ""mysql"", ""level"": ""intermediate""}, {""name"": ""git"", ""level"": ""beginner""}, {""name"": ""mongodb"", ""level"": ""beginner""}]",4,0,DATA_ANALYTICS
SKIT/2023/CSE/0376,CSE (IoT),5,8.39,71.5,82.1,80.4,99.0,74.9,83.1,97.2,iot_embedded,"[{""name"": ""cpp"", ""level"": ""advanced""}, {""name"": ""esp32"", ""level"": ""intermediate""}, {""name"": ""arduino"", ""level"": ""advanced""}, {""name"": ""mqtt"", ""level"": ""intermediate""}, {""name"": ""c"", ""level"": ""intermediate""}, {""name"": ""influxdb"", ""level"": ""intermediate""}, {""name"": ""raspberry_pi"", ""level"": ""intermediate""}]",2,1,IOT_EMBEDDED_SYSTEMS
SKIT/2023/CSE/0797,Information Technology,6,7.62,78.9,96.7,81.5,68.0,81.6,73.7,75.9,"data_analytics,web_development","[{""name"": ""python"", ""level"": ""advanced""}, {""name"": ""sql"", ""level"": ""advanced""}, {""name"": ""postgresql"", ""level"": ""intermediate""}, {""name"": ""mysql"", ""level"": ""intermediate""}, {""name"": ""scikit_learn"", ""level"": ""beginner""}, {""name"": ""git"", ""level"": ""intermediate""}]",0,0,DATA_ANALYTICS
SKIT/2023/CSE/0121,Information Technology,5,9.16,99.0,91.9,99.0,93.1,90.0,85.9,82.2,web_development,"[{""name"": ""javascript"", ""level"": ""advanced""}, {""name"": ""react"", ""level"": ""intermediate""}, {""name"": ""html_css"", ""level"": ""advanced""}, {""name"": ""nodejs"", ""level"": ""intermediate""}, {""name"": ""mongodb"", ""level"": ""intermediate""}, {""name"": ""typescript"", ""level"": ""intermediate""}]",4,1,MERN_FULL_STACK
SKIT/2023/CSE/0033,CSE (AI/ML),6,7.52,81.4,74.6,80.1,76.7,79.1,67.3,69.9,web_development,"[{""name"": ""javascript"", ""level"": ""advanced""}, {""name"": ""react"", ""level"": ""intermediate""}, {""name"": ""html_css"", ""level"": ""advanced""}, {""name"": ""nodejs"", ""level"": ""intermediate""}, {""name"": ""mongodb"", ""level"": ""intermediate""}, {""name"": ""typescript"", ""level"": ""intermediate""}, {""name"": ""express"", ""level"": ""intermediate""}, {""name"": ""git"", ""level"": ""intermediate""}]",5,2,MERN_FULL_STACK
SKIT/2023/CSE/0138,CSE (AI/ML),6,7.93,98.8,86.6,81.0,74.4,70.6,74.2,77.4,web_development,"[{""name"": ""javascript"", ""level"": ""advanced""}, {""name"": ""react"", ""level"": ""intermediate""}, {""name"": ""html_css"", ""level"": ""advanced""}, {""name"": ""nodejs"", ""level"": ""intermediate""}, {""name"": ""mongodb"", ""level"": ""intermediate""}, {""name"": ""typescript"", ""level"": ""beginner""}, {""name"": ""docker"", ""level"": ""beginner""}]",5,2,MERN_FULL_STACK
SKIT/2023/CSE/0634,CSE (AI/ML),7,7.18,77.7,82.6,78.3,72.0,74.1,70.6,61.0,"mobile_dev,cloud_devops","[{""name"": ""flutter"", ""level"": ""advanced""}, {""name"": ""java"", ""level"": ""intermediate""}, {""name"": ""javascript"", ""level"": ""intermediate""}, {""name"": ""git"", ""level"": ""intermediate""}, {""name"": ""typescript"", ""level"": ""beginner""}, {""name"": ""react"", ""level"": ""beginner""}, {""name"": ""sql"", ""level"": ""intermediate""}]",3,2,MOBILE_APP_DEV
SKIT/2023/CSE/0232,CSE (AI/ML),7,8.02,71.8,80.2,83.5,82.3,93.8,83.4,73.2,"ai_ml,cloud_devops","[{""name"": ""python"", ""level"": ""advanced""}, {""name"": ""pytorch"", ""level"": ""intermediate""}, {""name"": ""sql"", ""level"": ""intermediate""}, {""name"": ""linux"", ""level"": ""beginner""}]",2,3,AI_ML_ENGINEERING
SKIT/2023/CSE/0770,CSE,6,8.83,76.1,99.0,94.8,73.6,99.0,88.3,82.4,"data_analytics,ai_ml","[{""name"": ""python"", ""level"": ""advanced""}, {""name"": ""sql"", ""level"": ""advanced""}, {""name"": ""postgresql"", ""level"": ""intermediate""}, {""name"": ""mysql"", ""level"": ""intermediate""}]",0,3,DATA_ANALYTICS
SKIT/2023/CSE/0678,Information Technology,5,7.11,79.2,72.4,85.3,66.1,68.3,68.3,68.5,"mobile_dev,cloud_devops","[{""name"": ""flutter"", ""level"": ""advanced""}, {""name"": ""java"", ""level"": ""intermediate""}, {""name"": ""javascript"", ""level"": ""intermediate""}, {""name"": ""git"", ""level"": ""intermediate""}, {""name"": ""react"", ""level"": ""beginner""}, {""name"": ""sql"", ""level"": ""intermediate""}]",4,1,MOBILE_APP_DEV
SKIT/2023/CSE/0952,CSE,7,8.18,72.6,80.8,95.9,76.8,72.1,89.4,86.6,"cybersecurity,cloud_devops","[{""name"": ""linux"", ""level"": ""advanced""}, {""name"": ""python"", ""level"": ""intermediate""}, {""name"": ""git"", ""level"": ""intermediate""}, {""name"": ""docker"", ""level"": ""intermediate""}, {""name"": ""aws"", ""level"": ""intermediate""}]",2,3,CYBERSECURITY
SKIT/2023/CSE/0472,Information Technology,7,7.75,80.1,72.2,75.7,69.1,76.7,91.1,97.5,cloud_devops,"[{""name"": ""docker"", ""level"": ""advanced""}, {""name"": ""linux"", ""level"": ""advanced""}, {""name"": ""aws"", ""level"": ""intermediate""}, {""name"": ""kubernetes"", ""level"": ""intermediate""}, {""name"": ""git"", ""level"": ""advanced""}, {""name"": ""python"", ""level"": ""intermediate""}]",2,0,CLOUD_DEVOPS
SKIT/2023/CSE/0303,CSE (IoT),7,6.85,59.8,60.5,68.6,85.1,66.5,60.6,78.7,"iot_embedded,cybersecurity","[{""name"": ""cpp"", ""level"": ""advanced""}, {""name"": ""esp32"", ""level"": ""intermediate""}, {""name"": ""arduino"", ""level"": ""advanced""}, {""name"": ""mqtt"", ""level"": ""intermediate""}, {""name"": ""c"", ""level"": ""intermediate""}]",0,1,IOT_EMBEDDED_SYSTEMS
SKIT/2023/CSE/0136,CSE,6,7.38,89.1,81.5,74.8,73.1,67.8,74.5,63.4,web_development,"[{""name"": ""javascript"", ""level"": ""advanced""}, {""name"": ""react"", ""level"": ""intermediate""}, {""name"": ""html_css"", ""level"": ""advanced""}, {""name"": ""nodejs"", ""level"": ""intermediate""}, {""name"": ""mongodb"", ""level"": ""intermediate""}, {""name"": ""express"", ""level"": ""beginner""}]",3,0,MERN_FULL_STACK
SKIT/2023/CSE/0203,CSE (AI/ML),7,8.1,81.5,79.8,87.3,72.3,98.2,72.4,74.9,"ai_ml,cloud_devops","[{""name"": ""python"", ""level"": ""advanced""}, {""name"": ""scikit_learn"", ""level"": ""intermediate""}, {""name"": ""pytorch"", ""level"": ""intermediate""}, {""name"": ""sql"", ""level"": ""intermediate""}, {""name"": ""tensorflow"", ""level"": ""intermediate""}, {""name"": ""docker"", ""level"": ""intermediate""}]",2,1,AI_ML_ENGINEERING
SKIT/2023/CSE/0769,CSE (AI/ML),7,7.4,62.5,84.6,78.1,75.0,92.7,69.4,66.7,"data_analytics,web_development","[{""name"": ""python"", ""level"": ""advanced""}, {""name"": ""sql"", ""level"": ""advanced""}, {""name"": ""postgresql"", ""level"": ""intermediate""}, {""name"": ""mysql"", ""level"": ""intermediate""}, {""name"": ""git"", ""level"": ""beginner""}, {""name"": ""mongodb"", ""level"": ""beginner""}]",1,2,DATA_ANALYTICS
SKIT/2023/CSE/0821,CSE (IoT),5,8.06,66.9,98.2,83.3,76.0,86.3,78.3,81.8,"data_analytics,ai_ml","[{""name"": ""python"", ""level"": ""advanced""}, {""name"": ""sql"", ""level"": ""advanced""}, {""name"": ""postgresql"", ""level"": ""intermediate""}, {""name"": ""mysql"", ""level"": ""intermediate""}, {""name"": ""scikit_learn"", ""level"": ""intermediate""}, {""name"": ""git"", ""level"": ""intermediate""}, {""name"": ""mongodb"", ""level"": ""beginner""}]",4,2,DATA_ANALYTICS
SKIT/2023/CSE/0184,CSE,5,6.37,64.5,73.4,74.5,60.7,75.7,49.0,61.3,"ai_ml,cloud_devops","[{""name"": ""python"", ""level"": ""advanced""}, {""name"": ""scikit_learn"", ""level"": ""intermediate""}, {""name"": ""pytorch"", ""level"": ""intermediate""}, {""name"": ""sql"", ""level"": ""intermediate""}, {""name"": ""fastapi"", ""level"": ""beginner""}, {""name"": ""git"", ""level"": ""intermediate""}, {""name"": ""docker"", ""level"": ""intermediate""}]",8,0,AI_ML_ENGINEERING
SKIT/2023/CSE/0818,Information Technology,5,8.05,81.6,99.0,86.0,77.9,91.5,78.9,76.7,"data_analytics,ai_ml","[{""name"": ""python"", ""level"": ""advanced""}, {""name"": ""sql"", ""level"": ""advanced""}, {""name"": ""postgresql"", ""level"": ""intermediate""}, {""name"": ""mysql"", ""level"": ""intermediate""}, {""name"": ""mongodb"", ""level"": ""intermediate""}]",3,1,DATA_ANALYTICS
SKIT/2023/CSE/0240,CSE (IoT),7,7.74,75.8,79.4,82.8,74.2,92.0,65.9,72.4,"ai_ml,data_analytics","[{""name"": ""python"", ""level"": ""advanced""}, {""name"": ""scikit_learn"", ""level"": ""intermediate""}, {""name"": ""pytorch"", ""level"": ""intermediate""}, {""name"": ""sql"", ""level"": ""intermediate""}, {""name"": ""git"", ""level"": ""intermediate""}, {""name"": ""linux"", ""level"": ""intermediate""}]",3,3,AI_ML_ENGINEERING
SKIT/2023/CSE/0161,Information Technology,7,6.35,56.5,64.5,65.7,64.5,79.4,59.0,50.3,"ai_ml,cloud_devops,cybersecurity","[{""name"": ""python"", ""level"": ""advanced""}, {""name"": ""scikit_learn"", ""level"": ""intermediate""}, {""name"": ""pytorch"", ""level"": ""intermediate""}, {""name"": ""sql"", ""level"": ""intermediate""}, {""name"": ""tensorflow"", ""level"": ""beginner""}, {""name"": ""fastapi"", ""level"": ""beginner""}, {""name"": ""linux"", ""level"": ""intermediate""}]",4,1,AI_ML_ENGINEERING
SKIT/2023/CSE/0177,Information Technology,5,9.69,90.8,98.3,98.8,95.8,99.0,88.8,98.7,"ai_ml,cloud_devops","[{""name"": ""python"", ""level"": ""advanced""}, {""name"": ""scikit_learn"", ""level"": ""intermediate""}, {""name"": ""pytorch"", ""level"": ""intermediate""}, {""name"": ""sql"", ""level"": ""intermediate""}, {""name"": ""fastapi"", ""level"": ""beginner""}]",5,1,AI_ML_ENGINEERING
SKIT/2023/CSE/0198,CSE (IoT),7,7.18,68.2,80.2,78.1,69.5,86.3,76.9,63.1,"ai_ml,data_analytics","[{""name"": ""python"", ""level"": ""advanced""}, {""name"": ""scikit_learn"", ""level"": ""intermediate""}, {""name"": ""pytorch"", ""level"": ""intermediate""}, {""name"": ""sql"", ""level"": ""intermediate""}, {""name"": ""tensorflow"", ""level"": ""intermediate""}, {""name"": ""git"", ""level"": ""beginner""}, {""name"": ""linux"", ""level"": ""intermediate""}]",1,0,AI_ML_ENGINEERING
SKIT/2023/CSE/0978,Information Technology,7,8.8,83.2,77.3,94.5,81.2,89.2,99.0,99.0,cybersecurity,"[{""name"": ""linux"", ""level"": ""advanced""}, {""name"": ""python"", ""level"": ""intermediate""}, {""name"": ""git"", ""level"": ""intermediate""}, {""name"": ""docker"", ""level"": ""intermediate""}]",5,2,CYBERSECURITY
SKIT/2023/CSE/0684,CSE (AI/ML),5,7.27,89.9,74.0,79.9,72.9,72.3,73.3,69.1,"mobile_dev,cloud_devops","[{""name"": ""flutter"", ""level"": ""advanced""}, {""name"": ""javascript"", ""level"": ""intermediate""}, {""name"": ""git"", ""level"": ""intermediate""}, {""name"": ""react"", ""level"": ""beginner""}, {""name"": ""sql"", ""level"": ""beginner""}]",2,0,MOBILE_APP_DEV
SKIT/2023/CSE/0022,CSE,5,9.19,99.0,96.7,91.0,87.6,99.0,89.3,91.8,web_development,"[{""name"": ""javascript"", ""level"": ""advanced""}, {""name"": ""react"", ""level"": ""intermediate""}, {""name"": ""html_css"", ""level"": ""advanced""}, {""name"": ""nodejs"", ""level"": ""intermediate""}, {""name"": ""docker"", ""level"": ""beginner""}]",1,1,MERN_FULL_STACK
SKIT/2023/CSE/0586,Information Technology,5,8.19,91.8,87.1,89.7,78.3,78.9,81.0,78.3,"mobile_dev,web_development","[{""name"": ""flutter"", ""level"": ""advanced""}, {""name"": ""java"", ""level"": ""intermediate""}, {""name"": ""javascript"", ""level"": ""intermediate""}, {""name"": ""git"", ""level"": ""intermediate""}, {""name"": ""typescript"", ""level"": ""intermediate""}]",4,2,MOBILE_APP_DEV
SKIT/2023/CSE/0862,CSE,5,7.11,63.7,71.4,76.8,66.9,72.7,86.1,76.9,"cybersecurity,iot_embedded","[{""name"": ""linux"", ""level"": ""advanced""}, {""name"": ""python"", ""level"": ""intermediate""}, {""name"": ""cpp"", ""level"": ""intermediate""}, {""name"": ""git"", ""level"": ""intermediate""}]",1,1,CYBERSECURITY
SKIT/2023/CSE/0780,CSE (AI/ML),5,7.89,75.1,91.2,81.5,75.0,82.1,72.7,76.9,"data_analytics,web_development","[{""name"": ""python"", ""level"": ""advanced""}, {""name"": ""sql"", ""level"": ""advanced""}, {""name"": ""postgresql"", ""level"": ""intermediate""}, {""name"": ""mysql"", ""level"": ""intermediate""}, {""name"": ""scikit_learn"", ""level"": ""intermediate""}, {""name"": ""git"", ""level"": ""intermediate""}, {""name"": ""mongodb"", ""level"": ""beginner""}]",2,2,DATA_ANALYTICS
SKIT/2023/CSE/0028,CSE,7,8.84,99.0,90.6,96.8,73.8,91.8,82.5,83.9,"web_development,mobile_dev,cybersecurity","[{""name"": ""javascript"", ""level"": ""advanced""}, {""name"": ""react"", ""level"": ""intermediate""}, {""name"": ""html_css"", ""level"": ""advanced""}, {""name"": ""nodejs"", ""level"": ""intermediate""}, {""name"": ""mongodb"", ""level"": ""intermediate""}, {""name"": ""docker"", ""level"": ""beginner""}]",1,0,MERN_FULL_STACK
SKIT/2023/CSE/0169,CSE (AI/ML),5,8.28,78.5,96.8,89.8,84.0,95.1,79.3,86.4,"ai_ml,data_analytics","[{""name"": ""python"", ""level"": ""advanced""}, {""name"": ""scikit_learn"", ""level"": ""intermediate""}, {""name"": ""pytorch"", ""level"": ""intermediate""}, {""name"": ""sql"", ""level"": ""intermediate""}, {""name"": ""tensorflow"", ""level"": ""intermediate""}, {""name"": ""linux"", ""level"": ""intermediate""}]",2,2,AI_ML_ENGINEERING
SKIT/2023/CSE/0750,CSE (IoT),5,7.83,73.6,96.0,86.1,77.4,86.7,76.0,76.8,"data_analytics,ai_ml","[{""name"": ""python"", ""level"": ""advanced""}, {""name"": ""sql"", ""level"": ""advanced""}, {""name"": ""postgresql"", ""level"": ""intermediate""}, {""name"": ""scikit_learn"", ""level"": ""intermediate""}, {""name"": ""git"", ""level"": ""beginner""}, {""name"": ""mongodb"", ""level"": ""intermediate""}]",1,1,DATA_ANALYTICS
SKIT/2023/CSE/0868,Information Technology,5,7.98,76.8,83.2,86.1,77.2,69.5,87.6,99.0,"cybersecurity,cloud_devops","[{""name"": ""linux"", ""level"": ""advanced""}, {""name"": ""python"", ""level"": ""intermediate""}, {""name"": ""git"", ""level"": ""intermediate""}, {""name"": ""aws"", ""level"": ""intermediate""}]",0,1,CYBERSECURITY
SKIT/2023/CSE/0464,CSE,6,6.68,63.3,60.1,62.4,58.9,65.2,77.2,76.9,cloud_devops,"[{""name"": ""docker"", ""level"": ""advanced""}, {""name"": ""linux"", ""level"": ""advanced""}, {""name"": ""aws"", ""level"": ""intermediate""}, {""name"": ""kubernetes"", ""level"": ""intermediate""}, {""name"": ""git"", ""level"": ""advanced""}]",1,2,CLOUD_DEVOPS
SKIT/2023/CSE/0816,Information Technology,6,9.6,85.9,99.0,99.0,94.5,99.0,92.4,98.0,"data_analytics,ai_ml","[{""name"": ""python"", ""level"": ""advanced""}, {""name"": ""sql"", ""level"": ""advanced""}, {""name"": ""postgresql"", ""level"": ""intermediate""}, {""name"": ""mysql"", ""level"": ""intermediate""}]",1,0,DATA_ANALYTICS
SKIT/2023/CSE/0358,CSE,6,8.83,85.4,90.3,91.4,99.0,77.3,76.2,99.0,iot_embedded,"[{""name"": ""cpp"", ""level"": ""advanced""}, {""name"": ""esp32"", ""level"": ""intermediate""}, {""name"": ""arduino"", ""level"": ""advanced""}, {""name"": ""mqtt"", ""level"": ""intermediate""}, {""name"": ""python"", ""level"": ""beginner""}, {""name"": ""influxdb"", ""level"": ""beginner""}, {""name"": ""linux"", ""level"": ""intermediate""}, {""name"": ""raspberry_pi"", ""level"": ""intermediate""}]",0,2,IOT_EMBEDDED_SYSTEMS
SKIT/2023/CSE/0714,CSE (AI/ML),7,6.96,72.7,68.5,90.3,68.8,67.6,60.8,69.2,"mobile_dev,web_development","[{""name"": ""flutter"", ""level"": ""advanced""}, {""name"": ""java"", ""level"": ""intermediate""}, {""name"": ""git"", ""level"": ""intermediate""}, {""name"": ""react"", ""level"": ""beginner""}]",2,0,MOBILE_APP_DEV
SKIT/2023/CSE/0438,Information Technology,6,8.18,79.5,72.7,75.1,74.2,72.9,97.6,88.0,"cloud_devops,cybersecurity","[{""name"": ""docker"", ""level"": ""advanced""}, {""name"": ""linux"", ""level"": ""advanced""}, {""name"": ""aws"", ""level"": ""intermediate""}, {""name"": ""kubernetes"", ""level"": ""intermediate""}, {""name"": ""git"", ""level"": ""advanced""}, {""name"": ""nodejs"", ""level"": ""beginner""}, {""name"": ""sql"", ""level"": ""intermediate""}]",4,0,CLOUD_DEVOPS
SKIT/2023/CSE/0001,CSE (IoT),5,8.25,95.7,91.6,92.0,77.2,77.2,86.2,82.2,web_development,"[{""name"": ""javascript"", ""level"": ""advanced""}, {""name"": ""react"", ""level"": ""intermediate""}, {""name"": ""html_css"", ""level"": ""advanced""}, {""name"": ""nodejs"", ""level"": ""intermediate""}, {""name"": ""mongodb"", ""level"": ""intermediate""}, {""name"": ""typescript"", ""level"": ""beginner""}, {""name"": ""express"", ""level"": ""beginner""}]",0,2,MERN_FULL_STACK
SKIT/2023/CSE/0285,CSE (IoT),5,7.32,61.7,79.3,92.1,60.4,89.4,72.8,70.2,"ai_ml,data_analytics","[{""name"": ""python"", ""level"": ""advanced""}, {""name"": ""scikit_learn"", ""level"": ""intermediate""}, {""name"": ""pytorch"", ""level"": ""intermediate""}, {""name"": ""linux"", ""level"": ""beginner""}, {""name"": ""docker"", ""level"": ""intermediate""}]",2,2,AI_ML_ENGINEERING
SKIT/2023/CSE/0590,CSE (IoT),5,8.21,74.8,91.1,99.0,72.8,73.1,75.7,74.2,"mobile_dev,cloud_devops,web_development","[{""name"": ""flutter"", ""level"": ""advanced""}, {""name"": ""java"", ""level"": ""intermediate""}, {""name"": ""javascript"", ""level"": ""intermediate""}, {""name"": ""react"", ""level"": ""beginner""}, {""name"": ""sql"", ""level"": ""beginner""}]",3,1,MOBILE_APP_DEV
SKIT/2023/CSE/0235,CSE (AI/ML),7,6.81,66.2,72.5,77.2,56.5,84.8,75.1,62.9,"ai_ml,data_analytics","[{""name"": ""scikit_learn"", ""level"": ""intermediate""}, {""name"": ""pytorch"", ""level"": ""intermediate""}, {""name"": ""sql"", ""level"": ""intermediate""}, {""name"": ""tensorflow"", ""level"": ""beginner""}, {""name"": ""git"", ""level"": ""beginner""}, {""name"": ""linux"", ""level"": ""intermediate""}, {""name"": ""docker"", ""level"": ""intermediate""}]",6,0,AI_ML_ENGINEERING
SKIT/2023/CSE/0597,Information Technology,6,8.53,87.8,94.0,93.9,84.4,72.5,84.2,69.9,"mobile_dev,web_development","[{""name"": ""flutter"", ""level"": ""advanced""}, {""name"": ""java"", ""level"": ""intermediate""}, {""name"": ""javascript"", ""level"": ""intermediate""}, {""name"": ""git"", ""level"": ""intermediate""}, {""name"": ""typescript"", ""level"": ""beginner""}, {""name"": ""sql"", ""level"": ""beginner""}]",4,2,MOBILE_APP_DEV
SKIT/2023/CSE/0516,Information Technology,7,8.68,77.8,87.1,79.8,73.3,83.7,99.0,99.0,"cloud_devops,data_analytics","[{""name"": ""docker"", ""level"": ""advanced""}, {""name"": ""linux"", ""level"": ""advanced""}, {""name"": ""aws"", ""level"": ""intermediate""}, {""name"": ""kubernetes"", ""level"": ""intermediate""}, {""name"": ""git"", ""level"": ""advanced""}, {""name"": ""nodejs"", ""level"": ""beginner""}, {""name"": ""sql"", ""level"": ""intermediate""}]",2,0,CLOUD_DEVOPS
SKIT/2023/CSE/0091,Information Technology,5,7.66,91.4,82.0,78.9,67.3,65.6,80.8,68.6,"web_development,mobile_dev","[{""name"": ""react"", ""level"": ""intermediate""}, {""name"": ""html_css"", ""level"": ""advanced""}, {""name"": ""mongodb"", ""level"": ""intermediate""}, {""name"": ""git"", ""level"": ""intermediate""}]",2,1,MERN_FULL_STACK
SKIT/2023/CSE/0103,CSE,6,8.03,94.2,84.3,84.6,74.1,82.1,79.1,79.2,"web_development,mobile_dev","[{""name"": ""react"", ""level"": ""intermediate""}, {""name"": ""html_css"", ""level"": ""advanced""}, {""name"": ""nodejs"", ""level"": ""intermediate""}, {""name"": ""mongodb"", ""level"": ""intermediate""}, {""name"": ""express"", ""level"": ""intermediate""}]",1,1,MERN_FULL_STACK
SKIT/2023/CSE/0339,CSE (IoT),7,7.51,71.5,69.7,69.1,98.8,75.9,81.3,94.8,"iot_embedded,cloud_devops","[{""name"": ""cpp"", ""level"": ""advanced""}, {""name"": ""esp32"", ""level"": ""intermediate""}, {""name"": ""arduino"", ""level"": ""advanced""}, {""name"": ""mqtt"", ""level"": ""intermediate""}, {""name"": ""c"", ""level"": ""intermediate""}, {""name"": ""python"", ""level"": ""intermediate""}, {""name"": ""raspberry_pi"", ""level"": ""beginner""}]",1,3,IOT_EMBEDDED_SYSTEMS
SKIT/2023/CSE/0422,CSE (IoT),5,9.22,86.1,87.5,99.0,99.0,90.2,92.0,98.6,iot_embedded,"[{""name"": ""cpp"", ""level"": ""advanced""}, {""name"": ""esp32"", ""level"": ""intermediate""}, {""name"": ""arduino"", ""level"": ""advanced""}, {""name"": ""mqtt"", ""level"": ""intermediate""}, {""name"": ""c"", ""level"": ""intermediate""}, {""name"": ""python"", ""level"": ""beginner""}, {""name"": ""linux"", ""level"": ""intermediate""}, {""name"": ""raspberry_pi"", ""level"": ""beginner""}]",3,1,IOT_EMBEDDED_SYSTEMS
SKIT/2023/CSE/0222,Information Technology,6,7.46,67.9,85.7,75.1,68.9,92.5,75.2,68.9,"ai_ml,cloud_devops","[{""name"": ""python"", ""level"": ""advanced""}, {""name"": ""scikit_learn"", ""level"": ""intermediate""}, {""name"": ""pytorch"", ""level"": ""intermediate""}, {""name"": ""sql"", ""level"": ""intermediate""}, {""name"": ""tensorflow"", ""level"": ""beginner""}, {""name"": ""linux"", ""level"": ""intermediate""}]",1,1,AI_ML_ENGINEERING
SKIT/2023/CSE/0962,CSE (AI/ML),7,7.08,63.1,73.0,75.0,77.9,70.6,65.9,91.6,"cybersecurity,cloud_devops","[{""name"": ""linux"", ""level"": ""advanced""}, {""name"": ""python"", ""level"": ""intermediate""}, {""name"": ""cpp"", ""level"": ""intermediate""}, {""name"": ""git"", ""level"": ""intermediate""}, {""name"": ""aws"", ""level"": ""intermediate""}]",2,2,CYBERSECURITY
SKIT/2023/CSE/0007,CSE (IoT),5,8.13,92.0,89.0,90.9,77.0,85.0,64.1,81.3,"web_development,mobile_dev","[{""name"": ""javascript"", ""level"": ""advanced""}, {""name"": ""react"", ""level"": ""intermediate""}, {""name"": ""html_css"", ""level"": ""advanced""}, {""name"": ""nodejs"", ""level"": ""intermediate""}, {""name"": ""mongodb"", ""level"": ""intermediate""}, {""name"": ""git"", ""level"": ""intermediate""}]",0,0,MERN_FULL_STACK
SKIT/2023/CSE/0747,CSE (IoT),6,8.79,85.9,99.0,84.8,81.8,99.0,78.0,83.1,"data_analytics,ai_ml","[{""name"": ""python"", ""level"": ""advanced""}, {""name"": ""sql"", ""level"": ""advanced""}, {""name"": ""postgresql"", ""level"": ""intermediate""}, {""name"": ""mysql"", ""level"": ""intermediate""}, {""name"": ""mongodb"", ""level"": ""intermediate""}]",1,1,DATA_ANALYTICS
SKIT/2023/CSE/0837,CSE (AI/ML),5,9.8,95.5,99.0,99.0,94.2,99.0,92.0,94.1,"data_analytics,mobile_dev","[{""name"": ""python"", ""level"": ""advanced""}, {""name"": ""sql"", ""level"": ""advanced""}, {""name"": ""postgresql"", ""level"": ""intermediate""}, {""name"": ""git"", ""level"": ""intermediate""}, {""name"": ""mongodb"", ""level"": ""intermediate""}]",3,1,DATA_ANALYTICS
SKIT/2023/CSE/0674,CSE (AI/ML),6,8.5,92.9,86.5,89.5,84.9,73.2,85.7,83.0,mobile_dev,"[{""name"": ""flutter"", ""level"": ""advanced""}, {""name"": ""java"", ""level"": ""intermediate""}, {""name"": ""javascript"", ""level"": ""intermediate""}, {""name"": ""git"", ""level"": ""intermediate""}, {""name"": ""typescript"", ""level"": ""beginner""}]",2,2,MOBILE_APP_DEV
SKIT/2023/CSE/0172,CSE (AI/ML),5,7.46,69.3,85.3,83.7,65.3,92.1,73.4,76.6,"ai_ml,cloud_devops","[{""name"": ""python"", ""level"": ""advanced""}, {""name"": ""scikit_learn"", ""level"": ""intermediate""}, {""name"": ""sql"", ""level"": ""intermediate""}, {""name"": ""tensorflow"", ""level"": ""beginner""}, {""name"": ""fastapi"", ""level"": ""beginner""}, {""name"": ""git"", ""level"": ""beginner""}, {""name"": ""docker"", ""level"": ""intermediate""}]",2,2,AI_ML_ENGINEERING
SKIT/2023/CSE/0555,Information Technology,5,7.83,65.7,82.5,82.8,75.1,72.9,93.3,94.9,"cloud_devops,cybersecurity","[{""name"": ""docker"", ""level"": ""advanced""}, {""name"": ""linux"", ""level"": ""advanced""}, {""name"": ""kubernetes"", ""level"": ""intermediate""}, {""name"": ""git"", ""level"": ""advanced""}, {""name"": ""python"", ""level"": ""beginner""}]",5,2,CLOUD_DEVOPS
SKIT/2023/CSE/0284,CSE,7,9.8,86.3,94.1,99.0,99.0,99.0,85.0,95.3,"ai_ml,data_analytics","[{""name"": ""python"", ""level"": ""advanced""}, {""name"": ""scikit_learn"", ""level"": ""intermediate""}, {""name"": ""pytorch"", ""level"": ""intermediate""}, {""name"": ""sql"", ""level"": ""intermediate""}, {""name"": ""tensorflow"", ""level"": ""intermediate""}, {""name"": ""git"", ""level"": ""beginner""}, {""name"": ""linux"", ""level"": ""intermediate""}, {""name"": ""docker"", ""level"": ""intermediate""}]",5,0,AI_ML_ENGINEERING
SKIT/2023/CSE/0706,Information Technology,7,8.41,88.4,77.3,91.8,80.2,78.5,74.1,70.8,"mobile_dev,cloud_devops","[{""name"": ""flutter"", ""level"": ""advanced""}, {""name"": ""java"", ""level"": ""intermediate""}, {""name"": ""javascript"", ""level"": ""intermediate""}, {""name"": ""git"", ""level"": ""intermediate""}, {""name"": ""typescript"", ""level"": ""beginner""}, {""name"": ""react"", ""level"": ""intermediate""}, {""name"": ""sql"", ""level"": ""intermediate""}]",3,2,MOBILE_APP_DEV
SKIT/2023/CSE/0488,CSE (AI/ML),6,8.54,85.2,93.9,87.2,92.1,79.3,99.0,95.0,"cloud_devops,cybersecurity","[{""name"": ""docker"", ""level"": ""advanced""}, {""name"": ""aws"", ""level"": ""intermediate""}, {""name"": ""kubernetes"", ""level"": ""intermediate""}, {""name"": ""git"", ""level"": ""advanced""}]",3,3,CLOUD_DEVOPS
SKIT/2023/CSE/0046,CSE (IoT),5,7.57,96.5,78.6,66.8,77.2,67.7,64.1,72.0,"web_development,mobile_dev","[{""name"": ""javascript"", ""level"": ""advanced""}, {""name"": ""react"", ""level"": ""intermediate""}, {""name"": ""html_css"", ""level"": ""advanced""}, {""name"": ""nodejs"", ""level"": ""intermediate""}, {""name"": ""mongodb"", ""level"": ""intermediate""}, {""name"": ""typescript"", ""level"": ""beginner""}]",5,2,MERN_FULL_STACK
SKIT/2023/CSE/0813,CSE,6,6.85,62.7,79.1,63.9,70.2,72.6,64.2,68.9,data_analytics,"[{""name"": ""python"", ""level"": ""advanced""}, {""name"": ""sql"", ""level"": ""advanced""}, {""name"": ""postgresql"", ""level"": ""intermediate""}, {""name"": ""mysql"", ""level"": ""intermediate""}, {""name"": ""git"", ""level"": ""intermediate""}, {""name"": ""mongodb"", ""level"": ""beginner""}]",1,2,DATA_ANALYTICS
SKIT/2023/CSE/0645,CSE,6,8.58,99.0,87.1,95.8,85.5,81.2,89.7,74.8,mobile_dev,"[{""name"": ""flutter"", ""level"": ""advanced""}, {""name"": ""java"", ""level"": ""intermediate""}, {""name"": ""javascript"", ""level"": ""intermediate""}, {""name"": ""git"", ""level"": ""intermediate""}, {""name"": ""react"", ""level"": ""intermediate""}, {""name"": ""sql"", ""level"": ""intermediate""}]",6,0,MOBILE_APP_DEV
SKIT/2023/CSE/0550,CSE (AI/ML),6,8.28,81.5,97.9,74.2,84.5,80.6,92.5,92.0,"cloud_devops,cybersecurity","[{""name"": ""docker"", ""level"": ""advanced""}, {""name"": ""linux"", ""level"": ""advanced""}, {""name"": ""aws"", ""level"": ""intermediate""}, {""name"": ""kubernetes"", ""level"": ""intermediate""}, {""name"": ""git"", ""level"": ""advanced""}, {""name"": ""sql"", ""level"": ""intermediate""}]",2,1,CLOUD_DEVOPS
SKIT/2023/CSE/0613,Information Technology,5,7.12,79.1,82.9,78.3,59.8,62.4,72.6,68.9,"mobile_dev,web_development","[{""name"": ""flutter"", ""level"": ""advanced""}, {""name"": ""java"", ""level"": ""intermediate""}, {""name"": ""javascript"", ""level"": ""intermediate""}, {""name"": ""git"", ""level"": ""intermediate""}, {""name"": ""typescript"", ""level"": ""intermediate""}, {""name"": ""react"", ""level"": ""beginner""}, {""name"": ""sql"", ""level"": ""intermediate""}]",0,1,MOBILE_APP_DEV
SKIT/2023/CSE/0257,Information Technology,5,8.61,90.3,97.9,96.4,73.2,99.0,86.4,78.0,"ai_ml,mobile_dev","[{""name"": ""python"", ""level"": ""advanced""}, {""name"": ""scikit_learn"", ""level"": ""intermediate""}, {""name"": ""pytorch"", ""level"": ""intermediate""}, {""name"": ""sql"", ""level"": ""intermediate""}, {""name"": ""git"", ""level"": ""beginner""}, {""name"": ""linux"", ""level"": ""beginner""}]",2,2,AI_ML_ENGINEERING
SKIT/2023/CSE/0768,CSE (AI/ML),5,9.8,89.4,99.0,96.4,99.0,99.0,88.8,94.3,"data_analytics,web_development","[{""name"": ""python"", ""level"": ""advanced""}, {""name"": ""sql"", ""level"": ""advanced""}, {""name"": ""postgresql"", ""level"": ""intermediate""}, {""name"": ""mysql"", ""level"": ""intermediate""}]",4,2,DATA_ANALYTICS
SKIT/2023/CSE/0122,CSE,7,7.33,91.4,70.1,76.4,74.8,68.6,67.7,71.6,web_development,"[{""name"": ""javascript"", ""level"": ""advanced""}, {""name"": ""react"", ""level"": ""intermediate""}, {""name"": ""html_css"", ""level"": ""advanced""}, {""name"": ""nodejs"", ""level"": ""intermediate""}, {""name"": ""mongodb"", ""level"": ""intermediate""}, {""name"": ""typescript"", ""level"": ""intermediate""}, {""name"": ""git"", ""level"": ""intermediate""}, {""name"": ""docker"", ""level"": ""intermediate""}]",3,0,MERN_FULL_STACK
SKIT/2023/CSE/0627,CSE (IoT),6,8.54,88.6,90.8,96.6,77.9,82.9,86.6,79.6,"mobile_dev,web_development","[{""name"": ""flutter"", ""level"": ""advanced""}, {""name"": ""java"", ""level"": ""intermediate""}, {""name"": ""javascript"", ""level"": ""intermediate""}, {""name"": ""typescript"", ""level"": ""beginner""}, {""name"": ""sql"", ""level"": ""intermediate""}]",3,1,MOBILE_APP_DEV
SKIT/2023/CSE/0243,CSE (IoT),5,8.35,80.1,84.4,90.4,82.9,89.1,85.1,77.6,"ai_ml,cloud_devops","[{""name"": ""scikit_learn"", ""level"": ""intermediate""}, {""name"": ""pytorch"", ""level"": ""intermediate""}, {""name"": ""sql"", ""level"": ""intermediate""}, {""name"": ""tensorflow"", ""level"": ""intermediate""}, {""name"": ""linux"", ""level"": ""beginner""}, {""name"": ""docker"", ""level"": ""intermediate""}]",3,0,AI_ML_ENGINEERING
SKIT/2023/CSE/0349,CSE (IoT),5,6.03,56.9,57.4,56.6,73.5,53.1,51.8,68.8,"iot_embedded,cybersecurity","[{""name"": ""cpp"", ""level"": ""advanced""}, {""name"": ""esp32"", ""level"": ""intermediate""}, {""name"": ""arduino"", ""level"": ""advanced""}, {""name"": ""mqtt"", ""level"": ""intermediate""}, {""name"": ""c"", ""level"": ""intermediate""}, {""name"": ""python"", ""level"": ""beginner""}]",3,3,IOT_EMBEDDED_SYSTEMS
SKIT/2023/CSE/0096,CSE (IoT),6,7.54,91.7,84.2,71.2,77.4,70.2,70.3,75.4,web_development,"[{""name"": ""react"", ""level"": ""intermediate""}, {""name"": ""html_css"", ""level"": ""advanced""}, {""name"": ""nodejs"", ""level"": ""intermediate""}, {""name"": ""mongodb"", ""level"": ""intermediate""}, {""name"": ""typescript"", ""level"": ""beginner""}, {""name"": ""git"", ""level"": ""beginner""}]",2,2,MERN_FULL_STACK
SKIT/2023/CSE/0215,CSE,7,8.36,86.1,89.4,94.9,89.5,99.0,80.7,84.6,"ai_ml,data_analytics","[{""name"": ""python"", ""level"": ""advanced""}, {""name"": ""scikit_learn"", ""level"": ""intermediate""}, {""name"": ""pytorch"", ""level"": ""intermediate""}, {""name"": ""sql"", ""level"": ""intermediate""}, {""name"": ""fastapi"", ""level"": ""intermediate""}, {""name"": ""git"", ""level"": ""beginner""}, {""name"": ""linux"", ""level"": ""intermediate""}, {""name"": ""docker"", ""level"": ""beginner""}]",5,0,AI_ML_ENGINEERING
SKIT/2023/CSE/0920,Information Technology,5,6.55,65.2,60.3,76.4,67.1,53.9,71.3,78.0,"cybersecurity,cloud_devops,ai_ml","[{""name"": ""linux"", ""level"": ""advanced""}, {""name"": ""python"", ""level"": ""intermediate""}, {""name"": ""cpp"", ""level"": ""intermediate""}, {""name"": ""git"", ""level"": ""intermediate""}, {""name"": ""docker"", ""level"": ""beginner""}, {""name"": ""c"", ""level"": ""intermediate""}]",2,2,CYBERSECURITY
SKIT/2023/CSE/0603,CSE (AI/ML),5,7.82,90.8,79.6,77.5,77.9,76.1,72.5,77.4,mobile_dev,"[{""name"": ""flutter"", ""level"": ""advanced""}, {""name"": ""java"", ""level"": ""intermediate""}, {""name"": ""javascript"", ""level"": ""intermediate""}, {""name"": ""git"", ""level"": ""intermediate""}, {""name"": ""typescript"", ""level"": ""intermediate""}]",1,0,MOBILE_APP_DEV
SKIT/2023/CSE/0659,CSE (IoT),7,7.8,86.8,82.4,81.5,76.9,77.2,77.5,78.8,"mobile_dev,web_development","[{""name"": ""flutter"", ""level"": ""advanced""}, {""name"": ""java"", ""level"": ""intermediate""}, {""name"": ""javascript"", ""level"": ""intermediate""}, {""name"": ""git"", ""level"": ""intermediate""}, {""name"": ""react"", ""level"": ""beginner""}]",3,0,MOBILE_APP_DEV
SKIT/2023/CSE/0288,CSE (IoT),7,7.15,60.1,74.6,79.9,89.4,72.9,77.5,83.7,"iot_embedded,cloud_devops","[{""name"": ""cpp"", ""level"": ""advanced""}, {""name"": ""esp32"", ""level"": ""intermediate""}, {""name"": ""arduino"", ""level"": ""advanced""}, {""name"": ""mqtt"", ""level"": ""intermediate""}, {""name"": ""c"", ""level"": ""intermediate""}, {""name"": ""python"", ""level"": ""beginner""}, {""name"": ""influxdb"", ""level"": ""intermediate""}]",6,0,IOT_EMBEDDED_SYSTEMS
SKIT/2023/CSE/0124,CSE (IoT),7,6.92,79.3,77.5,70.6,61.6,61.1,64.2,73.6,web_development,"[{""name"": ""javascript"", ""level"": ""advanced""}, {""name"": ""react"", ""level"": ""intermediate""}, {""name"": ""html_css"", ""level"": ""advanced""}, {""name"": ""nodejs"", ""level"": ""intermediate""}, {""name"": ""mongodb"", ""level"": ""intermediate""}, {""name"": ""express"", ""level"": ""intermediate""}]",1,1,MERN_FULL_STACK
SKIT/2023/CSE/0419,CSE (IoT),6,7.93,79.2,87.3,85.5,99.0,72.8,70.2,87.7,iot_embedded,"[{""name"": ""cpp"", ""level"": ""advanced""}, {""name"": ""esp32"", ""level"": ""intermediate""}, {""name"": ""arduino"", ""level"": ""advanced""}, {""name"": ""mqtt"", ""level"": ""intermediate""}, {""name"": ""c"", ""level"": ""intermediate""}, {""name"": ""python"", ""level"": ""intermediate""}, {""name"": ""influxdb"", ""level"": ""beginner""}]",1,1,IOT_EMBEDDED_SYSTEMS
SKIT/2023/CSE/0602,CSE (IoT),6,7.31,72.0,72.4,85.3,71.2,68.0,66.0,62.5,"mobile_dev,iot_embedded","[{""name"": ""flutter"", ""level"": ""advanced""}, {""name"": ""java"", ""level"": ""intermediate""}, {""name"": ""javascript"", ""level"": ""intermediate""}, {""name"": ""git"", ""level"": ""intermediate""}, {""name"": ""typescript"", ""level"": ""intermediate""}, {""name"": ""react"", ""level"": ""intermediate""}]",4,2,MOBILE_APP_DEV
SKIT/2023/CSE/0012,Information Technology,5,6.91,80.8,76.1,69.1,57.9,66.0,60.3,68.0,web_development,"[{""name"": ""javascript"", ""level"": ""advanced""}, {""name"": ""react"", ""level"": ""intermediate""}, {""name"": ""html_css"", ""level"": ""advanced""}, {""name"": ""nodejs"", ""level"": ""intermediate""}, {""name"": ""mongodb"", ""level"": ""intermediate""}, {""name"": ""docker"", ""level"": ""intermediate""}]",3,1,MERN_FULL_STACK
SKIT/2023/CSE/0263,CSE (AI/ML),6,6.39,68.3,67.1,69.7,57.6,79.3,67.8,48.3,ai_ml,"[{""name"": ""python"", ""level"": ""advanced""}, {""name"": ""scikit_learn"", ""level"": ""intermediate""}, {""name"": ""sql"", ""level"": ""intermediate""}, {""name"": ""tensorflow"", ""level"": ""intermediate""}, {""name"": ""docker"", ""level"": ""beginner""}]",5,1,AI_ML_ENGINEERING
SKIT/2023/CSE/0038,CSE (IoT),7,8.57,96.3,87.7,90.3,78.6,75.2,93.2,79.8,web_development,"[{""name"": ""javascript"", ""level"": ""advanced""}, {""name"": ""react"", ""level"": ""intermediate""}, {""name"": ""html_css"", ""level"": ""advanced""}, {""name"": ""nodejs"", ""level"": ""intermediate""}, {""name"": ""mongodb"", ""level"": ""intermediate""}, {""name"": ""express"", ""level"": ""intermediate""}]",3,0,MERN_FULL_STACK
SKIT/2023/CSE/0100,CSE (AI/ML),6,9.31,99.0,94.9,94.1,91.2,88.8,91.1,83.8,"web_development,cloud_devops","[{""name"": ""javascript"", ""level"": ""advanced""}, {""name"": ""react"", ""level"": ""intermediate""}, {""name"": ""html_css"", ""level"": ""advanced""}, {""name"": ""nodejs"", ""level"": ""intermediate""}, {""name"": ""mongodb"", ""level"": ""intermediate""}, {""name"": ""express"", ""level"": ""intermediate""}, {""name"": ""docker"", ""level"": ""intermediate""}]",2,2,MERN_FULL_STACK
SKIT/2023/CSE/0892,Information Technology,5,8.27,75.8,77.6,81.9,74.3,83.4,90.7,96.6,"cybersecurity,cloud_devops","[{""name"": ""linux"", ""level"": ""advanced""}, {""name"": ""python"", ""level"": ""intermediate""}, {""name"": ""cpp"", ""level"": ""intermediate""}, {""name"": ""git"", ""level"": ""intermediate""}, {""name"": ""c"", ""level"": ""beginner""}]",5,4,CYBERSECURITY
SKIT/2023/CSE/0224,CSE (AI/ML),7,6.73,52.4,74.7,82.2,69.6,87.4,61.9,68.0,"ai_ml,data_analytics","[{""name"": ""python"", ""level"": ""advanced""}, {""name"": ""scikit_learn"", ""level"": ""intermediate""}, {""name"": ""pytorch"", ""level"": ""intermediate""}, {""name"": ""sql"", ""level"": ""intermediate""}, {""name"": ""tensorflow"", ""level"": ""beginner""}, {""name"": ""fastapi"", ""level"": ""beginner""}, {""name"": ""linux"", ""level"": ""intermediate""}]",5,2,AI_ML_ENGINEERING
SKIT/2023/CSE/0220,Information Technology,5,6.99,71.4,75.9,76.8,72.4,85.8,65.5,64.0,ai_ml,"[{""name"": ""python"", ""level"": ""advanced""}, {""name"": ""scikit_learn"", ""level"": ""intermediate""}, {""name"": ""pytorch"", ""level"": ""intermediate""}, {""name"": ""sql"", ""level"": ""intermediate""}, {""name"": ""tensorflow"", ""level"": ""intermediate""}, {""name"": ""fastapi"", ""level"": ""beginner""}, {""name"": ""git"", ""level"": ""beginner""}]",0,4,AI_ML_ENGINEERING
SKIT/2023/CSE/0756,Information Technology,6,7.9,73.8,96.5,84.4,76.5,89.6,79.4,75.1,"data_analytics,iot_embedded","[{""name"": ""python"", ""level"": ""advanced""}, {""name"": ""sql"", ""level"": ""advanced""}, {""name"": ""postgresql"", ""level"": ""intermediate""}, {""name"": ""scikit_learn"", ""level"": ""beginner""}, {""name"": ""git"", ""level"": ""beginner""}, {""name"": ""mongodb"", ""level"": ""beginner""}]",3,1,DATA_ANALYTICS
SKIT/2023/CSE/0227,Information Technology,6,6.98,62.8,76.5,74.2,68.2,85.4,66.7,68.6,"ai_ml,cloud_devops","[{""name"": ""python"", ""level"": ""advanced""}, {""name"": ""scikit_learn"", ""level"": ""intermediate""}, {""name"": ""pytorch"", ""level"": ""intermediate""}, {""name"": ""sql"", ""level"": ""intermediate""}, {""name"": ""tensorflow"", ""level"": ""intermediate""}, {""name"": ""linux"", ""level"": ""intermediate""}]",1,1,AI_ML_ENGINEERING
SKIT/2023/CSE/0139,CSE (IoT),6,7.32,91.6,81.4,84.7,68.4,67.8,69.4,68.0,"web_development,cloud_devops,ai_ml","[{""name"": ""javascript"", ""level"": ""advanced""}, {""name"": ""react"", ""level"": ""intermediate""}, {""name"": ""html_css"", ""level"": ""advanced""}, {""name"": ""nodejs"", ""level"": ""intermediate""}, {""name"": ""mongodb"", ""level"": ""intermediate""}, {""name"": ""express"", ""level"": ""intermediate""}, {""name"": ""git"", ""level"": ""intermediate""}, {""name"": ""docker"", ""level"": ""intermediate""}]",2,0,MERN_FULL_STACK
SKIT/2023/CSE/0736,Information Technology,6,7.54,75.2,95.1,77.7,72.0,92.8,70.0,69.5,data_analytics,"[{""name"": ""python"", ""level"": ""advanced""}, {""name"": ""sql"", ""level"": ""advanced""}, {""name"": ""postgresql"", ""level"": ""intermediate""}, {""name"": ""mysql"", ""level"": ""intermediate""}]",5,1,DATA_ANALYTICS
SKIT/2023/CSE/0452,CSE,6,8.24,76.6,94.4,75.2,77.4,82.1,99.0,87.3,"cloud_devops,cybersecurity,mobile_dev","[{""name"": ""docker"", ""level"": ""advanced""}, {""name"": ""linux"", ""level"": ""advanced""}, {""name"": ""aws"", ""level"": ""intermediate""}, {""name"": ""kubernetes"", ""level"": ""intermediate""}, {""name"": ""git"", ""level"": ""advanced""}, {""name"": ""nodejs"", ""level"": ""intermediate""}, {""name"": ""sql"", ""level"": ""beginner""}]",2,3,CLOUD_DEVOPS
SKIT/2023/CSE/0562,CSE (IoT),7,7.41,63.9,76.3,75.3,76.9,75.2,83.5,91.8,"cloud_devops,web_development","[{""name"": ""docker"", ""level"": ""advanced""}, {""name"": ""linux"", ""level"": ""advanced""}, {""name"": ""aws"", ""level"": ""intermediate""}, {""name"": ""kubernetes"", ""level"": ""intermediate""}, {""name"": ""git"", ""level"": ""advanced""}, {""name"": ""nodejs"", ""level"": ""intermediate""}, {""name"": ""sql"", ""level"": ""beginner""}]",2,1,CLOUD_DEVOPS
SKIT/2023/CSE/0698,CSE,5,6.28,75.8,72.0,75.3,54.1,66.6,69.9,60.4,"mobile_dev,cloud_devops","[{""name"": ""flutter"", ""level"": ""advanced""}, {""name"": ""java"", ""level"": ""intermediate""}, {""name"": ""javascript"", ""level"": ""intermediate""}, {""name"": ""git"", ""level"": ""intermediate""}, {""name"": ""typescript"", ""level"": ""beginner""}, {""name"": ""sql"", ""level"": ""beginner""}]",6,2,MOBILE_APP_DEV
SKIT/2023/CSE/0803,CSE,5,7.16,77.0,95.7,79.0,74.8,82.3,71.8,75.4,"data_analytics,ai_ml","[{""name"": ""python"", ""level"": ""advanced""}, {""name"": ""sql"", ""level"": ""advanced""}, {""name"": ""postgresql"", ""level"": ""intermediate""}, {""name"": ""mysql"", ""level"": ""intermediate""}, {""name"": ""git"", ""level"": ""intermediate""}]",3,1,DATA_ANALYTICS
SKIT/2023/CSE/0075,CSE (IoT),7,8.39,97.2,98.9,80.3,72.0,76.2,79.4,80.9,web_development,"[{""name"": ""javascript"", ""level"": ""advanced""}, {""name"": ""react"", ""level"": ""intermediate""}, {""name"": ""html_css"", ""level"": ""advanced""}, {""name"": ""nodejs"", ""level"": ""intermediate""}, {""name"": ""mongodb"", ""level"": ""intermediate""}, {""name"": ""typescript"", ""level"": ""beginner""}, {""name"": ""git"", ""level"": ""beginner""}]",2,0,MERN_FULL_STACK
SKIT/2023/CSE/0757,CSE (AI/ML),5,8.58,77.3,99.0,86.3,89.2,88.4,82.0,80.9,data_analytics,"[{""name"": ""postgresql"", ""level"": ""intermediate""}, {""name"": ""mysql"", ""level"": ""intermediate""}, {""name"": ""scikit_learn"", ""level"": ""intermediate""}, {""name"": ""git"", ""level"": ""intermediate""}]",3,0,DATA_ANALYTICS
SKIT/2023/CSE/0548,CSE,5,5.8,49.3,57.7,59.2,59.5,56.8,81.3,70.3,"cloud_devops,cybersecurity","[{""name"": ""linux"", ""level"": ""advanced""}, {""name"": ""aws"", ""level"": ""intermediate""}, {""name"": ""kubernetes"", ""level"": ""intermediate""}, {""name"": ""git"", ""level"": ""advanced""}, {""name"": ""nodejs"", ""level"": ""beginner""}, {""name"": ""sql"", ""level"": ""intermediate""}]",2,2,CLOUD_DEVOPS
SKIT/2023/CSE/0423,CSE (IoT),6,7.31,66.0,61.8,72.9,87.3,67.4,72.5,72.8,iot_embedded,"[{""name"": ""esp32"", ""level"": ""intermediate""}, {""name"": ""arduino"", ""level"": ""advanced""}, {""name"": ""mqtt"", ""level"": ""intermediate""}, {""name"": ""c"", ""level"": ""intermediate""}, {""name"": ""python"", ""level"": ""beginner""}, {""name"": ""influxdb"", ""level"": ""intermediate""}, {""name"": ""linux"", ""level"": ""intermediate""}, {""name"": ""raspberry_pi"", ""level"": ""intermediate""}]",4,1,IOT_EMBEDDED_SYSTEMS
SKIT/2023/CSE/0479,CSE,7,7.89,63.4,91.3,77.2,81.1,67.1,99.0,99.0,"cloud_devops,cybersecurity","[{""name"": ""docker"", ""level"": ""advanced""}, {""name"": ""linux"", ""level"": ""advanced""}, {""name"": ""aws"", ""level"": ""intermediate""}, {""name"": ""kubernetes"", ""level"": ""intermediate""}, {""name"": ""nodejs"", ""level"": ""beginner""}]",2,0,CLOUD_DEVOPS
SKIT/2023/CSE/0210,Information Technology,7,7.23,63.7,72.9,75.3,73.0,87.9,61.8,68.9,"ai_ml,data_analytics","[{""name"": ""python"", ""level"": ""advanced""}, {""name"": ""pytorch"", ""level"": ""intermediate""}, {""name"": ""sql"", ""level"": ""intermediate""}, {""name"": ""tensorflow"", ""level"": ""beginner""}, {""name"": ""docker"", ""level"": ""beginner""}]",0,1,AI_ML_ENGINEERING
SKIT/2023/CSE/0045,CSE,7,7.88,92.1,90.7,82.1,76.5,72.8,72.4,72.7,"web_development,mobile_dev","[{""name"": ""javascript"", ""level"": ""advanced""}, {""name"": ""react"", ""level"": ""intermediate""}, {""name"": ""html_css"", ""level"": ""advanced""}, {""name"": ""nodejs"", ""level"": ""intermediate""}, {""name"": ""typescript"", ""level"": ""beginner""}, {""name"": ""git"", ""level"": ""beginner""}, {""name"": ""docker"", ""level"": ""beginner""}]",3,2,MERN_FULL_STACK
SKIT/2023/CSE/0983,CSE (IoT),7,8.21,76.6,82.6,81.5,89.8,82.3,81.6,94.4,"cybersecurity,iot_embedded","[{""name"": ""python"", ""level"": ""intermediate""}, {""name"": ""cpp"", ""level"": ""intermediate""}, {""name"": ""git"", ""level"": ""intermediate""}, {""name"": ""docker"", ""level"": ""intermediate""}, {""name"": ""aws"", ""level"": ""intermediate""}]",0,3,CYBERSECURITY
SKIT/2023/CSE/0237,CSE,6,8.01,84.6,83.7,76.8,80.0,87.9,70.0,74.9,"ai_ml,cloud_devops","[{""name"": ""python"", ""level"": ""advanced""}, {""name"": ""scikit_learn"", ""level"": ""intermediate""}, {""name"": ""pytorch"", ""level"": ""intermediate""}, {""name"": ""sql"", ""level"": ""intermediate""}, {""name"": ""git"", ""level"": ""beginner""}, {""name"": ""linux"", ""level"": ""intermediate""}, {""name"": ""docker"", ""level"": ""beginner""}]",1,2,AI_ML_ENGINEERING
SKIT/2023/CSE/0141,Information Technology,7,6.17,73.2,76.0,62.9,63.1,59.8,69.2,53.1,"web_development,cloud_devops","[{""name"": ""javascript"", ""level"": ""advanced""}, {""name"": ""react"", ""level"": ""intermediate""}, {""name"": ""nodejs"", ""level"": ""intermediate""}, {""name"": ""mongodb"", ""level"": ""intermediate""}, {""name"": ""typescript"", ""level"": ""intermediate""}, {""name"": ""git"", ""level"": ""beginner""}]",3,1,MERN_FULL_STACK
SKIT/2023/CSE/0828,CSE,5,7.21,73.1,94.6,68.2,74.2,92.8,69.8,71.5,"data_analytics,ai_ml","[{""name"": ""python"", ""level"": ""advanced""}, {""name"": ""sql"", ""level"": ""advanced""}, {""name"": ""postgresql"", ""level"": ""intermediate""}, {""name"": ""scikit_learn"", ""level"": ""beginner""}]",2,3,DATA_ANALYTICS
SKIT/2023/CSE/0106,CSE,5,9.18,99.0,96.1,99.0,87.9,85.5,84.1,85.7,"web_development,mobile_dev","[{""name"": ""javascript"", ""level"": ""advanced""}, {""name"": ""react"", ""level"": ""intermediate""}, {""name"": ""html_css"", ""level"": ""advanced""}, {""name"": ""nodejs"", ""level"": ""intermediate""}, {""name"": ""mongodb"", ""level"": ""intermediate""}, {""name"": ""docker"", ""level"": ""beginner""}]",1,3,MERN_FULL_STACK
SKIT/2023/CSE/0079,CSE (IoT),6,7.8,86.3,91.6,84.5,73.0,74.2,75.1,63.9,web_development,"[{""name"": ""javascript"", ""level"": ""advanced""}, {""name"": ""react"", ""level"": ""intermediate""}, {""name"": ""html_css"", ""level"": ""advanced""}, {""name"": ""nodejs"", ""level"": ""intermediate""}, {""name"": ""mongodb"", ""level"": ""intermediate""}, {""name"": ""express"", ""level"": ""intermediate""}, {""name"": ""git"", ""level"": ""intermediate""}, {""name"": ""docker"", ""level"": ""intermediate""}]",1,0,MERN_FULL_STACK
SKIT/2023/CSE/0949,CSE,6,9.31,88.5,84.4,99.0,85.7,85.4,99.0,99.0,"cybersecurity,iot_embedded","[{""name"": ""linux"", ""level"": ""advanced""}, {""name"": ""python"", ""level"": ""intermediate""}, {""name"": ""cpp"", ""level"": ""intermediate""}, {""name"": ""git"", ""level"": ""intermediate""}, {""name"": ""docker"", ""level"": ""beginner""}, {""name"": ""c"", ""level"": ""beginner""}]",2,0,CYBERSECURITY
SKIT/2023/CSE/0017,CSE,6,8.01,90.0,91.4,82.3,80.4,81.4,71.3,83.0,"web_development,mobile_dev","[{""name"": ""html_css"", ""level"": ""advanced""}, {""name"": ""nodejs"", ""level"": ""intermediate""}, {""name"": ""mongodb"", ""level"": ""intermediate""}, {""name"": ""typescript"", ""level"": ""beginner""}, {""name"": ""git"", ""level"": ""intermediate""}]",5,2,MERN_FULL_STACK
SKIT/2023/CSE/0576,Information Technology,7,8.76,93.0,99.0,95.3,79.0,86.6,81.0,79.0,mobile_dev,"[{""name"": ""flutter"", ""level"": ""advanced""}, {""name"": ""java"", ""level"": ""intermediate""}, {""name"": ""javascript"", ""level"": ""intermediate""}, {""name"": ""git"", ""level"": ""intermediate""}, {""name"": ""typescript"", ""level"": ""intermediate""}]",3,1,MOBILE_APP_DEV
SKIT/2023/CSE/0442,Information Technology,5,7.43,75.7,76.7,81.0,72.7,64.2,91.9,83.3,"cloud_devops,mobile_dev","[{""name"": ""docker"", ""level"": ""advanced""}, {""name"": ""linux"", ""level"": ""advanced""}, {""name"": ""aws"", ""level"": ""intermediate""}, {""name"": ""kubernetes"", ""level"": ""intermediate""}, {""name"": ""python"", ""level"": ""beginner""}, {""name"": ""sql"", ""level"": ""intermediate""}]",5,0,CLOUD_DEVOPS
SKIT/2023/CSE/0234,Information Technology,5,8.59,89.0,86.6,90.4,73.4,99.0,86.6,79.3,"ai_ml,cloud_devops","[{""name"": ""python"", ""level"": ""advanced""}, {""name"": ""scikit_learn"", ""level"": ""intermediate""}, {""name"": ""pytorch"", ""level"": ""intermediate""}, {""name"": ""sql"", ""level"": ""intermediate""}, {""name"": ""git"", ""level"": ""intermediate""}, {""name"": ""linux"", ""level"": ""intermediate""}]",2,1,AI_ML_ENGINEERING
SKIT/2023/CSE/0505,CSE,7,7.29,67.4,90.4,70.7,67.3,58.2,98.2,78.5,"cloud_devops,cybersecurity","[{""name"": ""docker"", ""level"": ""advanced""}, {""name"": ""linux"", ""level"": ""advanced""}, {""name"": ""aws"", ""level"": ""intermediate""}, {""name"": ""kubernetes"", ""level"": ""intermediate""}, {""name"": ""git"", ""level"": ""advanced""}, {""name"": ""python"", ""level"": ""beginner""}, {""name"": ""nodejs"", ""level"": ""beginner""}]",2,0,CLOUD_DEVOPS
SKIT/2023/CSE/0342,CSE,6,7.05,74.1,66.5,68.5,93.9,65.5,70.7,77.5,iot_embedded,"[{""name"": ""cpp"", ""level"": ""advanced""}, {""name"": ""esp32"", ""level"": ""intermediate""}, {""name"": ""arduino"", ""level"": ""advanced""}, {""name"": ""mqtt"", ""level"": ""intermediate""}, {""name"": ""c"", ""level"": ""intermediate""}, {""name"": ""influxdb"", ""level"": ""intermediate""}, {""name"": ""raspberry_pi"", ""level"": ""beginner""}]",3,1,IOT_EMBEDDED_SYSTEMS
SKIT/2023/CSE/0546,Information Technology,7,8.39,77.6,88.8,77.3,77.3,74.6,99.0,94.9,"cloud_devops,cybersecurity","[{""name"": ""docker"", ""level"": ""advanced""}, {""name"": ""aws"", ""level"": ""intermediate""}, {""name"": ""kubernetes"", ""level"": ""intermediate""}, {""name"": ""git"", ""level"": ""advanced""}]",3,3,CLOUD_DEVOPS
SKIT/2023/CSE/0247,CSE (AI/ML),7,7.71,75.4,77.0,89.7,78.5,96.2,72.6,76.2,"ai_ml,web_development","[{""name"": ""python"", ""level"": ""advanced""}, {""name"": ""scikit_learn"", ""level"": ""intermediate""}, {""name"": ""pytorch"", ""level"": ""intermediate""}, {""name"": ""sql"", ""level"": ""intermediate""}, {""name"": ""git"", ""level"": ""beginner""}]",3,2,AI_ML_ENGINEERING
SKIT/2023/CSE/0778,CSE,5,7.59,68.1,92.7,83.2,78.1,78.7,70.9,74.4,"data_analytics,web_development","[{""name"": ""python"", ""level"": ""advanced""}, {""name"": ""sql"", ""level"": ""advanced""}, {""name"": ""postgresql"", ""level"": ""intermediate""}, {""name"": ""mysql"", ""level"": ""intermediate""}, {""name"": ""git"", ""level"": ""beginner""}, {""name"": ""mongodb"", ""level"": ""intermediate""}]",3,2,DATA_ANALYTICS
SKIT/2023/CSE/0483,CSE,6,9.29,91.4,97.4,90.7,83.2,96.4,99.0,99.0,"cloud_devops,web_development","[{""name"": ""docker"", ""level"": ""advanced""}, {""name"": ""linux"", ""level"": ""advanced""}, {""name"": ""aws"", ""level"": ""intermediate""}, {""name"": ""kubernetes"", ""level"": ""intermediate""}, {""name"": ""git"", ""level"": ""advanced""}, {""name"": ""python"", ""level"": ""beginner""}, {""name"": ""nodejs"", ""level"": ""beginner""}]",3,0,CLOUD_DEVOPS
SKIT/2023/CSE/0826,Information Technology,6,7.27,65.3,84.1,70.1,64.7,82.2,69.6,67.7,"data_analytics,web_development","[{""name"": ""python"", ""level"": ""advanced""}, {""name"": ""postgresql"", ""level"": ""intermediate""}, {""name"": ""mongodb"", ""level"": ""beginner""}]",4,3,DATA_ANALYTICS
SKIT/2023/CSE/0345,CSE (IoT),6,7.29,63.7,73.3,86.2,89.3,65.9,65.5,77.9,"iot_embedded,cloud_devops","[{""name"": ""cpp"", ""level"": ""advanced""}, {""name"": ""esp32"", ""level"": ""intermediate""}, {""name"": ""arduino"", ""level"": ""advanced""}, {""name"": ""mqtt"", ""level"": ""intermediate""}, {""name"": ""c"", ""level"": ""intermediate""}, {""name"": ""influxdb"", ""level"": ""intermediate""}, {""name"": ""linux"", ""level"": ""beginner""}, {""name"": ""raspberry_pi"", ""level"": ""beginner""}]",2,1,IOT_EMBEDDED_SYSTEMS
SKIT/2023/CSE/0047,CSE,6,8.1,92.9,90.2,94.3,77.9,78.2,74.7,72.7,"web_development,cloud_devops","[{""name"": ""javascript"", ""level"": ""advanced""}, {""name"": ""react"", ""level"": ""intermediate""}, {""name"": ""html_css"", ""level"": ""advanced""}, {""name"": ""nodejs"", ""level"": ""intermediate""}, {""name"": ""mongodb"", ""level"": ""intermediate""}, {""name"": ""git"", ""level"": ""beginner""}, {""name"": ""docker"", ""level"": ""intermediate""}]",2,3,MERN_FULL_STACK
SKIT/2023/CSE/0984,CSE,7,7.76,80.7,70.6,82.2,72.8,71.1,86.1,98.2,"cybersecurity,cloud_devops","[{""name"": ""linux"", ""level"": ""advanced""}, {""name"": ""cpp"", ""level"": ""intermediate""}, {""name"": ""git"", ""level"": ""intermediate""}, {""name"": ""docker"", ""level"": ""beginner""}]",2,0,CYBERSECURITY
SKIT/2023/CSE/0871,CSE (IoT),6,7.33,72.2,66.5,74.0,70.9,69.2,85.1,94.1,"cybersecurity,iot_embedded","[{""name"": ""linux"", ""level"": ""advanced""}, {""name"": ""python"", ""level"": ""intermediate""}, {""name"": ""cpp"", ""level"": ""intermediate""}, {""name"": ""git"", ""level"": ""intermediate""}]",3,1,CYBERSECURITY
SKIT/2023/CSE/0201,CSE (IoT),6,6.87,69.0,73.8,84.0,63.8,87.4,61.3,63.8,"ai_ml,cloud_devops","[{""name"": ""python"", ""level"": ""advanced""}, {""name"": ""scikit_learn"", ""level"": ""intermediate""}, {""name"": ""pytorch"", ""level"": ""intermediate""}, {""name"": ""sql"", ""level"": ""intermediate""}, {""name"": ""git"", ""level"": ""beginner""}, {""name"": ""linux"", ""level"": ""beginner""}]",2,0,AI_ML_ENGINEERING
SKIT/2023/CSE/0640,CSE (AI/ML),6,7.88,84.4,80.1,86.8,81.4,80.4,75.0,83.1,"mobile_dev,cloud_devops","[{""name"": ""flutter"", ""level"": ""advanced""}, {""name"": ""java"", ""level"": ""intermediate""}, {""name"": ""javascript"", ""level"": ""intermediate""}, {""name"": ""git"", ""level"": ""intermediate""}, {""name"": ""typescript"", ""level"": ""beginner""}, {""name"": ""sql"", ""level"": ""beginner""}]",6,0,MOBILE_APP_DEV
SKIT/2023/CSE/0484,CSE (AI/ML),5,8.25,82.1,91.1,72.2,79.9,72.2,98.9,97.6,"cloud_devops,web_development","[{""name"": ""docker"", ""level"": ""advanced""}, {""name"": ""linux"", ""level"": ""advanced""}, {""name"": ""aws"", ""level"": ""intermediate""}, {""name"": ""kubernetes"", ""level"": ""intermediate""}]",2,1,CLOUD_DEVOPS
SKIT/2023/CSE/0390,CSE (IoT),7,7.62,68.0,73.3,81.3,93.6,79.4,68.3,83.0,iot_embedded,"[{""name"": ""cpp"", ""level"": ""advanced""}, {""name"": ""esp32"", ""level"": ""intermediate""}, {""name"": ""arduino"", ""level"": ""advanced""}, {""name"": ""mqtt"", ""level"": ""intermediate""}, {""name"": ""c"", ""level"": ""intermediate""}, {""name"": ""influxdb"", ""level"": ""beginner""}]",3,2,IOT_EMBEDDED_SYSTEMS
SKIT/2023/CSE/0099,CSE (AI/ML),7,6.81,79.1,71.8,69.7,60.9,64.9,61.6,68.2,web_development,"[{""name"": ""react"", ""level"": ""intermediate""}, {""name"": ""html_css"", ""level"": ""advanced""}, {""name"": ""nodejs"", ""level"": ""intermediate""}, {""name"": ""mongodb"", ""level"": ""intermediate""}, {""name"": ""typescript"", ""level"": ""intermediate""}, {""name"": ""express"", ""level"": ""beginner""}]",4,1,MERN_FULL_STACK
SKIT/2023/CSE/0366,CSE,7,8.13,80.2,76.8,83.0,99.0,76.1,84.2,93.5,"iot_embedded,cybersecurity","[{""name"": ""cpp"", ""level"": ""advanced""}, {""name"": ""arduino"", ""level"": ""advanced""}, {""name"": ""mqtt"", ""level"": ""intermediate""}, {""name"": ""c"", ""level"": ""intermediate""}, {""name"": ""python"", ""level"": ""beginner""}, {""name"": ""influxdb"", ""level"": ""beginner""}]",2,1,IOT_EMBEDDED_SYSTEMS
SKIT/2023/CSE/0578,CSE,5,7.32,88.4,61.5,85.6,69.8,61.2,71.1,72.0,"mobile_dev,cloud_devops","[{""name"": ""flutter"", ""level"": ""advanced""}, {""name"": ""java"", ""level"": ""intermediate""}, {""name"": ""javascript"", ""level"": ""intermediate""}, {""name"": ""git"", ""level"": ""intermediate""}]",2,4,MOBILE_APP_DEV
SKIT/2023/CSE/0579,Information Technology,5,7.45,72.4,84.6,80.9,66.5,68.8,72.2,70.5,"mobile_dev,web_development,ai_ml","[{""name"": ""flutter"", ""level"": ""advanced""}, {""name"": ""java"", ""level"": ""intermediate""}, {""name"": ""javascript"", ""level"": ""intermediate""}, {""name"": ""git"", ""level"": ""intermediate""}, {""name"": ""react"", ""level"": ""beginner""}]",2,0,MOBILE_APP_DEV
SKIT/2023/CSE/0617,Information Technology,6,5.94,68.9,62.2,70.5,61.1,53.7,47.1,66.6,"mobile_dev,cloud_devops","[{""name"": ""flutter"", ""level"": ""advanced""}, {""name"": ""java"", ""level"": ""intermediate""}, {""name"": ""javascript"", ""level"": ""intermediate""}, {""name"": ""git"", ""level"": ""intermediate""}, {""name"": ""sql"", ""level"": ""intermediate""}]",2,3,MOBILE_APP_DEV
SKIT/2023/CSE/0686,CSE (AI/ML),6,7.01,71.3,77.0,87.5,72.9,70.1,69.8,75.0,"mobile_dev,web_development,cloud_devops","[{""name"": ""flutter"", ""level"": ""advanced""}, {""name"": ""java"", ""level"": ""intermediate""}, {""name"": ""javascript"", ""level"": ""intermediate""}, {""name"": ""git"", ""level"": ""intermediate""}, {""name"": ""typescript"", ""level"": ""beginner""}, {""name"": ""sql"", ""level"": ""beginner""}]",3,1,MOBILE_APP_DEV
SKIT/2023/CSE/0412,CSE,5,7.37,82.7,69.8,69.0,91.3,72.6,78.4,79.0,iot_embedded,"[{""name"": ""cpp"", ""level"": ""advanced""}, {""name"": ""esp32"", ""level"": ""intermediate""}, {""name"": ""arduino"", ""level"": ""advanced""}, {""name"": ""mqtt"", ""level"": ""intermediate""}, {""name"": ""c"", ""level"": ""intermediate""}, {""name"": ""python"", ""level"": ""intermediate""}, {""name"": ""influxdb"", ""level"": ""beginner""}, {""name"": ""linux"", ""level"": ""intermediate""}]",2,0,IOT_EMBEDDED_SYSTEMS
SKIT/2023/CSE/0644,CSE (AI/ML),7,8.21,88.6,84.2,93.0,77.9,84.7,79.6,83.5,"mobile_dev,cloud_devops","[{""name"": ""flutter"", ""level"": ""advanced""}, {""name"": ""java"", ""level"": ""intermediate""}, {""name"": ""javascript"", ""level"": ""intermediate""}, {""name"": ""git"", ""level"": ""intermediate""}, {""name"": ""typescript"", ""level"": ""beginner""}, {""name"": ""react"", ""level"": ""beginner""}, {""name"": ""sql"", ""level"": ""intermediate""}]",4,0,MOBILE_APP_DEV
SKIT/2023/CSE/0205,Information Technology,5,7.75,79.8,87.1,80.5,67.0,92.6,69.6,73.3,ai_ml,"[{""name"": ""python"", ""level"": ""advanced""}, {""name"": ""scikit_learn"", ""level"": ""intermediate""}, {""name"": ""pytorch"", ""level"": ""intermediate""}, {""name"": ""sql"", ""level"": ""intermediate""}, {""name"": ""tensorflow"", ""level"": ""beginner""}, {""name"": ""fastapi"", ""level"": ""intermediate""}, {""name"": ""linux"", ""level"": ""intermediate""}]",3,0,AI_ML_ENGINEERING
SKIT/2023/CSE/0926,Information Technology,5,8.06,78.5,79.6,81.8,70.5,78.6,85.4,88.7,"cybersecurity,cloud_devops","[{""name"": ""linux"", ""level"": ""advanced""}, {""name"": ""python"", ""level"": ""intermediate""}, {""name"": ""cpp"", ""level"": ""intermediate""}, {""name"": ""git"", ""level"": ""intermediate""}, {""name"": ""c"", ""level"": ""intermediate""}]",6,1,CYBERSECURITY
SKIT/2023/CSE/0887,CSE (AI/ML),7,7.01,61.7,66.0,78.8,67.4,62.9,76.1,80.9,"cybersecurity,cloud_devops","[{""name"": ""linux"", ""level"": ""advanced""}, {""name"": ""python"", ""level"": ""intermediate""}, {""name"": ""cpp"", ""level"": ""intermediate""}, {""name"": ""git"", ""level"": ""intermediate""}, {""name"": ""aws"", ""level"": ""intermediate""}]",4,1,CYBERSECURITY
SKIT/2023/CSE/0824,CSE (IoT),7,7.57,67.5,92.7,81.7,70.2,90.5,73.2,65.5,"data_analytics,web_development","[{""name"": ""python"", ""level"": ""advanced""}, {""name"": ""sql"", ""level"": ""advanced""}, {""name"": ""postgresql"", ""level"": ""intermediate""}, {""name"": ""mysql"", ""level"": ""intermediate""}, {""name"": ""git"", ""level"": ""intermediate""}]",3,2,DATA_ANALYTICS
SKIT/2023/CSE/0999,CSE (IoT),7,8.08,75.7,77.9,90.1,78.2,73.5,85.6,89.5,"cybersecurity,iot_embedded,web_development","[{""name"": ""linux"", ""level"": ""advanced""}, {""name"": ""python"", ""level"": ""intermediate""}, {""name"": ""cpp"", ""level"": ""intermediate""}, {""name"": ""git"", ""level"": ""intermediate""}, {""name"": ""docker"", ""level"": ""beginner""}, {""name"": ""aws"", ""level"": ""beginner""}]",2,1,CYBERSECURITY
SKIT/2023/CSE/0258,CSE (AI/ML),6,8.77,84.9,89.8,82.7,82.2,99.0,81.7,83.2,"ai_ml,data_analytics","[{""name"": ""python"", ""level"": ""advanced""}, {""name"": ""scikit_learn"", ""level"": ""intermediate""}, {""name"": ""pytorch"", ""level"": ""intermediate""}, {""name"": ""sql"", ""level"": ""intermediate""}, {""name"": ""git"", ""level"": ""beginner""}, {""name"": ""linux"", ""level"": ""intermediate""}, {""name"": ""docker"", ""level"": ""intermediate""}]",0,0,AI_ML_ENGINEERING
SKIT/2023/CSE/0436,CSE (IoT),7,6.42,66.8,68.0,66.6,58.4,58.4,79.2,81.4,"cloud_devops,web_development","[{""name"": ""linux"", ""level"": ""advanced""}, {""name"": ""kubernetes"", ""level"": ""intermediate""}, {""name"": ""git"", ""level"": ""advanced""}, {""name"": ""nodejs"", ""level"": ""beginner""}]",2,3,CLOUD_DEVOPS
SKIT/2023/CSE/0783,CSE,6,8.23,77.0,99.0,95.3,76.7,95.4,78.3,92.0,data_analytics,"[{""name"": ""python"", ""level"": ""advanced""}, {""name"": ""sql"", ""level"": ""advanced""}, {""name"": ""postgresql"", ""level"": ""intermediate""}, {""name"": ""mysql"", ""level"": ""intermediate""}, {""name"": ""scikit_learn"", ""level"": ""intermediate""}, {""name"": ""git"", ""level"": ""beginner""}]",2,3,DATA_ANALYTICS
SKIT/2023/CSE/0893,Information Technology,6,6.99,71.4,71.4,72.9,69.1,57.5,82.0,83.5,"cybersecurity,cloud_devops","[{""name"": ""linux"", ""level"": ""advanced""}, {""name"": ""python"", ""level"": ""intermediate""}, {""name"": ""cpp"", ""level"": ""intermediate""}, {""name"": ""git"", ""level"": ""intermediate""}, {""name"": ""docker"", ""level"": ""intermediate""}]",2,0,CYBERSECURITY
SKIT/2023/CSE/0314,CSE (IoT),6,9.25,86.3,94.5,86.9,99.0,84.2,80.8,99.0,"iot_embedded,cybersecurity","[{""name"": ""cpp"", ""level"": ""advanced""}, {""name"": ""esp32"", ""level"": ""intermediate""}, {""name"": ""arduino"", ""level"": ""advanced""}, {""name"": ""mqtt"", ""level"": ""intermediate""}, {""name"": ""c"", ""level"": ""intermediate""}, {""name"": ""python"", ""level"": ""intermediate""}, {""name"": ""influxdb"", ""level"": ""beginner""}, {""name"": ""linux"", ""level"": ""intermediate""}]",3,3,IOT_EMBEDDED_SYSTEMS
SKIT/2023/CSE/0751,CSE (IoT),6,8.39,83.5,97.8,89.3,86.9,99.0,79.6,80.4,data_analytics,"[{""name"": ""python"", ""level"": ""advanced""}, {""name"": ""postgresql"", ""level"": ""intermediate""}, {""name"": ""mysql"", ""level"": ""intermediate""}, {""name"": ""mongodb"", ""level"": ""intermediate""}]",5,2,DATA_ANALYTICS
SKIT/2023/CSE/0112,CSE,7,8.35,99.0,83.0,82.8,80.7,74.7,82.5,85.4,"web_development,cloud_devops,ai_ml","[{""name"": ""javascript"", ""level"": ""advanced""}, {""name"": ""react"", ""level"": ""intermediate""}, {""name"": ""html_css"", ""level"": ""advanced""}, {""name"": ""nodejs"", ""level"": ""intermediate""}, {""name"": ""mongodb"", ""level"": ""intermediate""}, {""name"": ""typescript"", ""level"": ""intermediate""}, {""name"": ""express"", ""level"": ""intermediate""}]",1,2,MERN_FULL_STACK
SKIT/2023/CSE/0192,CSE,5,7.98,71.7,91.3,92.0,81.7,99.0,67.9,80.4,ai_ml,"[{""name"": ""scikit_learn"", ""level"": ""intermediate""}, {""name"": ""tensorflow"", ""level"": ""intermediate""}, {""name"": ""linux"", ""level"": ""beginner""}]",4,0,AI_ML_ENGINEERING
SKIT/2023/CSE/0199,Information Technology,7,8.51,82.6,91.7,95.7,79.2,97.8,75.4,76.7,"ai_ml,data_analytics","[{""name"": ""python"", ""level"": ""advanced""}, {""name"": ""scikit_learn"", ""level"": ""intermediate""}, {""name"": ""pytorch"", ""level"": ""intermediate""}, {""name"": ""sql"", ""level"": ""intermediate""}, {""name"": ""tensorflow"", ""level"": ""beginner""}, {""name"": ""fastapi"", ""level"": ""beginner""}, {""name"": ""git"", ""level"": ""beginner""}]",3,2,AI_ML_ENGINEERING
SKIT/2023/CSE/0493,CSE (AI/ML),7,8.44,81.3,91.3,74.6,81.0,76.5,99.0,92.5,cloud_devops,"[{""name"": ""docker"", ""level"": ""advanced""}, {""name"": ""linux"", ""level"": ""advanced""}, {""name"": ""aws"", ""level"": ""intermediate""}, {""name"": ""kubernetes"", ""level"": ""intermediate""}, {""name"": ""git"", ""level"": ""advanced""}, {""name"": ""python"", ""level"": ""beginner""}, {""name"": ""nodejs"", ""level"": ""intermediate""}, {""name"": ""sql"", ""level"": ""beginner""}]",3,1,CLOUD_DEVOPS
SKIT/2023/CSE/0002,Information Technology,5,7.38,85.8,81.3,66.6,61.5,67.3,65.1,71.7,"web_development,mobile_dev","[{""name"": ""javascript"", ""level"": ""advanced""}, {""name"": ""react"", ""level"": ""intermediate""}, {""name"": ""html_css"", ""level"": ""advanced""}, {""name"": ""nodejs"", ""level"": ""intermediate""}, {""name"": ""mongodb"", ""level"": ""intermediate""}, {""name"": ""express"", ""level"": ""beginner""}, {""name"": ""git"", ""level"": ""intermediate""}]",2,1,MERN_FULL_STACK
SKIT/2023/CSE/0995,CSE (IoT),7,7.18,74.6,65.1,85.7,68.0,64.9,76.6,95.8,"cybersecurity,iot_embedded","[{""name"": ""linux"", ""level"": ""advanced""}, {""name"": ""python"", ""level"": ""intermediate""}, {""name"": ""cpp"", ""level"": ""intermediate""}, {""name"": ""docker"", ""level"": ""intermediate""}, {""name"": ""c"", ""level"": ""intermediate""}, {""name"": ""aws"", ""level"": ""beginner""}]",4,1,CYBERSECURITY
SKIT/2023/CSE/0582,CSE,5,7.59,88.4,79.6,88.6,80.0,75.9,72.8,80.5,"mobile_dev,cloud_devops","[{""name"": ""flutter"", ""level"": ""advanced""}, {""name"": ""java"", ""level"": ""intermediate""}, {""name"": ""javascript"", ""level"": ""intermediate""}, {""name"": ""git"", ""level"": ""intermediate""}, {""name"": ""sql"", ""level"": ""beginner""}]",3,1,MOBILE_APP_DEV
SKIT/2023/CSE/0430,CSE,5,8.1,81.6,83.7,71.0,82.0,72.5,99.0,92.9,"cloud_devops,web_development","[{""name"": ""docker"", ""level"": ""advanced""}, {""name"": ""linux"", ""level"": ""advanced""}, {""name"": ""aws"", ""level"": ""intermediate""}, {""name"": ""kubernetes"", ""level"": ""intermediate""}, {""name"": ""git"", ""level"": ""advanced""}]",0,1,CLOUD_DEVOPS
SKIT/2023/CSE/0568,Information Technology,7,9.8,79.5,99.0,99.0,98.0,99.0,99.0,99.0,"cloud_devops,cybersecurity","[{""name"": ""docker"", ""level"": ""advanced""}, {""name"": ""linux"", ""level"": ""advanced""}, {""name"": ""kubernetes"", ""level"": ""intermediate""}, {""name"": ""git"", ""level"": ""advanced""}]",2,1,CLOUD_DEVOPS
SKIT/2023/CSE/0789,CSE (IoT),7,7.31,63.2,87.3,76.2,70.8,84.7,65.3,72.8,data_analytics,"[{""name"": ""sql"", ""level"": ""advanced""}, {""name"": ""postgresql"", ""level"": ""intermediate""}, {""name"": ""mysql"", ""level"": ""intermediate""}, {""name"": ""scikit_learn"", ""level"": ""intermediate""}]",1,0,DATA_ANALYTICS
SKIT/2023/CSE/0889,CSE (IoT),6,7.29,73.3,63.3,76.1,60.3,74.2,87.6,87.6,"cybersecurity,cloud_devops","[{""name"": ""linux"", ""level"": ""advanced""}, {""name"": ""python"", ""level"": ""intermediate""}, {""name"": ""cpp"", ""level"": ""intermediate""}, {""name"": ""git"", ""level"": ""intermediate""}, {""name"": ""docker"", ""level"": ""beginner""}, {""name"": ""c"", ""level"": ""intermediate""}]",4,1,CYBERSECURITY
SKIT/2023/CSE/0787,Information Technology,6,7.8,73.0,97.8,80.3,71.3,92.7,72.0,71.4,data_analytics,"[{""name"": ""python"", ""level"": ""advanced""}, {""name"": ""sql"", ""level"": ""advanced""}, {""name"": ""mysql"", ""level"": ""intermediate""}]",2,0,DATA_ANALYTICS
SKIT/2023/CSE/0336,CSE (IoT),5,7.37,71.8,81.8,72.4,89.9,69.7,72.0,83.3,"iot_embedded,cloud_devops","[{""name"": ""cpp"", ""level"": ""advanced""}, {""name"": ""esp32"", ""level"": ""intermediate""}, {""name"": ""mqtt"", ""level"": ""intermediate""}, {""name"": ""c"", ""level"": ""intermediate""}, {""name"": ""python"", ""level"": ""intermediate""}]",3,2,IOT_EMBEDDED_SYSTEMS
SKIT/2023/CSE/0965,CSE,5,8.26,75.9,82.5,85.3,71.4,78.9,94.0,99.0,"cybersecurity,cloud_devops","[{""name"": ""linux"", ""level"": ""advanced""}, {""name"": ""python"", ""level"": ""intermediate""}, {""name"": ""cpp"", ""level"": ""intermediate""}, {""name"": ""git"", ""level"": ""intermediate""}, {""name"": ""c"", ""level"": ""beginner""}, {""name"": ""aws"", ""level"": ""intermediate""}]",4,3,CYBERSECURITY
SKIT/2023/CSE/0153,CSE (AI/ML),6,8.02,80.7,76.5,78.7,78.8,86.0,77.1,70.2,"ai_ml,data_analytics","[{""name"": ""python"", ""level"": ""advanced""}, {""name"": ""scikit_learn"", ""level"": ""intermediate""}, {""name"": ""pytorch"", ""level"": ""intermediate""}, {""name"": ""sql"", ""level"": ""intermediate""}, {""name"": ""tensorflow"", ""level"": ""intermediate""}, {""name"": ""fastapi"", ""level"": ""beginner""}, {""name"": ""git"", ""level"": ""beginner""}, {""name"": ""linux"", ""level"": ""intermediate""}, {""name"": ""docker"", ""level"": ""beginner""}]",4,0,AI_ML_ENGINEERING
SKIT/2023/CSE/0956,CSE (AI/ML),5,8.03,69.7,75.6,82.7,70.8,77.6,92.1,99.0,"cybersecurity,iot_embedded","[{""name"": ""linux"", ""level"": ""advanced""}, {""name"": ""python"", ""level"": ""intermediate""}, {""name"": ""cpp"", ""level"": ""intermediate""}, {""name"": ""git"", ""level"": ""intermediate""}, {""name"": ""docker"", ""level"": ""intermediate""}, {""name"": ""c"", ""level"": ""intermediate""}]",1,0,CYBERSECURITY
SKIT/2023/CSE/0542,CSE (AI/ML),7,7.73,77.4,80.6,79.3,67.6,72.1,99.0,77.4,"cloud_devops,cybersecurity","[{""name"": ""docker"", ""level"": ""advanced""}, {""name"": ""aws"", ""level"": ""intermediate""}, {""name"": ""kubernetes"", ""level"": ""intermediate""}, {""name"": ""git"", ""level"": ""advanced""}]",0,2,CLOUD_DEVOPS
SKIT/2023/CSE/0509,CSE (IoT),6,7.02,63.3,79.1,66.2,68.2,63.9,85.6,84.1,"cloud_devops,web_development","[{""name"": ""docker"", ""level"": ""advanced""}, {""name"": ""linux"", ""level"": ""advanced""}, {""name"": ""aws"", ""level"": ""intermediate""}, {""name"": ""kubernetes"", ""level"": ""intermediate""}, {""name"": ""git"", ""level"": ""advanced""}, {""name"": ""python"", ""level"": ""intermediate""}]",4,1,CLOUD_DEVOPS
SKIT/2023/CSE/0643,CSE,7,7.88,78.3,78.2,86.3,74.5,84.3,76.0,70.6,"mobile_dev,web_development","[{""name"": ""flutter"", ""level"": ""advanced""}, {""name"": ""javascript"", ""level"": ""intermediate""}, {""name"": ""git"", ""level"": ""intermediate""}, {""name"": ""typescript"", ""level"": ""intermediate""}, {""name"": ""sql"", ""level"": ""intermediate""}]",1,0,MOBILE_APP_DEV
SKIT/2023/CSE/0188,CSE (AI/ML),7,6.2,61.0,61.8,62.1,51.3,84.5,55.8,66.6,ai_ml,"[{""name"": ""python"", ""level"": ""advanced""}, {""name"": ""pytorch"", ""level"": ""intermediate""}, {""name"": ""sql"", ""level"": ""intermediate""}, {""name"": ""fastapi"", ""level"": ""beginner""}, {""name"": ""git"", ""level"": ""intermediate""}]",0,1,AI_ML_ENGINEERING
SKIT/2023/CSE/0928,CSE,5,6.79,65.1,58.7,75.2,74.7,68.1,76.4,72.2,"cybersecurity,cloud_devops","[{""name"": ""linux"", ""level"": ""advanced""}, {""name"": ""python"", ""level"": ""intermediate""}, {""name"": ""cpp"", ""level"": ""intermediate""}, {""name"": ""git"", ""level"": ""intermediate""}, {""name"": ""docker"", ""level"": ""intermediate""}, {""name"": ""c"", ""level"": ""intermediate""}, {""name"": ""aws"", ""level"": ""intermediate""}]",2,0,CYBERSECURITY
SKIT/2023/CSE/0886,CSE (AI/ML),6,8.0,68.9,77.8,87.2,72.9,78.8,79.6,99.0,"cybersecurity,iot_embedded","[{""name"": ""linux"", ""level"": ""advanced""}, {""name"": ""python"", ""level"": ""intermediate""}, {""name"": ""cpp"", ""level"": ""intermediate""}, {""name"": ""git"", ""level"": ""intermediate""}, {""name"": ""docker"", ""level"": ""intermediate""}]",0,0,CYBERSECURITY
SKIT/2023/CSE/0589,CSE (AI/ML),6,7.24,75.9,77.4,80.7,64.6,63.5,65.2,74.4,mobile_dev,"[{""name"": ""flutter"", ""level"": ""advanced""}, {""name"": ""java"", ""level"": ""intermediate""}, {""name"": ""javascript"", ""level"": ""intermediate""}, {""name"": ""git"", ""level"": ""intermediate""}, {""name"": ""react"", ""level"": ""beginner""}]",1,1,MOBILE_APP_DEV
SKIT/2023/CSE/0629,CSE (IoT),5,7.93,78.2,79.2,85.9,71.4,76.3,74.5,72.6,"mobile_dev,cloud_devops","[{""name"": ""flutter"", ""level"": ""advanced""}, {""name"": ""java"", ""level"": ""intermediate""}, {""name"": ""javascript"", ""level"": ""intermediate""}, {""name"": ""git"", ""level"": ""intermediate""}, {""name"": ""typescript"", ""level"": ""intermediate""}, {""name"": ""react"", ""level"": ""intermediate""}]",4,1,MOBILE_APP_DEV
SKIT/2023/CSE/0570,CSE (IoT),7,6.33,62.9,58.6,64.0,65.8,53.3,83.8,81.5,cloud_devops,"[{""name"": ""docker"", ""level"": ""advanced""}, {""name"": ""linux"", ""level"": ""advanced""}, {""name"": ""aws"", ""level"": ""intermediate""}, {""name"": ""kubernetes"", ""level"": ""intermediate""}, {""name"": ""git"", ""level"": ""advanced""}, {""name"": ""python"", ""level"": ""intermediate""}, {""name"": ""nodejs"", ""level"": ""beginner""}, {""name"": ""sql"", ""level"": ""intermediate""}]",3,0,CLOUD_DEVOPS
SKIT/2023/CSE/0685,CSE (AI/ML),7,8.83,92.8,97.1,95.3,83.1,83.0,78.9,75.2,"mobile_dev,web_development","[{""name"": ""flutter"", ""level"": ""advanced""}, {""name"": ""java"", ""level"": ""intermediate""}, {""name"": ""javascript"", ""level"": ""intermediate""}, {""name"": ""git"", ""level"": ""intermediate""}, {""name"": ""sql"", ""level"": ""beginner""}]",2,1,MOBILE_APP_DEV
SKIT/2023/CSE/0776,CSE (AI/ML),7,7.97,74.3,93.7,83.1,82.1,81.8,70.7,81.8,"data_analytics,web_development","[{""name"": ""python"", ""level"": ""advanced""}, {""name"": ""sql"", ""level"": ""advanced""}, {""name"": ""postgresql"", ""level"": ""intermediate""}, {""name"": ""mysql"", ""level"": ""intermediate""}, {""name"": ""git"", ""level"": ""intermediate""}, {""name"": ""mongodb"", ""level"": ""beginner""}]",4,2,DATA_ANALYTICS
SKIT/2023/CSE/0251,CSE (AI/ML),7,8.89,83.1,89.5,97.7,87.6,99.0,74.5,81.4,"ai_ml,data_analytics","[{""name"": ""python"", ""level"": ""advanced""}, {""name"": ""scikit_learn"", ""level"": ""intermediate""}, {""name"": ""pytorch"", ""level"": ""intermediate""}, {""name"": ""sql"", ""level"": ""intermediate""}, {""name"": ""fastapi"", ""level"": ""intermediate""}, {""name"": ""linux"", ""level"": ""beginner""}, {""name"": ""docker"", ""level"": ""beginner""}]",1,0,AI_ML_ENGINEERING
SKIT/2023/CSE/0830,CSE,5,6.67,61.3,78.1,69.0,62.6,75.3,56.2,62.4,data_analytics,"[{""name"": ""python"", ""level"": ""advanced""}, {""name"": ""sql"", ""level"": ""advanced""}, {""name"": ""postgresql"", ""level"": ""intermediate""}, {""name"": ""mysql"", ""level"": ""intermediate""}]",1,3,DATA_ANALYTICS
SKIT/2023/CSE/0957,Information Technology,5,8.26,83.3,85.4,98.2,78.5,75.7,84.3,99.0,"cybersecurity,iot_embedded","[{""name"": ""linux"", ""level"": ""advanced""}, {""name"": ""python"", ""level"": ""intermediate""}, {""name"": ""git"", ""level"": ""intermediate""}, {""name"": ""docker"", ""level"": ""intermediate""}, {""name"": ""c"", ""level"": ""beginner""}, {""name"": ""aws"", ""level"": ""beginner""}]",2,1,CYBERSECURITY
SKIT/2023/CSE/0290,CSE (IoT),7,7.83,74.9,73.5,82.4,99.0,78.1,69.5,85.0,"iot_embedded,cybersecurity,ai_ml","[{""name"": ""esp32"", ""level"": ""intermediate""}, {""name"": ""arduino"", ""level"": ""advanced""}, {""name"": ""mqtt"", ""level"": ""intermediate""}, {""name"": ""c"", ""level"": ""intermediate""}, {""name"": ""influxdb"", ""level"": ""beginner""}]",3,1,IOT_EMBEDDED_SYSTEMS
SKIT/2023/CSE/0248,Information Technology,7,8.2,72.1,82.3,82.7,66.7,99.0,76.3,76.2,ai_ml,"[{""name"": ""python"", ""level"": ""advanced""}, {""name"": ""scikit_learn"", ""level"": ""intermediate""}, {""name"": ""pytorch"", ""level"": ""intermediate""}, {""name"": ""sql"", ""level"": ""intermediate""}, {""name"": ""tensorflow"", ""level"": ""beginner""}, {""name"": ""fastapi"", ""level"": ""beginner""}]",3,1,AI_ML_ENGINEERING
SKIT/2023/CSE/0996,CSE,5,8.57,77.3,77.3,82.1,89.4,77.9,94.7,99.0,"cybersecurity,cloud_devops","[{""name"": ""linux"", ""level"": ""advanced""}, {""name"": ""python"", ""level"": ""intermediate""}, {""name"": ""cpp"", ""level"": ""intermediate""}, {""name"": ""git"", ""level"": ""intermediate""}, {""name"": ""docker"", ""level"": ""beginner""}, {""name"": ""c"", ""level"": ""beginner""}, {""name"": ""aws"", ""level"": ""beginner""}]",3,0,CYBERSECURITY
SKIT/2023/CSE/0581,Information Technology,7,8.08,87.0,88.4,86.1,77.0,80.2,66.5,87.4,"mobile_dev,cloud_devops","[{""name"": ""flutter"", ""level"": ""advanced""}, {""name"": ""java"", ""level"": ""intermediate""}, {""name"": ""javascript"", ""level"": ""intermediate""}, {""name"": ""git"", ""level"": ""intermediate""}, {""name"": ""typescript"", ""level"": ""beginner""}, {""name"": ""sql"", ""level"": ""beginner""}]",5,2,MOBILE_APP_DEV
SKIT/2023/CSE/0065,Information Technology,7,7.87,98.1,82.2,87.9,86.3,73.0,72.6,82.1,"web_development,mobile_dev","[{""name"": ""react"", ""level"": ""intermediate""}, {""name"": ""html_css"", ""level"": ""advanced""}, {""name"": ""nodejs"", ""level"": ""intermediate""}, {""name"": ""mongodb"", ""level"": ""intermediate""}, {""name"": ""typescript"", ""level"": ""intermediate""}, {""name"": ""express"", ""level"": ""intermediate""}]",2,0,MERN_FULL_STACK
SKIT/2023/CSE/0021,CSE,6,6.43,76.7,77.4,63.6,63.3,65.0,56.5,60.8,"web_development,mobile_dev","[{""name"": ""html_css"", ""level"": ""advanced""}, {""name"": ""nodejs"", ""level"": ""intermediate""}, {""name"": ""mongodb"", ""level"": ""intermediate""}, {""name"": ""express"", ""level"": ""intermediate""}]",2,1,MERN_FULL_STACK
SKIT/2023/CSE/0414,CSE (IoT),6,8.32,76.8,76.9,82.3,99.0,76.0,77.0,96.4,iot_embedded,"[{""name"": ""cpp"", ""level"": ""advanced""}, {""name"": ""esp32"", ""level"": ""intermediate""}, {""name"": ""arduino"", ""level"": ""advanced""}, {""name"": ""mqtt"", ""level"": ""intermediate""}, {""name"": ""c"", ""level"": ""intermediate""}, {""name"": ""python"", ""level"": ""intermediate""}, {""name"": ""influxdb"", ""level"": ""intermediate""}, {""name"": ""raspberry_pi"", ""level"": ""beginner""}]",4,0,IOT_EMBEDDED_SYSTEMS
SKIT/2023/CSE/0765,CSE,5,7.62,70.4,97.5,90.3,77.2,97.2,67.8,68.3,data_analytics,"[{""name"": ""python"", ""level"": ""advanced""}, {""name"": ""sql"", ""level"": ""advanced""}, {""name"": ""postgresql"", ""level"": ""intermediate""}, {""name"": ""mysql"", ""level"": ""intermediate""}, {""name"": ""scikit_learn"", ""level"": ""beginner""}, {""name"": ""mongodb"", ""level"": ""intermediate""}]",2,0,DATA_ANALYTICS
SKIT/2023/CSE/0318,CSE (IoT),7,6.71,62.5,65.3,79.0,79.9,66.4,66.9,66.4,iot_embedded,"[{""name"": ""cpp"", ""level"": ""advanced""}, {""name"": ""esp32"", ""level"": ""intermediate""}, {""name"": ""arduino"", ""level"": ""advanced""}, {""name"": ""mqtt"", ""level"": ""intermediate""}, {""name"": ""c"", ""level"": ""intermediate""}, {""name"": ""python"", ""level"": ""beginner""}, {""name"": ""raspberry_pi"", ""level"": ""beginner""}]",7,0,IOT_EMBEDDED_SYSTEMS
SKIT/2023/CSE/0819,CSE (IoT),7,7.81,70.7,92.6,84.2,77.5,87.6,64.6,69.4,"data_analytics,ai_ml","[{""name"": ""python"", ""level"": ""advanced""}, {""name"": ""sql"", ""level"": ""advanced""}, {""name"": ""postgresql"", ""level"": ""intermediate""}, {""name"": ""mysql"", ""level"": ""intermediate""}, {""name"": ""git"", ""level"": ""intermediate""}]",4,2,DATA_ANALYTICS
SKIT/2023/CSE/0529,CSE (AI/ML),6,8.47,78.4,91.5,82.5,74.9,80.3,97.5,99.0,"cloud_devops,web_development","[{""name"": ""docker"", ""level"": ""advanced""}, {""name"": ""linux"", ""level"": ""advanced""}, {""name"": ""aws"", ""level"": ""intermediate""}, {""name"": ""kubernetes"", ""level"": ""intermediate""}, {""name"": ""git"", ""level"": ""advanced""}, {""name"": ""nodejs"", ""level"": ""beginner""}, {""name"": ""sql"", ""level"": ""beginner""}]",1,1,CLOUD_DEVOPS
SKIT/2023/CSE/0675,CSE (AI/ML),7,6.53,67.1,69.7,78.8,66.1,66.1,64.5,53.9,"mobile_dev,cloud_devops","[{""name"": ""flutter"", ""level"": ""advanced""}, {""name"": ""java"", ""level"": ""intermediate""}, {""name"": ""git"", ""level"": ""intermediate""}, {""name"": ""typescript"", ""level"": ""intermediate""}, {""name"": ""react"", ""level"": ""beginner""}]",4,5,MOBILE_APP_DEV
SKIT/2023/CSE/0883,CSE,6,8.06,77.4,70.2,85.5,77.5,70.9,79.8,99.0,"cybersecurity,cloud_devops","[{""name"": ""linux"", ""level"": ""advanced""}, {""name"": ""python"", ""level"": ""intermediate""}, {""name"": ""cpp"", ""level"": ""intermediate""}, {""name"": ""git"", ""level"": ""intermediate""}, {""name"": ""docker"", ""level"": ""intermediate""}, {""name"": ""c"", ""level"": ""beginner""}, {""name"": ""aws"", ""level"": ""beginner""}]",1,2,CYBERSECURITY
SKIT/2023/CSE/0279,CSE (AI/ML),7,6.33,60.7,69.7,70.8,58.4,75.0,56.2,60.6,"ai_ml,data_analytics","[{""name"": ""python"", ""level"": ""advanced""}, {""name"": ""scikit_learn"", ""level"": ""intermediate""}, {""name"": ""pytorch"", ""level"": ""intermediate""}, {""name"": ""sql"", ""level"": ""intermediate""}, {""name"": ""linux"", ""level"": ""beginner""}, {""name"": ""docker"", ""level"": ""beginner""}]",0,2,AI_ML_ENGINEERING
SKIT/2023/CSE/0102,CSE (AI/ML),7,8.25,99.0,83.1,80.0,74.9,77.2,78.8,81.9,"web_development,cloud_devops","[{""name"": ""javascript"", ""level"": ""advanced""}, {""name"": ""react"", ""level"": ""intermediate""}, {""name"": ""html_css"", ""level"": ""advanced""}, {""name"": ""nodejs"", ""level"": ""intermediate""}, {""name"": ""mongodb"", ""level"": ""intermediate""}, {""name"": ""typescript"", ""level"": ""intermediate""}, {""name"": ""git"", ""level"": ""beginner""}]",2,2,MERN_FULL_STACK
SKIT/2023/CSE/0707,CSE (AI/ML),6,8.64,91.7,86.4,99.0,78.5,82.4,81.8,74.8,"mobile_dev,web_development","[{""name"": ""flutter"", ""level"": ""advanced""}, {""name"": ""java"", ""level"": ""intermediate""}, {""name"": ""git"", ""level"": ""intermediate""}, {""name"": ""typescript"", ""level"": ""intermediate""}, {""name"": ""react"", ""level"": ""intermediate""}]",1,4,MOBILE_APP_DEV
SKIT/2023/CSE/0261,CSE (IoT),5,8.39,74.0,93.7,98.4,85.5,93.5,69.8,83.2,"ai_ml,cloud_devops,cybersecurity","[{""name"": ""python"", ""level"": ""advanced""}, {""name"": ""scikit_learn"", ""level"": ""intermediate""}, {""name"": ""pytorch"", ""level"": ""intermediate""}, {""name"": ""sql"", ""level"": ""intermediate""}, {""name"": ""git"", ""level"": ""beginner""}, {""name"": ""docker"", ""level"": ""beginner""}]",1,3,AI_ML_ENGINEERING
SKIT/2023/CSE/0535,CSE,7,6.51,60.7,57.9,62.8,63.6,61.6,80.5,67.6,cloud_devops,"[{""name"": ""docker"", ""level"": ""advanced""}, {""name"": ""linux"", ""level"": ""advanced""}, {""name"": ""aws"", ""level"": ""intermediate""}, {""name"": ""kubernetes"", ""level"": ""intermediate""}, {""name"": ""git"", ""level"": ""advanced""}, {""name"": ""python"", ""level"": ""beginner""}, {""name"": ""sql"", ""level"": ""intermediate""}]",1,3,CLOUD_DEVOPS
SKIT/2023/CSE/0380,Information Technology,7,8.45,80.8,85.3,88.9,99.0,78.8,79.9,76.4,iot_embedded,"[{""name"": ""cpp"", ""level"": ""advanced""}, {""name"": ""esp32"", ""level"": ""intermediate""}, {""name"": ""arduino"", ""level"": ""advanced""}, {""name"": ""mqtt"", ""level"": ""intermediate""}, {""name"": ""c"", ""level"": ""intermediate""}, {""name"": ""python"", ""level"": ""beginner""}, {""name"": ""influxdb"", ""level"": ""beginner""}, {""name"": ""linux"", ""level"": ""intermediate""}]",0,2,IOT_EMBEDDED_SYSTEMS
SKIT/2023/CSE/0739,CSE,5,7.36,68.5,84.3,69.4,75.2,74.7,71.1,74.3,"data_analytics,ai_ml","[{""name"": ""python"", ""level"": ""advanced""}, {""name"": ""sql"", ""level"": ""advanced""}, {""name"": ""postgresql"", ""level"": ""intermediate""}, {""name"": ""mysql"", ""level"": ""intermediate""}, {""name"": ""mongodb"", ""level"": ""beginner""}]",6,2,DATA_ANALYTICS
SKIT/2023/CSE/0275,Information Technology,6,8.18,79.8,76.9,93.1,79.0,99.0,80.0,83.2,"ai_ml,data_analytics","[{""name"": ""python"", ""level"": ""advanced""}, {""name"": ""pytorch"", ""level"": ""intermediate""}, {""name"": ""sql"", ""level"": ""intermediate""}, {""name"": ""tensorflow"", ""level"": ""beginner""}, {""name"": ""fastapi"", ""level"": ""intermediate""}, {""name"": ""linux"", ""level"": ""intermediate""}]",5,0,AI_ML_ENGINEERING
SKIT/2023/CSE/0113,Information Technology,7,7.85,93.9,92.2,83.1,77.3,79.9,72.8,70.4,"web_development,mobile_dev","[{""name"": ""javascript"", ""level"": ""advanced""}, {""name"": ""react"", ""level"": ""intermediate""}, {""name"": ""nodejs"", ""level"": ""intermediate""}, {""name"": ""mongodb"", ""level"": ""intermediate""}, {""name"": ""git"", ""level"": ""intermediate""}, {""name"": ""docker"", ""level"": ""beginner""}]",2,1,MERN_FULL_STACK
SKIT/2023/CSE/0149,CSE (AI/ML),6,8.67,84.5,87.2,99.0,76.4,99.0,87.4,79.0,"ai_ml,data_analytics","[{""name"": ""python"", ""level"": ""advanced""}, {""name"": ""scikit_learn"", ""level"": ""intermediate""}, {""name"": ""pytorch"", ""level"": ""intermediate""}, {""name"": ""sql"", ""level"": ""intermediate""}, {""name"": ""tensorflow"", ""level"": ""intermediate""}, {""name"": ""fastapi"", ""level"": ""intermediate""}, {""name"": ""docker"", ""level"": ""intermediate""}]",6,1,AI_ML_ENGINEERING
SKIT/2023/CSE/0658,CSE (AI/ML),5,7.57,90.3,75.9,84.7,76.3,73.5,77.7,69.7,"mobile_dev,cloud_devops,data_analytics","[{""name"": ""flutter"", ""level"": ""advanced""}, {""name"": ""java"", ""level"": ""intermediate""}, {""name"": ""javascript"", ""level"": ""intermediate""}, {""name"": ""git"", ""level"": ""intermediate""}, {""name"": ""typescript"", ""level"": ""beginner""}, {""name"": ""sql"", ""level"": ""beginner""}]",3,2,MOBILE_APP_DEV
SKIT/2023/CSE/0522,CSE (IoT),6,8.28,75.3,86.8,77.1,79.3,66.7,91.5,97.7,"cloud_devops,cybersecurity","[{""name"": ""docker"", ""level"": ""advanced""}, {""name"": ""aws"", ""level"": ""intermediate""}, {""name"": ""kubernetes"", ""level"": ""intermediate""}, {""name"": ""python"", ""level"": ""intermediate""}]",3,0,CLOUD_DEVOPS
SKIT/2023/CSE/0565,CSE (AI/ML),6,9.52,96.3,99.0,90.6,92.1,95.5,99.0,96.7,"cloud_devops,web_development","[{""name"": ""docker"", ""level"": ""advanced""}, {""name"": ""linux"", ""level"": ""advanced""}, {""name"": ""aws"", ""level"": ""intermediate""}, {""name"": ""kubernetes"", ""level"": ""intermediate""}, {""name"": ""git"", ""level"": ""advanced""}, {""name"": ""nodejs"", ""level"": ""intermediate""}, {""name"": ""sql"", ""level"": ""beginner""}]",3,1,CLOUD_DEVOPS
SKIT/2023/CSE/0225,CSE (IoT),6,8.92,84.5,97.5,92.9,76.2,99.0,92.6,83.4,"ai_ml,cloud_devops","[{""name"": ""python"", ""level"": ""advanced""}, {""name"": ""scikit_learn"", ""level"": ""intermediate""}, {""name"": ""pytorch"", ""level"": ""intermediate""}, {""name"": ""sql"", ""level"": ""intermediate""}, {""name"": ""tensorflow"", ""level"": ""intermediate""}, {""name"": ""fastapi"", ""level"": ""intermediate""}, {""name"": ""git"", ""level"": ""intermediate""}, {""name"": ""linux"", ""level"": ""beginner""}]",1,1,AI_ML_ENGINEERING
SKIT/2023/CSE/0394,CSE (IoT),5,7.98,73.7,79.6,80.9,94.4,77.1,70.8,79.4,"iot_embedded,cybersecurity","[{""name"": ""cpp"", ""level"": ""advanced""}, {""name"": ""esp32"", ""level"": ""intermediate""}, {""name"": ""arduino"", ""level"": ""advanced""}, {""name"": ""mqtt"", ""level"": ""intermediate""}, {""name"": ""c"", ""level"": ""intermediate""}, {""name"": ""influxdb"", ""level"": ""intermediate""}, {""name"": ""linux"", ""level"": ""beginner""}]",0,1,IOT_EMBEDDED_SYSTEMS
SKIT/2023/CSE/0498,CSE,6,6.62,54.0,69.0,71.4,66.4,53.2,78.1,76.9,"cloud_devops,cybersecurity","[{""name"": ""docker"", ""level"": ""advanced""}, {""name"": ""linux"", ""level"": ""advanced""}, {""name"": ""aws"", ""level"": ""intermediate""}, {""name"": ""kubernetes"", ""level"": ""intermediate""}, {""name"": ""git"", ""level"": ""advanced""}, {""name"": ""nodejs"", ""level"": ""beginner""}, {""name"": ""sql"", ""level"": ""beginner""}]",2,2,CLOUD_DEVOPS
SKIT/2023/CSE/0661,CSE (IoT),5,7.37,78.5,86.7,91.2,72.1,67.7,66.6,73.8,mobile_dev,"[{""name"": ""flutter"", ""level"": ""advanced""}, {""name"": ""java"", ""level"": ""intermediate""}, {""name"": ""javascript"", ""level"": ""intermediate""}, {""name"": ""git"", ""level"": ""intermediate""}, {""name"": ""typescript"", ""level"": ""intermediate""}, {""name"": ""sql"", ""level"": ""intermediate""}]",4,1,MOBILE_APP_DEV
SKIT/2023/CSE/0241,Information Technology,6,8.84,81.4,86.6,90.8,83.6,99.0,90.1,83.6,"ai_ml,data_analytics","[{""name"": ""python"", ""level"": ""advanced""}, {""name"": ""scikit_learn"", ""level"": ""intermediate""}, {""name"": ""pytorch"", ""level"": ""intermediate""}, {""name"": ""sql"", ""level"": ""intermediate""}, {""name"": ""fastapi"", ""level"": ""beginner""}, {""name"": ""git"", ""level"": ""intermediate""}, {""name"": ""docker"", ""level"": ""intermediate""}]",2,2,AI_ML_ENGINEERING
SKIT/2023/CSE/0800,CSE (AI/ML),5,8.38,74.7,98.7,91.4,76.8,89.4,70.6,77.7,"data_analytics,cybersecurity","[{""name"": ""python"", ""level"": ""advanced""}, {""name"": ""sql"", ""level"": ""advanced""}, {""name"": ""postgresql"", ""level"": ""intermediate""}, {""name"": ""mysql"", ""level"": ""intermediate""}, {""name"": ""git"", ""level"": ""beginner""}, {""name"": ""mongodb"", ""level"": ""beginner""}]",2,2,DATA_ANALYTICS
SKIT/2023/CSE/0018,CSE,6,8.66,99.0,90.7,92.1,78.4,81.1,79.8,82.7,"web_development,mobile_dev","[{""name"": ""javascript"", ""level"": ""advanced""}, {""name"": ""react"", ""level"": ""intermediate""}, {""name"": ""nodejs"", ""level"": ""intermediate""}, {""name"": ""mongodb"", ""level"": ""intermediate""}, {""name"": ""express"", ""level"": ""beginner""}, {""name"": ""docker"", ""level"": ""beginner""}]",2,1,MERN_FULL_STACK
SKIT/2023/CSE/0137,CSE (AI/ML),5,8.73,94.3,96.5,92.2,76.8,87.1,84.3,86.1,"web_development,mobile_dev,cybersecurity","[{""name"": ""javascript"", ""level"": ""advanced""}, {""name"": ""react"", ""level"": ""intermediate""}, {""name"": ""html_css"", ""level"": ""advanced""}, {""name"": ""mongodb"", ""level"": ""intermediate""}, {""name"": ""typescript"", ""level"": ""beginner""}, {""name"": ""express"", ""level"": ""beginner""}, {""name"": ""git"", ""level"": ""beginner""}, {""name"": ""docker"", ""level"": ""intermediate""}]",1,1,MERN_FULL_STACK
SKIT/2023/CSE/0449,CSE,7,7.41,70.9,72.3,70.4,68.0,64.8,99.0,81.0,"cloud_devops,web_development","[{""name"": ""docker"", ""level"": ""advanced""}, {""name"": ""linux"", ""level"": ""advanced""}, {""name"": ""aws"", ""level"": ""intermediate""}, {""name"": ""kubernetes"", ""level"": ""intermediate""}, {""name"": ""git"", ""level"": ""advanced""}, {""name"": ""nodejs"", ""level"": ""intermediate""}]",0,1,CLOUD_DEVOPS
SKIT/2023/CSE/0226,CSE (IoT),5,9.51,98.5,99.0,99.0,91.9,99.0,97.8,84.5,"ai_ml,data_analytics","[{""name"": ""python"", ""level"": ""advanced""}, {""name"": ""scikit_learn"", ""level"": ""intermediate""}, {""name"": ""pytorch"", ""level"": ""intermediate""}, {""name"": ""sql"", ""level"": ""intermediate""}, {""name"": ""tensorflow"", ""level"": ""beginner""}, {""name"": ""git"", ""level"": ""intermediate""}, {""name"": ""linux"", ""level"": ""beginner""}]",1,0,AI_ML_ENGINEERING
SKIT/2023/CSE/0492,CSE (AI/ML),5,7.68,76.8,81.1,74.5,74.9,74.2,98.5,88.3,"cloud_devops,cybersecurity","[{""name"": ""docker"", ""level"": ""advanced""}, {""name"": ""linux"", ""level"": ""advanced""}, {""name"": ""aws"", ""level"": ""intermediate""}, {""name"": ""kubernetes"", ""level"": ""intermediate""}, {""name"": ""git"", ""level"": ""advanced""}, {""name"": ""python"", ""level"": ""intermediate""}]",2,0,CLOUD_DEVOPS
SKIT/2023/CSE/0165,CSE (IoT),7,9.08,90.9,99.0,99.0,86.7,99.0,83.2,84.7,ai_ml,"[{""name"": ""python"", ""level"": ""advanced""}, {""name"": ""scikit_learn"", ""level"": ""intermediate""}, {""name"": ""pytorch"", ""level"": ""intermediate""}, {""name"": ""sql"", ""level"": ""intermediate""}, {""name"": ""git"", ""level"": ""intermediate""}, {""name"": ""docker"", ""level"": ""beginner""}]",2,2,AI_ML_ENGINEERING
SKIT/2023/CSE/0277,Information Technology,5,7.37,63.7,77.4,77.2,55.4,99.0,75.5,68.1,ai_ml,"[{""name"": ""python"", ""level"": ""advanced""}, {""name"": ""scikit_learn"", ""level"": ""intermediate""}, {""name"": ""pytorch"", ""level"": ""intermediate""}, {""name"": ""sql"", ""level"": ""intermediate""}, {""name"": ""linux"", ""level"": ""intermediate""}, {""name"": ""docker"", ""level"": ""beginner""}]",1,0,AI_ML_ENGINEERING
SKIT/2023/CSE/0400,CSE (IoT),7,8.27,77.9,82.6,82.6,98.9,82.7,79.7,88.5,"iot_embedded,cloud_devops","[{""name"": ""cpp"", ""level"": ""advanced""}, {""name"": ""esp32"", ""level"": ""intermediate""}, {""name"": ""arduino"", ""level"": ""advanced""}, {""name"": ""mqtt"", ""level"": ""intermediate""}, {""name"": ""c"", ""level"": ""intermediate""}, {""name"": ""linux"", ""level"": ""intermediate""}]",3,1,IOT_EMBEDDED_SYSTEMS
SKIT/2023/CSE/0489,CSE,6,8.11,84.5,85.4,82.1,90.2,80.0,99.0,96.6,"cloud_devops,web_development","[{""name"": ""docker"", ""level"": ""advanced""}, {""name"": ""linux"", ""level"": ""advanced""}, {""name"": ""aws"", ""level"": ""intermediate""}, {""name"": ""kubernetes"", ""level"": ""intermediate""}, {""name"": ""git"", ""level"": ""advanced""}, {""name"": ""python"", ""level"": ""beginner""}, {""name"": ""nodejs"", ""level"": ""intermediate""}, {""name"": ""sql"", ""level"": ""beginner""}]",2,2,CLOUD_DEVOPS
SKIT/2023/CSE/0860,Information Technology,6,7.53,72.5,67.8,81.6,77.4,63.1,72.9,97.7,"cybersecurity,cloud_devops","[{""name"": ""linux"", ""level"": ""advanced""}, {""name"": ""python"", ""level"": ""intermediate""}, {""name"": ""cpp"", ""level"": ""intermediate""}, {""name"": ""git"", ""level"": ""intermediate""}, {""name"": ""aws"", ""level"": ""beginner""}]",2,2,CYBERSECURITY
SKIT/2023/CSE/0283,CSE,6,8.95,74.0,95.6,82.6,80.2,99.0,82.1,79.2,"ai_ml,cloud_devops","[{""name"": ""python"", ""level"": ""advanced""}, {""name"": ""scikit_learn"", ""level"": ""intermediate""}, {""name"": ""pytorch"", ""level"": ""intermediate""}, {""name"": ""sql"", ""level"": ""intermediate""}, {""name"": ""tensorflow"", ""level"": ""intermediate""}, {""name"": ""git"", ""level"": ""beginner""}, {""name"": ""docker"", ""level"": ""beginner""}]",3,2,AI_ML_ENGINEERING
SKIT/2023/CSE/0885,CSE (AI/ML),7,7.39,71.3,78.7,74.5,63.7,65.9,85.7,90.8,"cybersecurity,iot_embedded","[{""name"": ""linux"", ""level"": ""advanced""}, {""name"": ""python"", ""level"": ""intermediate""}, {""name"": ""cpp"", ""level"": ""intermediate""}, {""name"": ""git"", ""level"": ""intermediate""}, {""name"": ""c"", ""level"": ""intermediate""}, {""name"": ""aws"", ""level"": ""intermediate""}]",0,5,CYBERSECURITY
SKIT/2023/CSE/0705,CSE (IoT),5,8.5,95.3,83.1,83.9,82.8,83.4,75.8,74.8,mobile_dev,"[{""name"": ""flutter"", ""level"": ""advanced""}, {""name"": ""java"", ""level"": ""intermediate""}, {""name"": ""javascript"", ""level"": ""intermediate""}, {""name"": ""git"", ""level"": ""intermediate""}, {""name"": ""typescript"", ""level"": ""beginner""}, {""name"": ""react"", ""level"": ""beginner""}]",2,1,MOBILE_APP_DEV
SKIT/2023/CSE/0206,CSE (IoT),7,7.55,76.4,82.2,82.0,72.7,88.9,70.8,68.4,"ai_ml,cloud_devops","[{""name"": ""python"", ""level"": ""advanced""}, {""name"": ""pytorch"", ""level"": ""intermediate""}, {""name"": ""sql"", ""level"": ""intermediate""}, {""name"": ""tensorflow"", ""level"": ""intermediate""}, {""name"": ""linux"", ""level"": ""intermediate""}, {""name"": ""docker"", ""level"": ""beginner""}]",4,0,AI_ML_ENGINEERING
SKIT/2023/CSE/0461,CSE (IoT),7,7.92,73.5,82.5,75.9,77.0,76.8,96.1,93.1,"cloud_devops,web_development","[{""name"": ""docker"", ""level"": ""advanced""}, {""name"": ""linux"", ""level"": ""advanced""}, {""name"": ""aws"", ""level"": ""intermediate""}, {""name"": ""kubernetes"", ""level"": ""intermediate""}, {""name"": ""git"", ""level"": ""advanced""}, {""name"": ""sql"", ""level"": ""intermediate""}]",3,0,CLOUD_DEVOPS
SKIT/2023/CSE/0230,CSE,7,7.21,64.8,76.1,82.9,76.4,87.5,68.3,62.4,"ai_ml,data_analytics","[{""name"": ""python"", ""level"": ""advanced""}, {""name"": ""scikit_learn"", ""level"": ""intermediate""}, {""name"": ""pytorch"", ""level"": ""intermediate""}, {""name"": ""sql"", ""level"": ""intermediate""}, {""name"": ""linux"", ""level"": ""intermediate""}]",4,1,AI_ML_ENGINEERING
SKIT/2023/CSE/0660,Information Technology,5,9.69,99.0,96.8,99.0,92.2,99.0,92.2,99.0,mobile_dev,"[{""name"": ""flutter"", ""level"": ""advanced""}, {""name"": ""java"", ""level"": ""intermediate""}, {""name"": ""javascript"", ""level"": ""intermediate""}, {""name"": ""git"", ""level"": ""intermediate""}, {""name"": ""typescript"", ""level"": ""beginner""}, {""name"": ""react"", ""level"": ""intermediate""}]",2,0,MOBILE_APP_DEV
SKIT/2023/CSE/0311,CSE (IoT),5,7.58,75.0,78.6,74.7,95.9,71.3,75.1,91.5,"iot_embedded,cloud_devops","[{""name"": ""cpp"", ""level"": ""advanced""}, {""name"": ""esp32"", ""level"": ""intermediate""}, {""name"": ""arduino"", ""level"": ""advanced""}, {""name"": ""mqtt"", ""level"": ""intermediate""}, {""name"": ""c"", ""level"": ""intermediate""}, {""name"": ""python"", ""level"": ""beginner""}, {""name"": ""influxdb"", ""level"": ""intermediate""}, {""name"": ""linux"", ""level"": ""beginner""}, {""name"": ""raspberry_pi"", ""level"": ""beginner""}]",1,0,IOT_EMBEDDED_SYSTEMS
SKIT/2023/CSE/0357,CSE (IoT),5,7.61,78.2,75.3,68.2,95.3,70.7,65.9,86.0,"iot_embedded,cloud_devops","[{""name"": ""cpp"", ""level"": ""advanced""}, {""name"": ""esp32"", ""level"": ""intermediate""}, {""name"": ""arduino"", ""level"": ""advanced""}, {""name"": ""mqtt"", ""level"": ""intermediate""}, {""name"": ""c"", ""level"": ""intermediate""}, {""name"": ""python"", ""level"": ""beginner""}, {""name"": ""influxdb"", ""level"": ""beginner""}]",1,0,IOT_EMBEDDED_SYSTEMS
SKIT/2023/CSE/0466,CSE,5,7.28,66.1,73.3,72.2,62.1,71.0,80.3,86.6,"cloud_devops,web_development","[{""name"": ""docker"", ""level"": ""advanced""}, {""name"": ""linux"", ""level"": ""advanced""}, {""name"": ""aws"", ""level"": ""intermediate""}, {""name"": ""kubernetes"", ""level"": ""intermediate""}, {""name"": ""git"", ""level"": ""advanced""}, {""name"": ""nodejs"", ""level"": ""intermediate""}]",1,0,CLOUD_DEVOPS
SKIT/2023/CSE/0601,CSE (IoT),5,8.74,90.3,87.0,99.0,81.8,81.2,80.7,71.4,"mobile_dev,web_development","[{""name"": ""flutter"", ""level"": ""advanced""}, {""name"": ""java"", ""level"": ""intermediate""}, {""name"": ""javascript"", ""level"": ""intermediate""}, {""name"": ""git"", ""level"": ""intermediate""}]",0,2,MOBILE_APP_DEV
SKIT/2023/CSE/0067,CSE (AI/ML),5,6.79,84.4,75.3,73.0,65.9,76.8,61.3,61.8,"web_development,cloud_devops","[{""name"": ""react"", ""level"": ""intermediate""}, {""name"": ""html_css"", ""level"": ""advanced""}, {""name"": ""nodejs"", ""level"": ""intermediate""}, {""name"": ""mongodb"", ""level"": ""intermediate""}, {""name"": ""express"", ""level"": ""intermediate""}, {""name"": ""git"", ""level"": ""beginner""}]",1,1,MERN_FULL_STACK
SKIT/2023/CSE/0543,Information Technology,6,8.46,81.5,88.5,78.6,81.4,87.6,98.2,94.3,"cloud_devops,web_development,mobile_dev","[{""name"": ""docker"", ""level"": ""advanced""}, {""name"": ""linux"", ""level"": ""advanced""}, {""name"": ""aws"", ""level"": ""intermediate""}, {""name"": ""kubernetes"", ""level"": ""intermediate""}, {""name"": ""git"", ""level"": ""advanced""}, {""name"": ""sql"", ""level"": ""beginner""}]",6,1,CLOUD_DEVOPS
SKIT/2023/CSE/0781,Information Technology,6,8.18,75.2,99.0,87.7,73.6,85.9,70.4,78.6,"data_analytics,ai_ml","[{""name"": ""python"", ""level"": ""advanced""}, {""name"": ""sql"", ""level"": ""advanced""}, {""name"": ""postgresql"", ""level"": ""intermediate""}, {""name"": ""mysql"", ""level"": ""intermediate""}, {""name"": ""git"", ""level"": ""beginner""}]",3,1,DATA_ANALYTICS
SKIT/2023/CSE/0988,Information Technology,5,8.41,85.1,82.7,99.0,88.1,82.1,87.7,93.4,cybersecurity,"[{""name"": ""linux"", ""level"": ""advanced""}, {""name"": ""python"", ""level"": ""intermediate""}, {""name"": ""cpp"", ""level"": ""intermediate""}, {""name"": ""git"", ""level"": ""intermediate""}]",5,2,CYBERSECURITY
SKIT/2023/CSE/0485,CSE (AI/ML),5,6.95,63.3,73.0,70.2,64.4,58.1,93.7,77.9,cloud_devops,"[{""name"": ""docker"", ""level"": ""advanced""}, {""name"": ""kubernetes"", ""level"": ""intermediate""}, {""name"": ""git"", ""level"": ""advanced""}, {""name"": ""python"", ""level"": ""beginner""}, {""name"": ""sql"", ""level"": ""beginner""}]",4,2,CLOUD_DEVOPS
SKIT/2023/CSE/0998,CSE,6,7.51,68.3,67.8,81.8,70.2,70.0,90.1,99.0,"cybersecurity,cloud_devops","[{""name"": ""linux"", ""level"": ""advanced""}, {""name"": ""python"", ""level"": ""intermediate""}, {""name"": ""cpp"", ""level"": ""intermediate""}, {""name"": ""git"", ""level"": ""intermediate""}, {""name"": ""docker"", ""level"": ""intermediate""}, {""name"": ""aws"", ""level"": ""beginner""}]",2,0,CYBERSECURITY
SKIT/2023/CSE/0788,CSE (AI/ML),7,7.15,72.8,84.0,72.4,68.7,76.4,75.7,71.9,"data_analytics,web_development","[{""name"": ""python"", ""level"": ""advanced""}, {""name"": ""sql"", ""level"": ""advanced""}, {""name"": ""mysql"", ""level"": ""intermediate""}]",2,1,DATA_ANALYTICS
SKIT/2023/CSE/0437,CSE,7,6.92,63.7,58.4,69.6,64.9,53.7,80.4,79.6,"cloud_devops,cybersecurity","[{""name"": ""docker"", ""level"": ""advanced""}, {""name"": ""linux"", ""level"": ""advanced""}, {""name"": ""aws"", ""level"": ""intermediate""}, {""name"": ""kubernetes"", ""level"": ""intermediate""}, {""name"": ""git"", ""level"": ""advanced""}, {""name"": ""python"", ""level"": ""intermediate""}, {""name"": ""nodejs"", ""level"": ""beginner""}, {""name"": ""sql"", ""level"": ""beginner""}]",1,1,CLOUD_DEVOPS
SKIT/2023/CSE/0182,Information Technology,6,8.9,88.6,91.2,99.0,79.2,98.5,88.8,87.4,"ai_ml,data_analytics","[{""name"": ""scikit_learn"", ""level"": ""intermediate""}, {""name"": ""pytorch"", ""level"": ""intermediate""}, {""name"": ""sql"", ""level"": ""intermediate""}, {""name"": ""tensorflow"", ""level"": ""beginner""}, {""name"": ""git"", ""level"": ""beginner""}, {""name"": ""linux"", ""level"": ""intermediate""}, {""name"": ""docker"", ""level"": ""beginner""}]",1,4,AI_ML_ENGINEERING
SKIT/2023/CSE/0287,CSE (IoT),6,7.23,65.0,71.3,65.5,82.9,78.0,65.1,81.7,"iot_embedded,cybersecurity","[{""name"": ""cpp"", ""level"": ""advanced""}, {""name"": ""esp32"", ""level"": ""intermediate""}, {""name"": ""arduino"", ""level"": ""advanced""}, {""name"": ""mqtt"", ""level"": ""intermediate""}, {""name"": ""c"", ""level"": ""intermediate""}, {""name"": ""python"", ""level"": ""intermediate""}, {""name"": ""influxdb"", ""level"": ""intermediate""}, {""name"": ""raspberry_pi"", ""level"": ""intermediate""}]",1,1,IOT_EMBEDDED_SYSTEMS
SKIT/2023/CSE/0291,CSE (AI/ML),7,9.51,85.6,86.2,99.0,99.0,87.2,93.3,99.0,"iot_embedded,cybersecurity","[{""name"": ""cpp"", ""level"": ""advanced""}, {""name"": ""esp32"", ""level"": ""intermediate""}, {""name"": ""arduino"", ""level"": ""advanced""}, {""name"": ""mqtt"", ""level"": ""intermediate""}, {""name"": ""c"", ""level"": ""intermediate""}, {""name"": ""influxdb"", ""level"": ""intermediate""}]",5,2,IOT_EMBEDDED_SYSTEMS
SKIT/2023/CSE/0145,Information Technology,6,7.89,64.2,82.9,90.4,73.0,91.7,68.1,65.7,"ai_ml,cloud_devops","[{""name"": ""python"", ""level"": ""advanced""}, {""name"": ""scikit_learn"", ""level"": ""intermediate""}, {""name"": ""pytorch"", ""level"": ""intermediate""}, {""name"": ""sql"", ""level"": ""intermediate""}, {""name"": ""git"", ""level"": ""beginner""}, {""name"": ""linux"", ""level"": ""beginner""}]",4,3,AI_ML_ENGINEERING
SKIT/2023/CSE/0295,CSE (IoT),7,8.14,79.2,74.4,84.9,99.0,82.0,72.4,96.4,iot_embedded,"[{""name"": ""cpp"", ""level"": ""advanced""}, {""name"": ""esp32"", ""level"": ""intermediate""}, {""name"": ""arduino"", ""level"": ""advanced""}, {""name"": ""mqtt"", ""level"": ""intermediate""}, {""name"": ""c"", ""level"": ""intermediate""}, {""name"": ""linux"", ""level"": ""intermediate""}, {""name"": ""raspberry_pi"", ""level"": ""beginner""}]",2,2,IOT_EMBEDDED_SYSTEMS
SKIT/2023/CSE/0903,CSE,6,8.28,82.5,78.7,79.0,72.6,77.2,85.0,96.1,"cybersecurity,iot_embedded","[{""name"": ""linux"", ""level"": ""advanced""}, {""name"": ""cpp"", ""level"": ""intermediate""}, {""name"": ""git"", ""level"": ""intermediate""}, {""name"": ""docker"", ""level"": ""beginner""}]",1,2,CYBERSECURITY
SKIT/2023/CSE/0114,CSE (IoT),7,8.32,97.8,86.6,83.4,80.1,78.2,72.4,83.6,"web_development,mobile_dev,data_analytics","[{""name"": ""javascript"", ""level"": ""advanced""}, {""name"": ""react"", ""level"": ""intermediate""}, {""name"": ""html_css"", ""level"": ""advanced""}, {""name"": ""nodejs"", ""level"": ""intermediate""}, {""name"": ""mongodb"", ""level"": ""intermediate""}, {""name"": ""typescript"", ""level"": ""intermediate""}, {""name"": ""git"", ""level"": ""intermediate""}]",6,4,MERN_FULL_STACK
SKIT/2023/CSE/0997,CSE (IoT),6,7.75,70.9,71.0,88.3,77.5,72.6,88.0,98.5,"cybersecurity,cloud_devops","[{""name"": ""python"", ""level"": ""intermediate""}, {""name"": ""cpp"", ""level"": ""intermediate""}, {""name"": ""docker"", ""level"": ""intermediate""}]",1,0,CYBERSECURITY
SKIT/2023/CSE/0209,CSE (AI/ML),6,7.94,74.8,85.2,86.5,78.1,99.0,79.3,76.9,"ai_ml,cloud_devops,iot_embedded","[{""name"": ""python"", ""level"": ""advanced""}, {""name"": ""scikit_learn"", ""level"": ""intermediate""}, {""name"": ""pytorch"", ""level"": ""intermediate""}, {""name"": ""sql"", ""level"": ""intermediate""}, {""name"": ""fastapi"", ""level"": ""beginner""}, {""name"": ""linux"", ""level"": ""beginner""}]",2,2,AI_ML_ENGINEERING
SKIT/2023/CSE/0297,CSE (IoT),5,6.57,56.1,48.8,73.1,84.5,67.6,56.7,74.5,"iot_embedded,cybersecurity","[{""name"": ""cpp"", ""level"": ""advanced""}, {""name"": ""esp32"", ""level"": ""intermediate""}, {""name"": ""arduino"", ""level"": ""advanced""}, {""name"": ""mqtt"", ""level"": ""intermediate""}, {""name"": ""c"", ""level"": ""intermediate""}, {""name"": ""python"", ""level"": ""intermediate""}, {""name"": ""raspberry_pi"", ""level"": ""beginner""}]",2,2,IOT_EMBEDDED_SYSTEMS
SKIT/2023/CSE/0537,CSE (AI/ML),7,7.44,70.5,73.2,79.7,66.4,67.4,87.8,95.7,cloud_devops,"[{""name"": ""docker"", ""level"": ""advanced""}, {""name"": ""linux"", ""level"": ""advanced""}, {""name"": ""aws"", ""level"": ""intermediate""}, {""name"": ""kubernetes"", ""level"": ""intermediate""}, {""name"": ""git"", ""level"": ""advanced""}, {""name"": ""python"", ""level"": ""beginner""}, {""name"": ""nodejs"", ""level"": ""beginner""}]",2,1,CLOUD_DEVOPS
SKIT/2023/CSE/0470,Information Technology,6,7.83,75.7,76.8,80.4,71.4,66.0,95.8,90.6,"cloud_devops,web_development","[{""name"": ""docker"", ""level"": ""advanced""}, {""name"": ""linux"", ""level"": ""advanced""}, {""name"": ""kubernetes"", ""level"": ""intermediate""}, {""name"": ""git"", ""level"": ""advanced""}, {""name"": ""python"", ""level"": ""beginner""}, {""name"": ""nodejs"", ""level"": ""beginner""}]",3,0,CLOUD_DEVOPS
SKIT/2023/CSE/0767,CSE (AI/ML),6,6.94,70.5,85.7,69.9,68.8,83.0,62.3,72.1,data_analytics,"[{""name"": ""python"", ""level"": ""advanced""}, {""name"": ""sql"", ""level"": ""advanced""}, {""name"": ""postgresql"", ""level"": ""intermediate""}, {""name"": ""mysql"", ""level"": ""intermediate""}, {""name"": ""git"", ""level"": ""beginner""}, {""name"": ""mongodb"", ""level"": ""beginner""}]",4,0,DATA_ANALYTICS
SKIT/2023/CSE/0062,CSE (IoT),7,6.21,82.7,62.4,63.9,64.4,59.6,63.1,62.1,"web_development,cloud_devops,iot_embedded","[{""name"": ""javascript"", ""level"": ""advanced""}, {""name"": ""react"", ""level"": ""intermediate""}, {""name"": ""html_css"", ""level"": ""advanced""}, {""name"": ""nodejs"", ""level"": ""intermediate""}, {""name"": ""mongodb"", ""level"": ""intermediate""}, {""name"": ""typescript"", ""level"": ""intermediate""}, {""name"": ""git"", ""level"": ""intermediate""}]",4,0,MERN_FULL_STACK
SKIT/2023/CSE/0854,CSE,7,6.47,64.3,79.7,59.2,58.0,84.4,63.5,65.3,data_analytics,"[{""name"": ""python"", ""level"": ""advanced""}, {""name"": ""sql"", ""level"": ""advanced""}, {""name"": ""postgresql"", ""level"": ""intermediate""}, {""name"": ""mysql"", ""level"": ""intermediate""}, {""name"": ""git"", ""level"": ""beginner""}, {""name"": ""mongodb"", ""level"": ""beginner""}]",0,1,DATA_ANALYTICS
SKIT/2023/CSE/0911,CSE (AI/ML),6,7.73,70.9,71.0,83.6,74.0,71.1,84.1,99.0,"cybersecurity,iot_embedded","[{""name"": ""linux"", ""level"": ""advanced""}, {""name"": ""python"", ""level"": ""intermediate""}, {""name"": ""cpp"", ""level"": ""intermediate""}, {""name"": ""git"", ""level"": ""intermediate""}, {""name"": ""c"", ""level"": ""beginner""}, {""name"": ""aws"", ""level"": ""beginner""}]",3,2,CYBERSECURITY
SKIT/2023/CSE/0801,CSE (IoT),6,9.28,93.2,99.0,99.0,93.1,99.0,84.3,93.7,"data_analytics,cloud_devops","[{""name"": ""python"", ""level"": ""advanced""}, {""name"": ""sql"", ""level"": ""advanced""}, {""name"": ""postgresql"", ""level"": ""intermediate""}, {""name"": ""mysql"", ""level"": ""intermediate""}, {""name"": ""mongodb"", ""level"": ""intermediate""}]",1,0,DATA_ANALYTICS
SKIT/2023/CSE/0063,CSE (AI/ML),7,8.54,99.0,93.3,86.0,86.7,80.7,78.8,85.5,web_development,"[{""name"": ""javascript"", ""level"": ""advanced""}, {""name"": ""react"", ""level"": ""intermediate""}, {""name"": ""html_css"", ""level"": ""advanced""}, {""name"": ""nodejs"", ""level"": ""intermediate""}, {""name"": ""mongodb"", ""level"": ""intermediate""}, {""name"": ""express"", ""level"": ""intermediate""}, {""name"": ""git"", ""level"": ""intermediate""}, {""name"": ""docker"", ""level"": ""beginner""}]",1,1,MERN_FULL_STACK
SKIT/2023/CSE/0163,CSE (IoT),5,6.15,58.3,68.1,63.7,55.3,78.5,63.2,53.3,ai_ml,"[{""name"": ""python"", ""level"": ""advanced""}, {""name"": ""pytorch"", ""level"": ""intermediate""}, {""name"": ""sql"", ""level"": ""intermediate""}, {""name"": ""fastapi"", ""level"": ""intermediate""}]",0,1,AI_ML_ENGINEERING
SKIT/2023/CSE/0475,Information Technology,7,8.41,72.3,80.5,88.2,76.2,75.7,90.5,94.1,"cloud_devops,web_development","[{""name"": ""linux"", ""level"": ""advanced""}, {""name"": ""aws"", ""level"": ""intermediate""}, {""name"": ""kubernetes"", ""level"": ""intermediate""}, {""name"": ""git"", ""level"": ""advanced""}, {""name"": ""nodejs"", ""level"": ""beginner""}, {""name"": ""sql"", ""level"": ""beginner""}]",3,3,CLOUD_DEVOPS
SKIT/2023/CSE/0444,Information Technology,6,7.6,71.4,80.8,75.8,75.3,73.5,99.0,80.6,cloud_devops,"[{""name"": ""linux"", ""level"": ""advanced""}, {""name"": ""aws"", ""level"": ""intermediate""}, {""name"": ""kubernetes"", ""level"": ""intermediate""}, {""name"": ""git"", ""level"": ""advanced""}, {""name"": ""nodejs"", ""level"": ""intermediate""}]",0,0,CLOUD_DEVOPS
SKIT/2023/CSE/0004,CSE (AI/ML),5,7.59,92.1,75.8,83.6,86.0,78.1,73.2,76.5,web_development,"[{""name"": ""javascript"", ""level"": ""advanced""}, {""name"": ""react"", ""level"": ""intermediate""}, {""name"": ""html_css"", ""level"": ""advanced""}, {""name"": ""nodejs"", ""level"": ""intermediate""}, {""name"": ""mongodb"", ""level"": ""intermediate""}, {""name"": ""docker"", ""level"": ""beginner""}]",1,0,MERN_FULL_STACK
SKIT/2023/CSE/0259,CSE (AI/ML),6,7.87,73.4,90.0,73.7,72.0,90.4,75.8,75.1,"ai_ml,cloud_devops","[{""name"": ""python"", ""level"": ""advanced""}, {""name"": ""scikit_learn"", ""level"": ""intermediate""}, {""name"": ""pytorch"", ""level"": ""intermediate""}, {""name"": ""sql"", ""level"": ""intermediate""}, {""name"": ""fastapi"", ""level"": ""beginner""}]",0,2,AI_ML_ENGINEERING
SKIT/2023/CSE/0051,CSE (AI/ML),7,8.54,99.0,84.7,80.7,79.5,89.5,79.8,73.6,web_development,"[{""name"": ""javascript"", ""level"": ""advanced""}, {""name"": ""react"", ""level"": ""intermediate""}, {""name"": ""html_css"", ""level"": ""advanced""}, {""name"": ""mongodb"", ""level"": ""intermediate""}, {""name"": ""express"", ""level"": ""beginner""}, {""name"": ""docker"", ""level"": ""beginner""}]",1,1,MERN_FULL_STACK
SKIT/2023/CSE/0448,CSE,7,8.75,82.9,95.0,83.4,73.9,67.5,99.0,97.8,"cloud_devops,cybersecurity","[{""name"": ""docker"", ""level"": ""advanced""}, {""name"": ""linux"", ""level"": ""advanced""}, {""name"": ""aws"", ""level"": ""intermediate""}, {""name"": ""kubernetes"", ""level"": ""intermediate""}, {""name"": ""git"", ""level"": ""advanced""}, {""name"": ""python"", ""level"": ""intermediate""}, {""name"": ""nodejs"", ""level"": ""intermediate""}, {""name"": ""sql"", ""level"": ""beginner""}]",5,1,CLOUD_DEVOPS
SKIT/2023/CSE/0281,CSE (AI/ML),6,8.53,80.8,88.2,89.3,87.0,97.9,81.3,81.3,"ai_ml,cloud_devops","[{""name"": ""python"", ""level"": ""advanced""}, {""name"": ""scikit_learn"", ""level"": ""intermediate""}, {""name"": ""pytorch"", ""level"": ""intermediate""}, {""name"": ""sql"", ""level"": ""intermediate""}, {""name"": ""tensorflow"", ""level"": ""intermediate""}, {""name"": ""git"", ""level"": ""beginner""}, {""name"": ""linux"", ""level"": ""beginner""}, {""name"": ""docker"", ""level"": ""intermediate""}]",2,1,AI_ML_ENGINEERING
SKIT/2023/CSE/0501,Information Technology,5,6.47,66.6,63.2,54.6,61.9,66.4,93.8,80.4,"cloud_devops,web_development","[{""name"": ""docker"", ""level"": ""advanced""}, {""name"": ""linux"", ""level"": ""advanced""}, {""name"": ""aws"", ""level"": ""intermediate""}, {""name"": ""kubernetes"", ""level"": ""intermediate""}, {""name"": ""git"", ""level"": ""advanced""}, {""name"": ""nodejs"", ""level"": ""beginner""}, {""name"": ""sql"", ""level"": ""beginner""}]",2,0,CLOUD_DEVOPS
SKIT/2023/CSE/0502,CSE (AI/ML),7,9.74,83.3,98.0,95.4,84.5,87.9,99.0,99.0,"cloud_devops,cybersecurity","[{""name"": ""docker"", ""level"": ""advanced""}, {""name"": ""linux"", ""level"": ""advanced""}, {""name"": ""aws"", ""level"": ""intermediate""}, {""name"": ""kubernetes"", ""level"": ""intermediate""}, {""name"": ""git"", ""level"": ""advanced""}, {""name"": ""python"", ""level"": ""intermediate""}, {""name"": ""nodejs"", ""level"": ""beginner""}]",4,2,CLOUD_DEVOPS
SKIT/2023/CSE/0249,CSE,7,6.78,66.1,70.5,71.9,61.4,83.9,64.8,61.8,"ai_ml,data_analytics","[{""name"": ""scikit_learn"", ""level"": ""intermediate""}, {""name"": ""sql"", ""level"": ""intermediate""}, {""name"": ""tensorflow"", ""level"": ""intermediate""}, {""name"": ""fastapi"", ""level"": ""intermediate""}, {""name"": ""git"", ""level"": ""intermediate""}, {""name"": ""linux"", ""level"": ""beginner""}]",1,1,AI_ML_ENGINEERING
SKIT/2023/CSE/0679,CSE (AI/ML),5,9.39,99.0,99.0,99.0,89.9,84.2,90.6,88.6,"mobile_dev,web_development,data_analytics","[{""name"": ""javascript"", ""level"": ""intermediate""}, {""name"": ""git"", ""level"": ""intermediate""}, {""name"": ""sql"", ""level"": ""beginner""}]",2,0,MOBILE_APP_DEV
SKIT/2023/CSE/0974,CSE (IoT),6,6.86,67.0,63.3,77.4,65.0,65.6,72.6,90.1,"cybersecurity,cloud_devops","[{""name"": ""linux"", ""level"": ""advanced""}, {""name"": ""python"", ""level"": ""intermediate""}, {""name"": ""cpp"", ""level"": ""intermediate""}, {""name"": ""git"", ""level"": ""intermediate""}, {""name"": ""c"", ""level"": ""intermediate""}]",2,2,CYBERSECURITY
SKIT/2023/CSE/0682,CSE (IoT),5,5.5,71.4,65.2,67.3,51.5,57.7,52.0,50.9,"mobile_dev,cloud_devops","[{""name"": ""flutter"", ""level"": ""advanced""}, {""name"": ""java"", ""level"": ""intermediate""}, {""name"": ""javascript"", ""level"": ""intermediate""}, {""name"": ""git"", ""level"": ""intermediate""}, {""name"": ""typescript"", ""level"": ""beginner""}, {""name"": ""sql"", ""level"": ""beginner""}]",3,1,MOBILE_APP_DEV
SKIT/2023/CSE/0891,CSE,7,7.26,72.1,62.5,79.9,71.8,68.0,82.8,84.0,cybersecurity,"[{""name"": ""linux"", ""level"": ""advanced""}, {""name"": ""python"", ""level"": ""intermediate""}, {""name"": ""cpp"", ""level"": ""intermediate""}, {""name"": ""git"", ""level"": ""intermediate""}, {""name"": ""docker"", ""level"": ""beginner""}, {""name"": ""c"", ""level"": ""beginner""}]",1,1,CYBERSECURITY
SKIT/2023/CSE/0193,CSE,6,7.61,73.6,88.6,85.9,67.9,99.0,72.5,71.0,ai_ml,"[{""name"": ""scikit_learn"", ""level"": ""intermediate""}, {""name"": ""pytorch"", ""level"": ""intermediate""}, {""name"": ""sql"", ""level"": ""intermediate""}, {""name"": ""linux"", ""level"": ""intermediate""}, {""name"": ""docker"", ""level"": ""beginner""}]",3,1,AI_ML_ENGINEERING
SKIT/2023/CSE/0362,CSE (IoT),7,8.57,89.8,77.4,92.8,92.6,75.5,76.6,86.7,iot_embedded,"[{""name"": ""cpp"", ""level"": ""advanced""}, {""name"": ""esp32"", ""level"": ""intermediate""}, {""name"": ""arduino"", ""level"": ""advanced""}, {""name"": ""mqtt"", ""level"": ""intermediate""}, {""name"": ""c"", ""level"": ""intermediate""}, {""name"": ""influxdb"", ""level"": ""intermediate""}, {""name"": ""raspberry_pi"", ""level"": ""intermediate""}]",3,1,IOT_EMBEDDED_SYSTEMS
SKIT/2023/CSE/0399,CSE (IoT),7,7.13,61.1,65.8,75.9,91.0,74.0,71.7,84.6,iot_embedded,"[{""name"": ""cpp"", ""level"": ""advanced""}, {""name"": ""esp32"", ""level"": ""intermediate""}, {""name"": ""arduino"", ""level"": ""advanced""}, {""name"": ""mqtt"", ""level"": ""intermediate""}, {""name"": ""c"", ""level"": ""intermediate""}, {""name"": ""python"", ""level"": ""intermediate""}, {""name"": ""linux"", ""level"": ""intermediate""}, {""name"": ""raspberry_pi"", ""level"": ""intermediate""}]",3,2,IOT_EMBEDDED_SYSTEMS
SKIT/2023/CSE/0994,CSE (AI/ML),6,7.59,67.3,62.5,74.2,72.7,69.5,80.1,92.6,cybersecurity,"[{""name"": ""linux"", ""level"": ""advanced""}, {""name"": ""python"", ""level"": ""intermediate""}, {""name"": ""cpp"", ""level"": ""intermediate""}, {""name"": ""git"", ""level"": ""intermediate""}]",2,0,CYBERSECURITY
SKIT/2023/CSE/0150,Information Technology,6,9.23,91.6,90.7,99.0,86.4,99.0,82.8,85.5,"ai_ml,data_analytics","[{""name"": ""python"", ""level"": ""advanced""}, {""name"": ""scikit_learn"", ""level"": ""intermediate""}, {""name"": ""pytorch"", ""level"": ""intermediate""}, {""name"": ""tensorflow"", ""level"": ""beginner""}, {""name"": ""fastapi"", ""level"": ""intermediate""}, {""name"": ""linux"", ""level"": ""intermediate""}]",0,2,AI_ML_ENGINEERING
SKIT/2023/CSE/0651,CSE (AI/ML),7,7.17,85.8,73.5,86.0,60.8,69.3,58.2,66.8,"mobile_dev,web_development","[{""name"": ""flutter"", ""level"": ""advanced""}, {""name"": ""java"", ""level"": ""intermediate""}, {""name"": ""javascript"", ""level"": ""intermediate""}, {""name"": ""git"", ""level"": ""intermediate""}, {""name"": ""typescript"", ""level"": ""beginner""}, {""name"": ""react"", ""level"": ""intermediate""}, {""name"": ""sql"", ""level"": ""beginner""}]",2,2,MOBILE_APP_DEV
SKIT/2023/CSE/0879,Information Technology,5,7.86,80.0,66.3,80.7,69.4,69.2,88.4,97.6,"cybersecurity,iot_embedded,data_analytics","[{""name"": ""linux"", ""level"": ""advanced""}, {""name"": ""python"", ""level"": ""intermediate""}, {""name"": ""cpp"", ""level"": ""intermediate""}, {""name"": ""git"", ""level"": ""intermediate""}]",4,1,CYBERSECURITY
SKIT/2023/CSE/0207,CSE,7,6.67,56.0,70.4,70.3,72.2,82.0,69.8,68.2,"ai_ml,data_analytics","[{""name"": ""python"", ""level"": ""advanced""}, {""name"": ""scikit_learn"", ""level"": ""intermediate""}, {""name"": ""pytorch"", ""level"": ""intermediate""}, {""name"": ""sql"", ""level"": ""intermediate""}, {""name"": ""tensorflow"", ""level"": ""beginner""}, {""name"": ""linux"", ""level"": ""intermediate""}]",0,0,AI_ML_ENGINEERING
SKIT/2023/CSE/0680,CSE (AI/ML),5,8.5,87.1,89.0,86.9,82.4,84.1,72.6,74.1,"mobile_dev,cloud_devops,web_development","[{""name"": ""flutter"", ""level"": ""advanced""}, {""name"": ""java"", ""level"": ""intermediate""}, {""name"": ""javascript"", ""level"": ""intermediate""}, {""name"": ""git"", ""level"": ""intermediate""}, {""name"": ""typescript"", ""level"": ""intermediate""}, {""name"": ""sql"", ""level"": ""intermediate""}]",1,1,MOBILE_APP_DEV
SKIT/2023/CSE/0455,CSE,6,7.87,81.3,73.1,72.8,82.7,77.6,99.0,84.6,"cloud_devops,web_development","[{""name"": ""docker"", ""level"": ""advanced""}, {""name"": ""linux"", ""level"": ""advanced""}, {""name"": ""aws"", ""level"": ""intermediate""}, {""name"": ""kubernetes"", ""level"": ""intermediate""}, {""name"": ""git"", ""level"": ""advanced""}, {""name"": ""sql"", ""level"": ""beginner""}]",2,2,CLOUD_DEVOPS
SKIT/2023/CSE/0282,CSE (IoT),7,7.26,74.4,74.2,87.0,75.0,90.4,70.7,70.4,"ai_ml,data_analytics","[{""name"": ""python"", ""level"": ""advanced""}, {""name"": ""scikit_learn"", ""level"": ""intermediate""}, {""name"": ""pytorch"", ""level"": ""intermediate""}, {""name"": ""fastapi"", ""level"": ""intermediate""}, {""name"": ""git"", ""level"": ""beginner""}, {""name"": ""linux"", ""level"": ""beginner""}]",0,1,AI_ML_ENGINEERING
SKIT/2023/CSE/0697,CSE,7,8.15,93.4,91.0,99.0,77.1,83.4,75.7,81.9,"mobile_dev,cloud_devops","[{""name"": ""flutter"", ""level"": ""advanced""}, {""name"": ""java"", ""level"": ""intermediate""}, {""name"": ""javascript"", ""level"": ""intermediate""}, {""name"": ""git"", ""level"": ""intermediate""}]",4,0,MOBILE_APP_DEV
SKIT/2023/CSE/0532,Information Technology,5,6.76,59.4,69.0,64.5,66.1,62.2,84.4,77.7,"cloud_devops,cybersecurity","[{""name"": ""docker"", ""level"": ""advanced""}, {""name"": ""linux"", ""level"": ""advanced""}, {""name"": ""aws"", ""level"": ""intermediate""}, {""name"": ""kubernetes"", ""level"": ""intermediate""}, {""name"": ""git"", ""level"": ""advanced""}, {""name"": ""sql"", ""level"": ""intermediate""}]",3,2,CLOUD_DEVOPS
SKIT/2023/CSE/0676,CSE (AI/ML),6,8.36,90.6,94.2,81.6,89.7,70.9,76.3,79.2,"mobile_dev,web_development","[{""name"": ""flutter"", ""level"": ""advanced""}, {""name"": ""java"", ""level"": ""intermediate""}, {""name"": ""javascript"", ""level"": ""intermediate""}, {""name"": ""git"", ""level"": ""intermediate""}, {""name"": ""react"", ""level"": ""intermediate""}]",3,0,MOBILE_APP_DEV
SKIT/2023/CSE/0388,CSE (IoT),6,7.74,74.8,74.0,83.6,99.0,68.3,77.9,79.6,"iot_embedded,cloud_devops","[{""name"": ""cpp"", ""level"": ""advanced""}, {""name"": ""esp32"", ""level"": ""intermediate""}, {""name"": ""arduino"", ""level"": ""advanced""}, {""name"": ""mqtt"", ""level"": ""intermediate""}, {""name"": ""c"", ""level"": ""intermediate""}, {""name"": ""python"", ""level"": ""intermediate""}, {""name"": ""influxdb"", ""level"": ""intermediate""}]",0,0,IOT_EMBEDDED_SYSTEMS
SKIT/2023/CSE/0421,CSE (IoT),5,7.41,72.5,73.4,81.2,99.0,73.0,65.2,81.1,"iot_embedded,cybersecurity","[{""name"": ""esp32"", ""level"": ""intermediate""}, {""name"": ""arduino"", ""level"": ""advanced""}, {""name"": ""c"", ""level"": ""intermediate""}, {""name"": ""influxdb"", ""level"": ""beginner""}, {""name"": ""linux"", ""level"": ""beginner""}]",3,2,IOT_EMBEDDED_SYSTEMS
SKIT/2023/CSE/0333,CSE (IoT),5,7.75,79.2,74.0,75.8,99.0,72.5,76.2,83.2,iot_embedded,"[{""name"": ""cpp"", ""level"": ""advanced""}, {""name"": ""esp32"", ""level"": ""intermediate""}, {""name"": ""arduino"", ""level"": ""advanced""}, {""name"": ""mqtt"", ""level"": ""intermediate""}, {""name"": ""c"", ""level"": ""intermediate""}, {""name"": ""python"", ""level"": ""intermediate""}, {""name"": ""influxdb"", ""level"": ""intermediate""}, {""name"": ""linux"", ""level"": ""intermediate""}]",1,2,IOT_EMBEDDED_SYSTEMS
SKIT/2023/CSE/0378,CSE (IoT),5,8.19,75.3,75.4,84.4,92.3,82.6,84.2,86.7,"iot_embedded,cloud_devops","[{""name"": ""cpp"", ""level"": ""advanced""}, {""name"": ""esp32"", ""level"": ""intermediate""}, {""name"": ""arduino"", ""level"": ""advanced""}, {""name"": ""mqtt"", ""level"": ""intermediate""}, {""name"": ""c"", ""level"": ""intermediate""}, {""name"": ""influxdb"", ""level"": ""intermediate""}, {""name"": ""linux"", ""level"": ""beginner""}, {""name"": ""raspberry_pi"", ""level"": ""intermediate""}]",5,2,IOT_EMBEDDED_SYSTEMS
SKIT/2023/CSE/0890,CSE (AI/ML),6,8.14,72.2,74.4,86.2,85.1,72.1,82.3,99.0,"cybersecurity,iot_embedded","[{""name"": ""linux"", ""level"": ""advanced""}, {""name"": ""python"", ""level"": ""intermediate""}, {""name"": ""cpp"", ""level"": ""intermediate""}, {""name"": ""c"", ""level"": ""beginner""}]",7,4,CYBERSECURITY
SKIT/2023/CSE/0127,CSE (IoT),5,8.37,95.3,94.6,98.8,78.0,80.3,81.4,88.6,"web_development,cloud_devops","[{""name"": ""javascript"", ""level"": ""advanced""}, {""name"": ""react"", ""level"": ""intermediate""}, {""name"": ""nodejs"", ""level"": ""intermediate""}, {""name"": ""mongodb"", ""level"": ""intermediate""}, {""name"": ""typescript"", ""level"": ""beginner""}]",0,1,MERN_FULL_STACK
SKIT/2023/CSE/0805,CSE (IoT),5,7.91,74.1,93.9,83.8,71.0,89.8,77.4,76.2,"data_analytics,ai_ml","[{""name"": ""python"", ""level"": ""advanced""}, {""name"": ""sql"", ""level"": ""advanced""}, {""name"": ""postgresql"", ""level"": ""intermediate""}, {""name"": ""mysql"", ""level"": ""intermediate""}]",4,1,DATA_ANALYTICS
SKIT/2023/CSE/0664,CSE (IoT),5,6.33,70.8,67.4,73.9,63.7,77.1,62.4,60.2,"mobile_dev,web_development","[{""name"": ""flutter"", ""level"": ""advanced""}, {""name"": ""java"", ""level"": ""intermediate""}, {""name"": ""javascript"", ""level"": ""intermediate""}, {""name"": ""react"", ""level"": ""beginner""}, {""name"": ""sql"", ""level"": ""beginner""}]",2,1,MOBILE_APP_DEV
SKIT/2023/CSE/0742,CSE (AI/ML),6,6.92,65.7,81.0,71.7,68.1,80.5,71.0,67.2,"data_analytics,ai_ml","[{""name"": ""python"", ""level"": ""advanced""}, {""name"": ""sql"", ""level"": ""advanced""}, {""name"": ""postgresql"", ""level"": ""intermediate""}, {""name"": ""mysql"", ""level"": ""intermediate""}, {""name"": ""scikit_learn"", ""level"": ""beginner""}, {""name"": ""git"", ""level"": ""beginner""}, {""name"": ""mongodb"", ""level"": ""beginner""}]",1,1,DATA_ANALYTICS
SKIT/2023/CSE/0151,CSE,7,7.66,69.2,86.4,76.9,64.7,99.0,82.3,70.5,"ai_ml,cloud_devops","[{""name"": ""python"", ""level"": ""advanced""}, {""name"": ""scikit_learn"", ""level"": ""intermediate""}, {""name"": ""pytorch"", ""level"": ""intermediate""}, {""name"": ""tensorflow"", ""level"": ""intermediate""}, {""name"": ""docker"", ""level"": ""beginner""}]",1,0,AI_ML_ENGINEERING
SKIT/2023/CSE/0148,Information Technology,6,6.77,64.9,72.2,73.3,63.7,74.9,61.6,64.8,"ai_ml,cloud_devops","[{""name"": ""python"", ""level"": ""advanced""}, {""name"": ""pytorch"", ""level"": ""intermediate""}, {""name"": ""sql"", ""level"": ""intermediate""}, {""name"": ""fastapi"", ""level"": ""beginner""}, {""name"": ""git"", ""level"": ""intermediate""}, {""name"": ""linux"", ""level"": ""intermediate""}]",1,1,AI_ML_ENGINEERING
SKIT/2023/CSE/0458,Information Technology,6,7.67,75.4,81.1,67.2,69.9,69.1,86.2,82.0,cloud_devops,"[{""name"": ""docker"", ""level"": ""advanced""}, {""name"": ""linux"", ""level"": ""advanced""}, {""name"": ""aws"", ""level"": ""intermediate""}, {""name"": ""kubernetes"", ""level"": ""intermediate""}, {""name"": ""git"", ""level"": ""advanced""}, {""name"": ""python"", ""level"": ""beginner""}]",2,0,CLOUD_DEVOPS
SKIT/2023/CSE/0212,CSE (AI/ML),7,6.43,64.1,74.3,73.7,64.6,84.9,56.3,68.2,"ai_ml,cloud_devops","[{""name"": ""python"", ""level"": ""advanced""}, {""name"": ""scikit_learn"", ""level"": ""intermediate""}, {""name"": ""pytorch"", ""level"": ""intermediate""}, {""name"": ""sql"", ""level"": ""intermediate""}, {""name"": ""fastapi"", ""level"": ""beginner""}, {""name"": ""git"", ""level"": ""beginner""}, {""name"": ""linux"", ""level"": ""beginner""}]",1,0,AI_ML_ENGINEERING
SKIT/2023/CSE/0350,CSE (IoT),6,8.73,85.2,92.2,93.9,99.0,70.5,83.4,93.3,"iot_embedded,cybersecurity","[{""name"": ""cpp"", ""level"": ""advanced""}, {""name"": ""esp32"", ""level"": ""intermediate""}, {""name"": ""arduino"", ""level"": ""advanced""}, {""name"": ""mqtt"", ""level"": ""intermediate""}, {""name"": ""influxdb"", ""level"": ""intermediate""}, {""name"": ""linux"", ""level"": ""intermediate""}, {""name"": ""raspberry_pi"", ""level"": ""beginner""}]",0,1,IOT_EMBEDDED_SYSTEMS
SKIT/2023/CSE/0110,Information Technology,7,7.72,96.0,90.4,85.4,74.7,77.3,70.1,74.2,web_development,"[{""name"": ""javascript"", ""level"": ""advanced""}, {""name"": ""react"", ""level"": ""intermediate""}, {""name"": ""html_css"", ""level"": ""advanced""}, {""name"": ""nodejs"", ""level"": ""intermediate""}, {""name"": ""mongodb"", ""level"": ""intermediate""}, {""name"": ""git"", ""level"": ""intermediate""}, {""name"": ""docker"", ""level"": ""beginner""}]",1,2,MERN_FULL_STACK
SKIT/2023/CSE/0424,CSE,6,8.78,80.7,76.8,93.1,99.0,96.4,77.4,98.9,"iot_embedded,cloud_devops","[{""name"": ""esp32"", ""level"": ""intermediate""}, {""name"": ""arduino"", ""level"": ""advanced""}, {""name"": ""mqtt"", ""level"": ""intermediate""}, {""name"": ""linux"", ""level"": ""intermediate""}, {""name"": ""raspberry_pi"", ""level"": ""intermediate""}]",3,1,IOT_EMBEDDED_SYSTEMS
SKIT/2023/CSE/0015,Information Technology,5,6.57,76.5,76.8,67.2,68.4,65.1,76.1,62.9,"web_development,cloud_devops","[{""name"": ""javascript"", ""level"": ""advanced""}, {""name"": ""react"", ""level"": ""intermediate""}, {""name"": ""html_css"", ""level"": ""advanced""}, {""name"": ""nodejs"", ""level"": ""intermediate""}, {""name"": ""mongodb"", ""level"": ""intermediate""}, {""name"": ""git"", ""level"": ""beginner""}]",2,0,MERN_FULL_STACK
SKIT/2023/CSE/0713,CSE,7,7.67,92.6,74.4,79.9,73.7,78.6,75.6,74.4,mobile_dev,"[{""name"": ""flutter"", ""level"": ""advanced""}, {""name"": ""java"", ""level"": ""intermediate""}, {""name"": ""git"", ""level"": ""intermediate""}, {""name"": ""react"", ""level"": ""intermediate""}]",3,2,MOBILE_APP_DEV
SKIT/2023/CSE/0850,Information Technology,6,6.82,78.8,82.4,61.7,60.6,72.5,68.9,66.4,"data_analytics,web_development","[{""name"": ""python"", ""level"": ""advanced""}, {""name"": ""sql"", ""level"": ""advanced""}, {""name"": ""postgresql"", ""level"": ""intermediate""}, {""name"": ""mysql"", ""level"": ""intermediate""}, {""name"": ""scikit_learn"", ""level"": ""beginner""}, {""name"": ""mongodb"", ""level"": ""beginner""}]",2,0,DATA_ANALYTICS
